scenario,policy,seed,value_delivered,value_ideal,value_score_pct,items_generated,completion_rate_pct,delivered_pct,discarded_onboard_pct,dropped_pct,overflow_pct,expired_pct,backlog_pct,processed_onboard_pct,sent_raw_pct,energy_proc_wh,energy_radio_wh,energy_total_wh,wh_per_value,min_soc_pct,time_below_reserve_pct,spilled_solar_wh,stalled_job_steps,latency_mean_min,latency_p95_min,alert_latency_mean_min,alerts_delivered_pct,gpu_util_pct,cpu_util_pct,downlink_util_pct,storage_mean_pct,storage_peak_pct
downlink_starved,full_engine,0,1275.6737823420592,3579.297223341972,35.64034230023985,785.0,72.48407643312102,57.32484076433121,15.159235668789808,23.56687898089172,0.0,0.0,3.949044585987261,43.439490445859875,30.191082802547772,254.15972222222226,11.358416997210993,265.51813921943324,0.2081395282201051,68.99771406502524,0.0,111.73186078055372,0.0,238.22258151518497,689.0390132020171,159.0578235991634,56.09756097560975,30.0,0.44994212962962965,100.0,14.309576151552115,26.483160147657298
downlink_starved,full_engine,1,1069.0770235059986,3356.8328431294253,31.847788479969285,819.0,63.73626373626374,48.96214896214896,14.774114774114775,23.80952380952381,0.0,0.0,12.454212454212454,35.8974358974359,33.82173382173382,231.48611111111111,9.190332419123116,240.67644353023422,0.22512544768846002,77.395833333333,0.0,143.0527231364185,0.0,196.4693787495788,521.1238747747356,129.23778919499688,57.89473684210526,27.395833333333332,0.2835648148148148,100.0,12.072503406835766,23.335473957224572
downlink_starved,full_engine,2,1013.0308743030105,2808.7517126447547,36.066942825257,777.0,62.41956241956242,47.87644787644788,14.543114543114543,30.244530244530246,0.0,0.0,7.335907335907336,39.25353925353925,25.61132561132561,219.28472222222223,10.507718024440347,229.79244024666258,0.226836561526089,76.30208333333303,0.0,146.30478197554646,0.0,265.2062109182445,798.6347345060107,145.95023958054875,50.0,25.868055555555557,0.4152199074074074,96.97157327522682,11.645148357262162,18.891534682713733
downlink_starved,full_engine,3,934.5121509188612,3209.800702888139,29.11433566819269,790.0,56.075949367088604,40.25316455696203,15.822784810126583,27.468354430379748,0.0,0.0,16.455696202531644,42.91139240506329,21.0126582278481,236.04861111111114,9.322915428051157,245.3715265391623,0.2625664377909909,76.2326388888886,0.0,141.10069568304615,0.0,258.29728067949105,780.5639994420511,74.63913025165043,37.5,27.8125,0.5049189814814815,97.53616888467214,11.19631694753652,20.642247548158945
downlink_starved,full_engine,4,1040.88364408825,2788.446653689506,37.32844028810862,786.0,68.06615776081425,53.05343511450382,15.012722646310433,22.391857506361323,0.0,0.0,9.541984732824428,32.31552162849873,39.44020356234097,211.12500000000003,11.069425006146997,222.19442500614701,0.21346711159130147,78.47222222222048,0.0,153.88890832717252,0.0,184.93281829267903,457.8911646026237,131.33344690876123,65.38461538461539,25.03472222222222,0.1736111111111111,100.0,13.964696370236117,25.157015912250202
downlink_starved,full_engine,5,1215.8799046331299,3515.953893543496,34.58179320456689,836.0,63.995215311004785,50.0,13.995215311004785,24.401913875598087,0.0,0.0,11.602870813397129,41.6267942583732,27.870813397129186,287.0972222222223,10.151610096521775,297.24883231874406,0.24447219761266933,70.37326388888735,0.0,81.77200101457619,0.0,188.77996134876705,435.0491255470134,124.6268158943223,53.333333333333336,33.958333333333336,0.38483796296296297,100.0,13.791019968322901,25.310561513739394
downlink_starved,full_engine,6,1167.3957620360109,3464.411566669866,33.69679784201158,772.0,63.082901554404145,47.020725388601036,16.06217616580311,16.83937823834197,0.0,0.0,20.077720207253886,43.652849740932645,26.295336787564768,266.60416666666674,10.060232965254063,276.6643996319208,0.23699280794835237,75.05769979657825,0.0,108.58004481250977,0.0,212.40545128107513,614.5248452356564,114.83582401108426,50.0,31.52777777777778,0.3689236111111111,96.61597933330354,12.428319628634618,22.098472987819534
downlink_starved,full_engine,7,1190.9351771169352,2915.7612400654057,40.84474272969691,766.0,74.41253263707571,57.31070496083551,17.10182767624021,16.318537859007833,0.0,0.0,9.26892950391645,41.90600522193211,33.942558746736296,217.30555555555557,11.153353795177178,228.45890935073274,0.19183152344512608,69.59829985824975,0.0,152.2910906492546,0.0,239.71481174082314,687.2554863466178,99.92960657657142,59.25925925925926,25.625,0.42824074074074076,100.0,13.58084248335554,25.085126251742377
downlink_starved,full_engine,8,978.6569161371045,2803.0844755878065,34.91357198330173,754.0,64.72148541114058,47.3474801061008,17.374005305039788,19.76127320954907,0.0,0.0,15.517241379310345,36.47214854111406,32.09549071618037,219.70833333333337,10.254450920230417,229.9627842535638,0.2349779380921958,78.92447574133462,0.0,149.66221574642233,0.0,207.18983761011714,638.1857479699564,55.14998249661869,46.42857142857143,26.006944444444443,0.2604166666666667,95.65336400733958,11.568167209900492,21.59000293955505
downlink_starved,full_engine,9,1027.5160259580878,2645.736361691224,38.836674766085636,748.0,75.93582887700535,61.096256684491976,14.83957219251337,15.775401069518717,0.0,0.0,8.288770053475936,35.82887700534759,41.44385026737968,190.59027777777783,11.566277878444552,202.1565556562224,0.19674297096020996,75.69614197213596,0.0,173.9545554548754,0.0,221.7044349667316,578.6916848247712,156.62757735039455,65.38461538461539,22.5,0.33130787037037035,100.0,13.397276017440664,22.12025579591787
downlink_starved,full_engine,10,1129.8725594973835,3262.6290357493676,34.63073941649857,775.0,60.645161290322584,45.806451612903224,14.838709677419354,24.64516129032258,0.0,0.0,14.709677419354838,37.03225806451613,29.93548387096774,256.8680555555556,12.063836741028965,268.9318922965846,0.23801966871044042,72.73437499999837,0.0,112.40144103673545,0.0,172.38214688487218,485.8262018182318,116.63287632997063,53.57142857142857,30.45138888888889,0.22424768518518517,98.99292727746167,14.343128257487448,30.092535076789886
downlink_starved,full_engine,11,922.0424468595367,2961.8432516143666,31.13069695220951,776.0,60.95360824742268,45.618556701030926,15.335051546391753,26.675257731958762,0.0,0.0,12.371134020618557,50.25773195876289,16.237113402061855,256.2222222222223,9.989161275358288,266.2113834975806,0.2887192280618888,76.44965277777617,0.0,113.1358387246275,0.0,319.47691848635765,917.0406602253497,123.49399598076089,28.571428571428573,30.104166666666668,0.6973379629629629,99.87720401007576,12.852659807304867,22.130724026840102
downlink_starved,full_engine,12,832.3686376786017,2826.4514109491574,29.44924630418755,739.0,61.84032476319351,43.978349120433016,17.861975642760488,16.508795669824085,0.0,0.0,21.650879566982407,40.8660351826793,29.22868741542625,217.26388888888889,9.501693523658801,226.7655824125477,0.27243407806062436,80.39583333333333,0.0,152.9080286985496,0.0,199.86441120567437,604.487619770602,142.14469694663546,48.148148148148145,25.65972222222222,0.3587962962962963,94.85985368912193,11.514099424654447,21.403586016812806
downlink_starved,full_engine,13,1230.5615125297081,3096.7460950354466,39.73724273044163,812.0,72.16748768472907,58.004926108374384,14.16256157635468,20.935960591133004,0.0,0.0,6.896551724137931,38.793103448275865,34.11330049261084,248.6041666666667,9.932994825618282,258.537161492285,0.21009690199135284,72.87572489091335,0.0,121.08783850770172,0.0,219.61089275146404,622.558572681382,147.97858863160235,78.57142857142857,29.375,0.3862847222222222,94.59205801450781,13.201188074140958,23.362640930291082
downlink_starved,full_engine,14,1139.77715952128,3023.3751362560574,37.698833527244744,748.0,72.72727272727273,57.0855614973262,15.641711229946525,18.449197860962567,0.0,0.0,8.823529411764707,39.57219251336898,37.16577540106952,257.45833333333337,11.510440142923875,268.96877347625724,0.23598364928564397,77.37847222222187,0.0,106.23955985706183,0.0,189.28121510710855,432.61191578518105,135.27214039084163,72.72727272727273,30.48611111111111,0.2864583333333333,100.0,13.884039151283897,22.876804665987596
downlink_starved,full_engine,15,681.5284829820663,2342.6333759005556,29.09240899549948,777.0,64.73616473616474,47.747747747747745,16.98841698841699,18.91891891891892,0.0,0.0,16.344916344916346,32.818532818532816,39.63963963963964,209.7777777777778,10.983064541723472,220.76084231950128,0.32392019971571806,76.64930555555524,0.0,158.8224910138184,0.0,166.43517997367968,354.8095192876814,145.41248420845238,56.25,24.86111111111111,0.19675925925925927,100.0,13.296935941431869,26.637550075234643
downlink_starved,full_engine,16,842.699339253577,2912.899699954481,28.929912666294197,769.0,63.32899869960988,47.20416124837451,16.124837451235372,11.703511053315994,0.0,0.0,24.96749024707412,36.28088426527958,35.37061118335501,205.52083333333337,11.123620649295546,216.64445398262893,0.2570839252995289,78.67680595843987,0.0,163.42499046180194,0.0,162.37388954166966,334.97938180996096,144.6895767561492,53.125,24.305555555555557,0.2821180555555556,99.64957376633852,13.94529757096871,23.443892677145083
downlink_starved,full_engine,17,1036.621665888152,3108.7146783383114,33.34566768418429,782.0,69.18158567774935,52.55754475703325,16.624040920716112,12.148337595907929,0.0,0.0,18.67007672634271,38.107416879795394,36.44501278772378,236.20833333333337,9.624892260946565,245.83322559427992,0.23714845414084226,78.07073959508271,0.0,137.36121885015052,0.0,174.2116919257481,414.6795150746733,164.6195137773246,70.96774193548387,27.95138888888889,0.2951388888888889,97.55855811089779,12.272334712589856,21.10670964206014
downlink_starved,full_engine,18,1218.227047191171,3142.103176284946,38.77107080333171,823.0,68.89428918590522,54.434993924665854,14.459295261239369,17.98298906439854,0.0,0.0,13.122721749696233,39.85419198055893,32.56379100850547,219.10416666666669,10.47391855428901,229.5780852209557,0.18845262527234713,80.39583333333333,0.0,148.2969147790304,0.0,209.8131963474991,661.925675695581,104.49111739034662,71.875,25.833333333333332,0.4383680555555556,98.8121918028487,11.933263356389268,21.397491312457213
downlink_starved,full_engine,19,1157.3672070739956,3206.213143282686,36.09763778489859,811.0,68.6806411837238,52.28113440197287,16.399506781750926,24.167694204685574,0.0,0.0,7.151664611590629,39.08754623921085,32.059186189889026,261.9861111111111,10.622270027801257,272.60838113891236,0.23554182239888133,76.60763888888856,0.0,104.93328552774034,0.0,244.39605611009034,752.6175289043827,106.69505270272965,58.064516129032256,31.041666666666668,0.25752314814814814,99.09495832341725,12.990773211481978,21.437482405895114
downlink_starved,no_battery_guard,0,1275.6737823420592,3579.297223341972,35.64034230023985,785.0,72.48407643312102,57.32484076433121,15.159235668789808,23.56687898089172,0.0,0.0,3.949044585987261,43.439490445859875,30.191082802547772,254.15972222222226,11.358416997210993,265.51813921943324,0.2081395282201051,68.99771406502524,0.0,111.73186078055372,0.0,238.22258151518497,689.0390132020171,159.0578235991634,56.09756097560975,30.0,0.44994212962962965,100.0,14.309576151552115,26.483160147657298
downlink_starved,no_battery_guard,1,1069.0770235059986,3356.8328431294253,31.847788479969285,819.0,63.73626373626374,48.96214896214896,14.774114774114775,23.80952380952381,0.0,0.0,12.454212454212454,35.8974358974359,33.82173382173382,231.48611111111111,9.190332419123116,240.67644353023422,0.22512544768846002,77.395833333333,0.0,143.0527231364185,0.0,196.4693787495788,521.1238747747356,129.23778919499688,57.89473684210526,27.395833333333332,0.2835648148148148,100.0,12.072503406835766,23.335473957224572
downlink_starved,no_battery_guard,2,1013.0308743030105,2808.7517126447547,36.066942825257,777.0,62.41956241956242,47.87644787644788,14.543114543114543,30.244530244530246,0.0,0.0,7.335907335907336,39.25353925353925,25.61132561132561,219.28472222222223,10.507718024440347,229.79244024666258,0.226836561526089,76.30208333333303,0.0,146.30478197554646,0.0,265.2062109182445,798.6347345060107,145.95023958054875,50.0,25.868055555555557,0.4152199074074074,96.97157327522682,11.645148357262162,18.891534682713733
downlink_starved,no_battery_guard,3,934.5121509188612,3209.800702888139,29.11433566819269,790.0,56.075949367088604,40.25316455696203,15.822784810126583,27.468354430379748,0.0,0.0,16.455696202531644,42.91139240506329,21.0126582278481,236.04861111111114,9.322915428051157,245.3715265391623,0.2625664377909909,76.2326388888886,0.0,141.10069568304615,0.0,258.29728067949105,780.5639994420511,74.63913025165043,37.5,27.8125,0.5049189814814815,97.53616888467214,11.19631694753652,20.642247548158945
downlink_starved,no_battery_guard,4,1040.88364408825,2788.446653689506,37.32844028810862,786.0,68.06615776081425,53.05343511450382,15.012722646310433,22.391857506361323,0.0,0.0,9.541984732824428,32.31552162849873,39.44020356234097,211.12500000000003,11.069425006146997,222.19442500614701,0.21346711159130147,78.47222222222048,0.0,153.88890832717252,0.0,184.93281829267903,457.8911646026237,131.33344690876123,65.38461538461539,25.03472222222222,0.1736111111111111,100.0,13.964696370236117,25.157015912250202
downlink_starved,no_battery_guard,5,1215.8799046331299,3515.953893543496,34.58179320456689,836.0,63.995215311004785,50.0,13.995215311004785,24.401913875598087,0.0,0.0,11.602870813397129,41.6267942583732,27.870813397129186,287.0972222222223,10.151610096521775,297.24883231874406,0.24447219761266933,70.37326388888735,0.0,81.77200101457619,0.0,188.77996134876705,435.0491255470134,124.6268158943223,53.333333333333336,33.958333333333336,0.38483796296296297,100.0,13.791019968322901,25.310561513739394
downlink_starved,no_battery_guard,6,1167.3957620360109,3464.411566669866,33.69679784201158,772.0,63.082901554404145,47.020725388601036,16.06217616580311,16.83937823834197,0.0,0.0,20.077720207253886,43.652849740932645,26.295336787564768,266.60416666666674,10.060232965254063,276.6643996319208,0.23699280794835237,75.05769979657825,0.0,108.58004481250977,0.0,212.40545128107513,614.5248452356564,114.83582401108426,50.0,31.52777777777778,0.3689236111111111,96.61597933330354,12.428319628634618,22.098472987819534
downlink_starved,no_battery_guard,7,1190.9351771169352,2915.7612400654057,40.84474272969691,766.0,74.41253263707571,57.31070496083551,17.10182767624021,16.318537859007833,0.0,0.0,9.26892950391645,41.90600522193211,33.942558746736296,217.30555555555557,11.153353795177178,228.45890935073274,0.19183152344512608,69.59829985824975,0.0,152.2910906492546,0.0,239.71481174082314,687.2554863466178,99.92960657657142,59.25925925925926,25.625,0.42824074074074076,100.0,13.58084248335554,25.085126251742377
downlink_starved,no_battery_guard,8,978.6569161371045,2803.0844755878065,34.91357198330173,754.0,64.72148541114058,47.3474801061008,17.374005305039788,19.76127320954907,0.0,0.0,15.517241379310345,36.47214854111406,32.09549071618037,219.70833333333337,10.254450920230417,229.9627842535638,0.2349779380921958,78.92447574133462,0.0,149.66221574642233,0.0,207.18983761011714,638.1857479699564,55.14998249661869,46.42857142857143,26.006944444444443,0.2604166666666667,95.65336400733958,11.568167209900492,21.59000293955505
downlink_starved,no_battery_guard,9,1027.5160259580878,2645.736361691224,38.836674766085636,748.0,75.93582887700535,61.096256684491976,14.83957219251337,15.775401069518717,0.0,0.0,8.288770053475936,35.82887700534759,41.44385026737968,190.59027777777783,11.566277878444552,202.1565556562224,0.19674297096020996,75.69614197213596,0.0,173.9545554548754,0.0,221.7044349667316,578.6916848247712,156.62757735039455,65.38461538461539,22.5,0.33130787037037035,100.0,13.397276017440664,22.12025579591787
downlink_starved,no_battery_guard,10,1129.8725594973835,3262.6290357493676,34.63073941649857,775.0,60.645161290322584,45.806451612903224,14.838709677419354,24.64516129032258,0.0,0.0,14.709677419354838,37.03225806451613,29.93548387096774,256.8680555555556,12.063836741028965,268.9318922965846,0.23801966871044042,72.73437499999837,0.0,112.40144103673545,0.0,172.38214688487218,485.8262018182318,116.63287632997063,53.57142857142857,30.45138888888889,0.22424768518518517,98.99292727746167,14.343128257487448,30.092535076789886
downlink_starved,no_battery_guard,11,922.0424468595367,2961.8432516143666,31.13069695220951,776.0,60.95360824742268,45.618556701030926,15.335051546391753,26.675257731958762,0.0,0.0,12.371134020618557,50.25773195876289,16.237113402061855,256.2222222222223,9.989161275358288,266.2113834975806,0.2887192280618888,76.44965277777617,0.0,113.1358387246275,0.0,319.47691848635765,917.0406602253497,123.49399598076089,28.571428571428573,30.104166666666668,0.6973379629629629,99.87720401007576,12.852659807304867,22.130724026840102
downlink_starved,no_battery_guard,12,832.3686376786017,2826.4514109491574,29.44924630418755,739.0,61.84032476319351,43.978349120433016,17.861975642760488,16.508795669824085,0.0,0.0,21.650879566982407,40.8660351826793,29.22868741542625,217.26388888888889,9.501693523658801,226.7655824125477,0.27243407806062436,80.39583333333333,0.0,152.9080286985496,0.0,199.86441120567437,604.487619770602,142.14469694663546,48.148148148148145,25.65972222222222,0.3587962962962963,94.85985368912193,11.514099424654447,21.403586016812806
downlink_starved,no_battery_guard,13,1230.5615125297081,3096.7460950354466,39.73724273044163,812.0,72.16748768472907,58.004926108374384,14.16256157635468,20.935960591133004,0.0,0.0,6.896551724137931,38.793103448275865,34.11330049261084,248.6041666666667,9.932994825618282,258.537161492285,0.21009690199135284,72.87572489091335,0.0,121.08783850770172,0.0,219.61089275146404,622.558572681382,147.97858863160235,78.57142857142857,29.375,0.3862847222222222,94.59205801450781,13.201188074140958,23.362640930291082
downlink_starved,no_battery_guard,14,1139.77715952128,3023.3751362560574,37.698833527244744,748.0,72.72727272727273,57.0855614973262,15.641711229946525,18.449197860962567,0.0,0.0,8.823529411764707,39.57219251336898,37.16577540106952,257.45833333333337,11.510440142923875,268.96877347625724,0.23598364928564397,77.37847222222187,0.0,106.23955985706183,0.0,189.28121510710855,432.61191578518105,135.27214039084163,72.72727272727273,30.48611111111111,0.2864583333333333,100.0,13.884039151283897,22.876804665987596
downlink_starved,no_battery_guard,15,681.5284829820663,2342.6333759005556,29.09240899549948,777.0,64.73616473616474,47.747747747747745,16.98841698841699,18.91891891891892,0.0,0.0,16.344916344916346,32.818532818532816,39.63963963963964,209.7777777777778,10.983064541723472,220.76084231950128,0.32392019971571806,76.64930555555524,0.0,158.8224910138184,0.0,166.43517997367968,354.8095192876814,145.41248420845238,56.25,24.86111111111111,0.19675925925925927,100.0,13.296935941431869,26.637550075234643
downlink_starved,no_battery_guard,16,842.699339253577,2912.899699954481,28.929912666294197,769.0,63.32899869960988,47.20416124837451,16.124837451235372,11.703511053315994,0.0,0.0,24.96749024707412,36.28088426527958,35.37061118335501,205.52083333333337,11.123620649295546,216.64445398262893,0.2570839252995289,78.67680595843987,0.0,163.42499046180194,0.0,162.37388954166966,334.97938180996096,144.6895767561492,53.125,24.305555555555557,0.2821180555555556,99.64957376633852,13.94529757096871,23.443892677145083
downlink_starved,no_battery_guard,17,1036.621665888152,3108.7146783383114,33.34566768418429,782.0,69.18158567774935,52.55754475703325,16.624040920716112,12.148337595907929,0.0,0.0,18.67007672634271,38.107416879795394,36.44501278772378,236.20833333333337,9.624892260946565,245.83322559427992,0.23714845414084226,78.07073959508271,0.0,137.36121885015052,0.0,174.2116919257481,414.6795150746733,164.6195137773246,70.96774193548387,27.95138888888889,0.2951388888888889,97.55855811089779,12.272334712589856,21.10670964206014
downlink_starved,no_battery_guard,18,1218.227047191171,3142.103176284946,38.77107080333171,823.0,68.89428918590522,54.434993924665854,14.459295261239369,17.98298906439854,0.0,0.0,13.122721749696233,39.85419198055893,32.56379100850547,219.10416666666669,10.47391855428901,229.5780852209557,0.18845262527234713,80.39583333333333,0.0,148.2969147790304,0.0,209.8131963474991,661.925675695581,104.49111739034662,71.875,25.833333333333332,0.4383680555555556,98.8121918028487,11.933263356389268,21.397491312457213
downlink_starved,no_battery_guard,19,1157.3672070739956,3206.213143282686,36.09763778489859,811.0,68.6806411837238,52.28113440197287,16.399506781750926,24.167694204685574,0.0,0.0,7.151664611590629,39.08754623921085,32.059186189889026,261.9861111111111,10.622270027801257,272.60838113891236,0.23554182239888133,76.60763888888856,0.0,104.93328552774034,0.0,244.39605611009034,752.6175289043827,106.69505270272965,58.064516129032256,31.041666666666668,0.25752314814814814,99.09495832341725,12.990773211481978,21.437482405895114
downlink_starved,no_prices,0,1274.494953991719,3579.297223341972,35.60740766875263,785.0,71.59235668789809,56.560509554140125,15.031847133757962,24.45859872611465,0.0,0.0,3.949044585987261,39.23566878980892,33.63057324840764,254.32638888888894,11.358416997210993,265.6848058860999,0.20846281505781952,68.97514462057941,0.0,113.31519411388707,0.0,243.17644047995603,695.7761740940547,159.0578235991634,56.09756097560975,30.104166666666668,0.3023726851851852,100.0,14.623773527131224,25.573675268818384
downlink_starved,no_prices,1,1056.5465887023681,3356.8328431294253,31.474507015291145,819.0,62.75946275946276,47.985347985347985,14.774114774114775,24.664224664224665,0.0,0.0,12.576312576312576,32.967032967032964,34.676434676434674,229.27777777777777,9.190332419123116,238.46811019690088,0.2257052483504615,77.76041666666632,0.0,144.9068898030851,0.0,196.1837520414162,531.950113312122,129.23778919499688,57.89473684210526,27.1875,0.1880787037037037,100.0,11.807726818500003,25.877294438796003
downlink_starved,no_prices,2,1001.156665994905,2808.7517126447547,35.64418533285748,777.0,61.13256113256113,46.975546975546976,14.157014157014157,30.501930501930502,0.0,0.0,8.365508365508365,35.26383526383526,29.343629343629345,219.49305555555557,10.204334432262005,229.6973899878176,0.22943201377933645,77.395833333333,0.0,148.73316556772477,0.0,269.1131610528972,810.265138864517,145.95023958054875,50.0,25.97222222222222,0.27633101851851855,94.17176610767672,12.294521128454624,21.42532719118129
downlink_starved,no_prices,3,924.7747454200315,3209.800702888139,28.810970867690653,790.0,55.18987341772152,39.87341772151899,15.316455696202532,27.59493670886076,0.0,0.0,17.21518987341772,38.10126582278481,24.556962025316455,236.69444444444446,9.322915428051157,246.0173598724956,0.26602949647025104,72.95138888888867,0.0,142.0798623497128,0.0,265.4771480675601,811.772834235305,74.63913025165043,37.5,27.98611111111111,0.33564814814814814,97.53616888467214,11.210648852501912,21.876087878048622
downlink_starved,no_prices,4,1037.0868419773758,2788.446653689506,37.1922783821295,786.0,67.81170483460559,53.05343511450382,14.758269720101781,22.391857506361323,0.0,0.0,9.79643765903308,31.170483460559797,39.82188295165395,201.68750000000003,11.069425006146997,212.75692500614701,0.20514861089211306,80.39583333333333,0.0,163.32640832717257,0.0,186.58362624241607,461.2223976992526,131.33344690876123,65.38461538461539,23.92361111111111,0.1519097222222222,100.0,17.34832950272886,31.2290514016609
downlink_starved,no_prices,5,1216.0802172813412,3515.953893543496,34.58749045357175,836.0,63.63636363636363,49.880382775119614,13.75598086124402,24.760765550239235,0.0,0.0,11.602870813397129,37.79904306220096,30.741626794258373,287.28472222222223,10.151610096521775,297.436332318744,0.2445861120771212,74.14930555555391,0.0,83.02200101457527,0.0,196.48504945001298,462.9150918341128,124.6268158943223,53.333333333333336,34.0625,0.2416087962962963,100.0,14.014928046313328,25.80265946786083
downlink_starved,no_prices,6,1124.2855880355635,3464.411566669866,32.45242565438819,772.0,62.69430051813472,46.76165803108808,15.932642487046632,16.70984455958549,0.0,0.0,20.59585492227979,38.86010362694301,30.699481865284973,265.8541666666667,10.339450635691636,276.19361730235835,0.2456614406886996,78.27256944444277,0.0,109.1049938087397,0.0,221.09052126719925,632.5468026707388,114.83582401108426,50.0,31.52777777777778,0.2126736111111111,99.29751650740899,15.614247597555448,28.46455359822805
downlink_starved,no_prices,7,1168.0576051802238,2915.7612400654057,40.06012526437255,766.0,74.02088772845953,57.44125326370757,16.57963446475196,16.449086161879894,0.0,0.0,9.530026109660575,37.33681462140992,38.38120104438642,216.3263888888889,11.153353795177178,227.47974268406608,0.19475044867240723,75.67121652491622,0.0,152.3952573159209,0.0,250.61797599676714,734.1271979170172,99.92960657657142,59.25925925925926,25.59027777777778,0.28501157407407407,100.0,16.25571520521769,32.98224905894808
downlink_starved,no_prices,8,978.4154273025888,2803.0844755878065,34.90495687246155,754.0,64.58885941644563,47.3474801061008,17.24137931034483,19.893899204244033,0.0,0.0,15.517241379310345,34.88063660477454,33.42175066312998,219.20833333333334,10.608772894318665,229.817106227652,0.23488704267597144,78.81944444444409,0.0,150.682893772334,0.0,208.90419244137064,647.015677318824,55.14998249661869,46.42857142857143,25.97222222222222,0.2170138888888889,98.9584740543728,11.199360081380123,19.90723484222763
downlink_starved,no_prices,9,1021.1659819664718,2645.736361691224,38.596664306859196,748.0,75.1336898395722,60.42780748663102,14.705882352941176,16.577540106951872,0.0,0.0,8.288770053475936,31.149732620320854,45.45454545454545,189.86111111111111,11.566277878444552,201.42738898955565,0.1972523493209835,79.25389222200597,0.0,175.55872212154182,0.0,227.79220174524477,606.0512803635409,156.62757735039455,65.38461538461539,22.5,0.17939814814814814,100.0,14.430718598594016,25.050370639572325
downlink_starved,no_prices,10,1119.3026997336906,3262.6290357493676,34.306771853901765,775.0,60.645161290322584,45.935483870967744,14.709677419354838,24.64516129032258,0.0,0.0,14.709677419354838,34.83870967741935,31.612903225806452,256.2638888888889,12.00892855861222,268.27281744750115,0.23967852262960662,72.03124999999838,0.0,110.7271825524853,0.0,175.73890447767968,497.267090867611,116.63287632997063,53.57142857142857,30.416666666666668,0.15914351851851852,98.54236400927415,19.76349251253793,38.86259157342087
downlink_starved,no_prices,11,867.5670408320465,2961.8432516143666,29.291456945237563,776.0,58.76288659793814,44.45876288659794,14.304123711340207,26.932989690721648,0.0,0.0,14.304123711340207,39.43298969072165,26.932989690721648,255.93055555555554,10.001442645861982,265.9319982014175,0.30652616533976845,71.29340277777644,0.0,113.99855735412463,0.0,339.8072931874168,1010.2388759774084,123.49399598076089,28.571428571428573,30.27777777777778,0.33275462962962965,100.0,19.028145755665104,31.392504440557975
downlink_starved,no_prices,12,825.2874556216991,2826.4514109491574,29.198713709518795,739.0,61.70500676589987,43.978349120433016,17.726657645466847,16.508795669824085,0.0,0.0,21.786197564276048,38.29499323410013,30.581867388362653,219.2013888888889,9.646438476132545,228.84782736502146,0.27729468781592903,77.942708333333,0.0,154.1174504127426,0.0,205.17287883592545,619.8199028650549,142.14469694663546,48.148148148148145,25.9375,0.27633101851851855,96.30491029715819,11.65666837945517,23.781117189655166
downlink_starved,no_prices,13,1203.3335163946595,3096.7460950354466,38.85799737743387,812.0,71.79802955665025,58.004926108374384,13.793103448275861,20.935960591133004,0.0,0.0,7.266009852216749,34.11330049261084,38.669950738916256,246.70833333333337,10.50087611382219,257.20920944715556,0.21374723295149886,74.83936541062253,0.0,122.99912388616383,0.0,227.79119046271055,638.5575660292097,147.97858863160235,78.57142857142857,29.23611111111111,0.234375,100.0,17.33635759325329,37.200464622368465
downlink_starved,no_prices,14,1149.4247978652402,3023.3751362560574,38.01793512427339,748.0,73.1283422459893,57.62032085561497,15.508021390374331,18.048128342245988,0.0,0.0,8.823529411764707,35.6951871657754,40.90909090909091,253.6875,11.510440142923875,265.19794014292387,0.23072230617910852,79.20138888888852,0.0,110.01039319039477,0.0,195.23215180773354,438.444572858958,135.27214039084163,72.72727272727273,30.104166666666668,0.16927083333333334,100.0,14.70026932597279,23.925411214690584
downlink_starved,no_prices,15,680.1908250166961,2342.6333759005556,29.035308384745306,777.0,64.6074646074646,47.49034749034749,17.117117117117118,19.176319176319176,0.0,0.0,16.216216216216218,31.53153153153153,39.76833976833977,209.86111111111114,10.983064541723472,220.84417565283462,0.32467973329015976,74.09722222222197,0.0,159.03082434715185,0.0,167.31860757522244,356.37017833812746,145.41248420845238,56.25,24.895833333333332,0.15335648148148148,100.0,13.768823478760215,25.195031594831608
downlink_starved,no_prices,16,822.2514122025494,2912.899699954481,28.227934254495562,769.0,63.06892067620286,47.074122236671,15.99479843953186,11.703511053315994,0.0,0.0,25.227568270481143,35.110533159947984,36.15084525357607,203.62500000000003,11.16273781098007,214.7877378109801,0.261219056146869,78.6279095063342,0.0,164.42753996678402,0.0,162.07420924420853,337.3261449470357,144.6895767561492,53.125,24.09722222222222,0.2517361111111111,100.0,15.955170552287548,29.292317389814144
downlink_starved,no_prices,17,1031.4895238399372,3108.7146783383114,33.18057881051004,782.0,69.0537084398977,52.429667519181585,16.624040920716112,12.27621483375959,0.0,0.0,18.67007672634271,36.0613810741688,38.107416879795394,235.875,9.736448521874223,245.61144852187422,0.23811337182323852,79.02504426892312,0.0,136.12466258922268,0.0,178.37270447121642,419.6474751030963,164.6195137773246,70.96774193548387,27.95138888888889,0.22569444444444445,98.6892999071987,13.351231512692321,22.319492340628507
downlink_starved,no_prices,18,1201.0860804371946,3142.103176284946,38.225545535945585,823.0,67.67922235722965,53.70595382746051,13.973268529769138,18.1044957472661,0.0,0.0,14.216281895504252,34.75091130012151,37.18104495747266,211.29166666666669,10.599824134239125,221.8914908009058,0.18474237143780523,80.39583333333333,0.0,155.10850919908046,0.0,210.59689847667988,662.3343751506768,104.49094579695632,71.875,25.0,0.2690972222222222,100.0,17.086157403561824,27.36186696247393
downlink_starved,no_prices,19,1156.7319990183905,3206.213143282686,36.077825999866896,811.0,68.6806411837238,52.40443896424168,16.27620221948212,24.167694204685574,0.0,0.0,7.151664611590629,37.60789149198521,33.292231812577064,260.92361111111114,10.47971107517877,271.4033221862899,0.2346293890171659,76.64930555555524,0.0,103.22167781369622,0.0,247.18815749751465,752.2476800697725,106.69505270272965,58.064516129032256,30.9375,0.21846064814814814,97.76502852199235,12.516224207952998,21.746371931970458
downlink_starved,no_queue_pass,0,1221.2995746523616,3579.297223341972,34.121211468212195,785.0,72.99363057324841,57.5796178343949,15.414012738853502,23.05732484076433,0.0,0.0,3.949044585987261,43.94904458598726,30.445859872611464,251.5763888888889,11.358416997210993,262.9348058860999,0.21529099931189558,69.4872973983584,0.0,118.39852744721982,0.0,248.35807439324765,706.2790620380024,159.0578235991634,56.09756097560975,29.6875,0.4586226851851852,100.0,17.150424968746226,26.249272163492233
downlink_starved,no_queue_pass,1,1018.7055634701034,3356.8328431294253,30.347223441737114,819.0,63.36996336996337,48.47374847374847,14.896214896214897,23.80952380952381,0.0,0.0,12.820512820512821,37.24053724053724,32.967032967032964,231.71527777777777,9.190332419123116,240.90561019690088,0.23648207964653067,74.89583333333167,0.0,143.94855646975307,0.0,199.67457699461332,535.6524046396029,129.23778919499688,57.89473684210526,27.395833333333332,0.33130787037037035,100.0,13.625074640781627,22.712040815731097
downlink_starved,no_queue_pass,2,973.8544666814454,2808.7517126447547,34.67214500652506,777.0,63.32046332046332,48.39124839124839,14.929214929214929,29.086229086229086,0.0,0.0,7.5933075933075935,39.76833976833977,26.126126126126128,217.90972222222223,10.835874545024772,228.745596767247,0.23488683842744162,77.42858386409598,0.0,147.0599587882955,0.0,268.3699831352714,810.0807512948518,145.95023958054875,50.0,25.694444444444443,0.43258101851851855,100.0,14.495834732220091,21.797203485138738
downlink_starved,no_queue_pass,3,886.0946752898485,3209.800702888139,27.60590944143515,790.0,56.32911392405063,40.0,16.329113924050635,27.21518987341772,0.0,0.0,16.455696202531644,46.32911392405063,18.10126582278481,234.90277777777777,9.558418722673716,244.46119650045148,0.27588609131466263,75.8420138888886,0.0,142.2193590550903,0.0,265.5658955248998,792.5015977071956,74.63913025165043,37.5,27.604166666666668,0.6307870370370371,100.0,12.961793595466654,21.95525709955932
downlink_starved,no_queue_pass,4,1030.6034019190606,2788.446653689506,36.95976756648465,786.0,69.97455470737914,54.83460559796438,15.139949109414758,20.10178117048346,0.0,0.0,9.923664122137405,33.20610687022901,41.094147582697204,210.66666666666669,11.069425006146997,221.73609167281367,0.21515171719783235,77.74305555555382,0.0,153.47224166050597,0.0,190.40521788598917,458.64035025429985,131.33344690876123,65.38461538461539,24.96527777777778,0.1996527777777778,100.0,15.710060569148608,25.491688631981905
downlink_starved,no_queue_pass,5,1194.7436993984957,3515.953893543496,33.980641827882245,836.0,64.47368421052632,50.717703349282296,13.75598086124402,23.564593301435405,0.0,0.0,11.961722488038278,42.70334928229665,28.349282296650717,285.8263888888889,10.151610096521775,295.9779989854107,0.24773346713142194,70.34722222222068,0.0,82.20950101457574,0.0,192.02326249547056,447.38401587198496,124.6268158943223,53.333333333333336,33.78472222222222,0.42390046296296297,100.0,14.583957561223745,25.07854835656831
downlink_starved,no_queue_pass,6,1146.2433520148306,3464.411566669866,33.08623499131908,772.0,63.73056994818653,47.27979274611399,16.45077720207254,15.932642487046632,0.0,0.0,20.33678756476684,45.854922279792746,25.129533678756477,266.3125,10.412597413672646,276.72509741367264,0.24141915146312862,74.80902777777618,0.0,109.30268036409225,0.0,212.92518737845717,620.7487884629637,114.83582401108426,50.0,31.458333333333332,0.4296875,100.0,14.789341777534117,24.420054448932262
downlink_starved,no_queue_pass,7,1167.614042033279,2915.7612400654057,40.04491266257066,766.0,74.8041775456919,58.09399477806789,16.710182767624023,15.66579634464752,0.0,0.0,9.530026109660575,43.994778067885115,32.89817232375979,216.18055555555557,11.153353795177178,227.33390935073274,0.19469953355036246,74.75975819158295,0.0,151.97859064925427,0.0,245.75028278734706,720.7066432895507,99.92960657657142,59.25925925925926,25.45138888888889,0.4976851851851852,100.0,14.50964685702034,24.52820989614616
downlink_starved,no_queue_pass,8,967.9406621740371,2803.0844755878065,34.531269770992544,754.0,64.72148541114058,46.816976127320956,17.90450928381963,19.628647214854112,0.0,0.0,15.649867374005305,39.6551724137931,29.44297082228117,215.72916666666669,10.720428943245093,226.44959560991177,0.23394987364338643,76.63227979861733,0.0,152.61290439007485,0.0,206.69722044403812,642.3633949634711,55.14998249661869,46.42857142857143,25.48611111111111,0.3428819444444444,100.0,14.296497282774544,21.259168114249814
downlink_starved,no_queue_pass,9,1020.2734643401488,2645.736361691224,38.562930120821385,748.0,77.54010695187166,62.5668449197861,14.973262032085561,14.171122994652407,0.0,0.0,8.288770053475936,39.17112299465241,39.43850267379679,188.69444444444446,11.566277878444552,200.26072232288902,0.19628141799454282,77.51905863880258,0.0,175.85038878820876,0.0,224.11051937907217,572.1336657323833,156.62757735039455,65.38461538461539,22.22222222222222,0.4224537037037037,100.0,15.134497498451921,23.614014419395417
downlink_starved,no_queue_pass,10,1102.4552705948383,3262.6290357493676,33.790395981736985,775.0,60.774193548387096,46.193548387096776,14.580645161290322,24.129032258064516,0.0,0.0,15.096774193548388,39.483870967741936,28.516129032258064,255.8055555555556,12.186564305968972,267.99211986152454,0.2430866149489469,72.62152777777627,0.0,110.13288013846247,0.0,170.01853801030683,483.6498603939398,116.63287632997063,53.57142857142857,30.27777777777778,0.30671296296296297,100.00000000000001,15.794852758632555,28.52363117546928
downlink_starved,no_queue_pass,11,884.8916326893697,2961.8432516143666,29.87638296547447,776.0,61.46907216494845,45.876288659793815,15.592783505154639,25.9020618556701,0.0,0.0,12.628865979381443,51.28865979381443,16.108247422680414,256.0138888888889,10.001442645861982,266.0153315347509,0.3006191060099359,76.34548611110962,0.0,113.33189068745735,0.0,325.43555463012063,930.9734495756597,123.49399598076089,28.571428571428573,30.069444444444443,0.7146990740740741,100.0,16.17202095506261,25.657852139584712
downlink_starved,no_queue_pass,12,801.3555702204562,2826.4514109491574,28.35200234174028,739.0,61.84032476319351,43.978349120433016,17.861975642760488,16.102841677943168,0.0,0.0,22.056833558863328,42.2192151556157,28.95805142083897,214.59722222222223,10.016559328457419,224.61378155067965,0.28029228210005136,77.90798611110947,0.0,156.78899622708462,0.0,205.95746010585967,604.992388655703,142.14469694663546,48.148148148148145,25.3125,0.41087962962962965,100.0,14.103973609775267,23.906518367404125
downlink_starved,no_queue_pass,13,1204.4392083914754,3096.7460950354466,38.89370233879923,812.0,72.16748768472907,58.12807881773399,14.039408866995075,20.689655172413794,0.0,0.0,7.142857142857143,40.51724137931034,32.389162561576356,245.7291666666667,10.50087611382219,256.23004278048893,0.2127380452207989,72.87572489091335,0.0,123.3949572194973,0.0,223.49066202249136,631.9635523114788,147.97858863160235,78.57142857142857,28.993055555555557,0.4557291666666667,100.0,15.080917165320747,23.635659306237653
downlink_starved,no_queue_pass,14,1118.1793653053733,3023.3751362560574,36.98447314381406,748.0,73.66310160427807,57.88770053475936,15.775401069518717,17.245989304812834,0.0,0.0,9.090909090909092,41.844919786096256,36.36363636363637,258.0625,11.510440142923875,269.57294014292387,0.2410820200293214,77.03124999999967,0.0,107.09372652372838,0.0,191.52013712603517,435.45372192772976,135.27214039084163,72.72727272727273,30.520833333333332,0.3515625,100.0,15.499236948100144,23.333959545395416
downlink_starved,no_queue_pass,15,659.2040082028933,2342.6333759005556,28.13944405404375,777.0,65.50836550836551,48.262548262548265,17.245817245817246,18.01801801801802,0.0,0.0,16.473616473616474,35.26383526383526,39.38223938223938,208.9652777777778,10.983064541723472,219.94834231950128,0.3336574711053705,74.82638888888862,0.0,158.7599910138186,0.0,169.18777516879592,356.336864939479,145.41248420845238,56.25,24.72222222222222,0.27054398148148145,100.0,15.105481856398745,26.20526456424355
downlink_starved,no_queue_pass,16,838.4722151680113,2912.899699954481,28.784795273970946,769.0,63.45903771131339,47.46423927178154,15.99479843953186,11.443433029908972,0.0,0.0,25.097529258777634,38.751625487646294,34.980494148244475,204.97916666666669,11.16273781098007,216.14190447764676,0.25778064027361564,75.71124283966762,0.0,164.99003996678437,0.0,162.97392242927216,336.4032458546701,144.6895767561492,53.125,24.20138888888889,0.3515625,100.0,15.37731970687927,24.790000366569586
downlink_starved,no_queue_pass,17,1011.5548929546397,3108.7146783383114,32.53932887450907,782.0,70.46035805626599,53.83631713554987,16.624040920716112,10.485933503836318,0.0,0.0,19.053708439897697,41.30434782608695,36.18925831202046,236.41666666666669,9.865759034697556,246.28242570136425,0.24346916555561368,77.03124999999967,0.0,136.3495187430666,0.0,177.52771643669718,408.6606390476527,164.6195137773246,70.96774193548387,27.916666666666668,0.3993055555555556,100.0,13.681580237742619,21.469584357153902
downlink_starved,no_queue_pass,18,1154.9980863062278,3142.103176284946,36.75875747886278,823.0,68.04374240583232,53.58444714459295,14.459295261239369,17.739975698663425,0.0,0.0,14.216281895504252,40.09720534629405,33.171324422843256,217.08333333333334,10.599824134239125,227.68315746757247,0.19712860148168782,75.28645833333164,0.0,149.37934253241394,0.0,213.03257972219035,678.0118743017545,104.49094579695632,71.875,25.59027777777778,0.4427083333333333,100.0,14.615969697186397,21.50607564185824
downlink_starved,no_queue_pass,19,1123.8050540831482,3206.213143282686,35.05085294898825,811.0,69.17385943279902,52.527743526510484,16.646115906288532,23.551171393341555,0.0,0.0,7.274969173859433,41.55363748458693,30.33292231812577,259.1736111111111,10.71928401557347,269.89289512668455,0.2401598872919072,76.17066711768469,0.0,107.06543820663514,0.0,245.80650505004846,756.528599369518,106.69505270272965,58.064516129032256,30.65972222222222,0.33998842592592593,100.0,16.349090150785166,23.81710268879228
downlink_starved,no_storage_price,0,1275.6737823420592,3579.297223341972,35.64034230023985,785.0,72.48407643312102,57.32484076433121,15.159235668789808,23.56687898089172,0.0,0.0,3.949044585987261,43.439490445859875,30.191082802547772,254.15972222222226,11.358416997210993,265.51813921943324,0.2081395282201051,68.99771406502524,0.0,111.73186078055372,0.0,238.22258151518497,689.0390132020171,159.0578235991634,56.09756097560975,30.0,0.44994212962962965,100.0,14.309576151552115,26.483160147657298
downlink_starved,no_storage_price,1,1069.0770235059986,3356.8328431294253,31.847788479969285,819.0,63.73626373626374,48.96214896214896,14.774114774114775,23.80952380952381,0.0,0.0,12.454212454212454,35.8974358974359,33.82173382173382,231.48611111111111,9.190332419123116,240.67644353023422,0.22512544768846002,77.395833333333,0.0,143.0527231364185,0.0,196.4693787495788,521.1238747747356,129.23778919499688,57.89473684210526,27.395833333333332,0.2835648148148148,100.0,12.072503406835766,23.335473957224572
downlink_starved,no_storage_price,2,1013.0308743030105,2808.7517126447547,36.066942825257,777.0,62.41956241956242,47.87644787644788,14.543114543114543,30.244530244530246,0.0,0.0,7.335907335907336,39.25353925353925,25.61132561132561,219.28472222222223,10.507718024440347,229.79244024666258,0.226836561526089,76.30208333333303,0.0,146.30478197554646,0.0,265.2062109182445,798.6347345060107,145.95023958054875,50.0,25.868055555555557,0.4152199074074074,96.97157327522682,11.645148357262162,18.891534682713733
downlink_starved,no_storage_price,3,934.5121509188612,3209.800702888139,29.11433566819269,790.0,56.075949367088604,40.25316455696203,15.822784810126583,27.468354430379748,0.0,0.0,16.455696202531644,42.91139240506329,21.0126582278481,236.04861111111114,9.322915428051157,245.3715265391623,0.2625664377909909,76.2326388888886,0.0,141.10069568304615,0.0,258.29728067949105,780.5639994420511,74.63913025165043,37.5,27.8125,0.5049189814814815,97.53616888467214,11.19631694753652,20.642247548158945
downlink_starved,no_storage_price,4,1040.88364408825,2788.446653689506,37.32844028810862,786.0,68.06615776081425,53.05343511450382,15.012722646310433,22.391857506361323,0.0,0.0,9.541984732824428,32.31552162849873,39.44020356234097,211.12500000000003,11.069425006146997,222.19442500614701,0.21346711159130147,78.47222222222048,0.0,153.88890832717252,0.0,184.93281829267903,457.8911646026237,131.33344690876123,65.38461538461539,25.03472222222222,0.1736111111111111,100.0,13.964696370236117,25.157015912250202
downlink_starved,no_storage_price,5,1215.8799046331299,3515.953893543496,34.58179320456689,836.0,63.995215311004785,50.0,13.995215311004785,24.401913875598087,0.0,0.0,11.602870813397129,41.6267942583732,27.870813397129186,287.0972222222223,10.151610096521775,297.24883231874406,0.24447219761266933,70.37326388888735,0.0,81.77200101457619,0.0,188.77996134876705,435.0491255470134,124.6268158943223,53.333333333333336,33.958333333333336,0.38483796296296297,100.0,13.791019968322901,25.310561513739394
downlink_starved,no_storage_price,6,1167.3957620360109,3464.411566669866,33.69679784201158,772.0,63.082901554404145,47.020725388601036,16.06217616580311,16.83937823834197,0.0,0.0,20.077720207253886,43.652849740932645,26.295336787564768,266.60416666666674,10.060232965254063,276.6643996319208,0.23699280794835237,75.05769979657825,0.0,108.58004481250977,0.0,212.40545128107513,614.5248452356564,114.83582401108426,50.0,31.52777777777778,0.3689236111111111,96.61597933330354,12.428319628634618,22.098472987819534
downlink_starved,no_storage_price,7,1190.9351771169352,2915.7612400654057,40.84474272969691,766.0,74.41253263707571,57.31070496083551,17.10182767624021,16.318537859007833,0.0,0.0,9.26892950391645,41.90600522193211,33.942558746736296,217.30555555555557,11.153353795177178,228.45890935073274,0.19183152344512608,69.59829985824975,0.0,152.2910906492546,0.0,239.71481174082314,687.2554863466178,99.92960657657142,59.25925925925926,25.625,0.42824074074074076,100.0,13.58084248335554,25.085126251742377
downlink_starved,no_storage_price,8,978.6569161371045,2803.0844755878065,34.91357198330173,754.0,64.72148541114058,47.3474801061008,17.374005305039788,19.76127320954907,0.0,0.0,15.517241379310345,36.47214854111406,32.09549071618037,219.70833333333337,10.254450920230417,229.9627842535638,0.2349779380921958,78.92447574133462,0.0,149.66221574642233,0.0,207.18983761011714,638.1857479699564,55.14998249661869,46.42857142857143,26.006944444444443,0.2604166666666667,95.65336400733958,11.568167209900492,21.59000293955505
downlink_starved,no_storage_price,9,1027.5160259580878,2645.736361691224,38.836674766085636,748.0,75.93582887700535,61.096256684491976,14.83957219251337,15.775401069518717,0.0,0.0,8.288770053475936,35.82887700534759,41.44385026737968,190.59027777777783,11.566277878444552,202.1565556562224,0.19674297096020996,75.69614197213596,0.0,173.9545554548754,0.0,221.7044349667316,578.6916848247712,156.62757735039455,65.38461538461539,22.5,0.33130787037037035,100.0,13.397276017440664,22.12025579591787
downlink_starved,no_storage_price,10,1129.8725594973835,3262.6290357493676,34.63073941649857,775.0,60.645161290322584,45.806451612903224,14.838709677419354,24.64516129032258,0.0,0.0,14.709677419354838,37.03225806451613,29.93548387096774,256.8680555555556,12.063836741028965,268.9318922965846,0.23801966871044042,72.73437499999837,0.0,112.40144103673545,0.0,172.38214688487218,485.8262018182318,116.63287632997063,53.57142857142857,30.45138888888889,0.22424768518518517,98.99292727746167,14.343128257487448,30.092535076789886
downlink_starved,no_storage_price,11,922.0424468595367,2961.8432516143666,31.13069695220951,776.0,60.95360824742268,45.618556701030926,15.335051546391753,26.675257731958762,0.0,0.0,12.371134020618557,50.25773195876289,16.237113402061855,256.2222222222223,9.989161275358288,266.2113834975806,0.2887192280618888,76.44965277777617,0.0,113.1358387246275,0.0,319.47691848635765,917.0406602253497,123.49399598076089,28.571428571428573,30.104166666666668,0.6973379629629629,99.87720401007576,12.852659807304867,22.130724026840102
downlink_starved,no_storage_price,12,832.3686376786017,2826.4514109491574,29.44924630418755,739.0,61.84032476319351,43.978349120433016,17.861975642760488,16.508795669824085,0.0,0.0,21.650879566982407,40.8660351826793,29.22868741542625,217.26388888888889,9.501693523658801,226.7655824125477,0.27243407806062436,80.39583333333333,0.0,152.9080286985496,0.0,199.86441120567437,604.487619770602,142.14469694663546,48.148148148148145,25.65972222222222,0.3587962962962963,94.85985368912193,11.514099424654447,21.403586016812806
downlink_starved,no_storage_price,13,1230.5615125297081,3096.7460950354466,39.73724273044163,812.0,72.16748768472907,58.004926108374384,14.16256157635468,20.935960591133004,0.0,0.0,6.896551724137931,38.793103448275865,34.11330049261084,248.6041666666667,9.932994825618282,258.537161492285,0.21009690199135284,72.87572489091335,0.0,121.08783850770172,0.0,219.61089275146404,622.558572681382,147.97858863160235,78.57142857142857,29.375,0.3862847222222222,94.59205801450781,13.201188074140958,23.362640930291082
downlink_starved,no_storage_price,14,1139.77715952128,3023.3751362560574,37.698833527244744,748.0,72.72727272727273,57.0855614973262,15.641711229946525,18.449197860962567,0.0,0.0,8.823529411764707,39.57219251336898,37.16577540106952,257.45833333333337,11.510440142923875,268.96877347625724,0.23598364928564397,77.37847222222187,0.0,106.23955985706183,0.0,189.28121510710855,432.61191578518105,135.27214039084163,72.72727272727273,30.48611111111111,0.2864583333333333,100.0,13.884039151283897,22.876804665987596
downlink_starved,no_storage_price,15,681.5284829820663,2342.6333759005556,29.09240899549948,777.0,64.73616473616474,47.747747747747745,16.98841698841699,18.91891891891892,0.0,0.0,16.344916344916346,32.818532818532816,39.63963963963964,209.7777777777778,10.983064541723472,220.76084231950128,0.32392019971571806,76.64930555555524,0.0,158.8224910138184,0.0,166.43517997367968,354.8095192876814,145.41248420845238,56.25,24.86111111111111,0.19675925925925927,100.0,13.296935941431869,26.637550075234643
downlink_starved,no_storage_price,16,842.699339253577,2912.899699954481,28.929912666294197,769.0,63.32899869960988,47.20416124837451,16.124837451235372,11.703511053315994,0.0,0.0,24.96749024707412,36.28088426527958,35.37061118335501,205.52083333333337,11.123620649295546,216.64445398262893,0.2570839252995289,78.67680595843987,0.0,163.42499046180194,0.0,162.37388954166966,334.97938180996096,144.6895767561492,53.125,24.305555555555557,0.2821180555555556,99.64957376633852,13.94529757096871,23.443892677145083
downlink_starved,no_storage_price,17,1036.621665888152,3108.7146783383114,33.34566768418429,782.0,69.18158567774935,52.55754475703325,16.624040920716112,12.148337595907929,0.0,0.0,18.67007672634271,38.107416879795394,36.44501278772378,236.20833333333337,9.624892260946565,245.83322559427992,0.23714845414084226,78.07073959508271,0.0,137.36121885015052,0.0,174.2116919257481,414.6795150746733,164.6195137773246,70.96774193548387,27.95138888888889,0.2951388888888889,97.55855811089779,12.272334712589856,21.10670964206014
downlink_starved,no_storage_price,18,1218.227047191171,3142.103176284946,38.77107080333171,823.0,68.89428918590522,54.434993924665854,14.459295261239369,17.98298906439854,0.0,0.0,13.122721749696233,39.85419198055893,32.56379100850547,219.10416666666669,10.47391855428901,229.5780852209557,0.18845262527234713,80.39583333333333,0.0,148.2969147790304,0.0,209.8131963474991,661.925675695581,104.49111739034662,71.875,25.833333333333332,0.4383680555555556,98.8121918028487,11.933263356389268,21.397491312457213
downlink_starved,no_storage_price,19,1157.3672070739956,3206.213143282686,36.09763778489859,811.0,68.6806411837238,52.28113440197287,16.399506781750926,24.167694204685574,0.0,0.0,7.151664611590629,39.08754623921085,32.059186189889026,261.9861111111111,10.622270027801257,272.60838113891236,0.23554182239888133,76.60763888888856,0.0,104.93328552774034,0.0,244.39605611009034,752.6175289043827,106.69505270272965,58.064516129032256,31.041666666666668,0.25752314814814814,99.09495832341725,12.990773211481978,21.437482405895114
energy_starved,full_engine,0,1488.236109959342,3565.8112587772926,41.73625584629665,784.0,80.61224489795919,65.3061224489796,15.306122448979592,11.607142857142858,0.0,0.0,7.780612244897959,32.78061224489796,50.12755102040816,169.65972222222223,15.24303471755605,184.90275693977827,0.1242428910993362,26.13995222386346,3.576388888888889,20.91327172591061,0.0,171.9146025389517,476.6292914588712,107.9825748025055,70.73170731707317,20.03472222222222,0.28501157407407407,100.0,25.600117670853244,45.672152762988574
energy_starved,full_engine,1,1287.5025258528156,3027.9408298358308,42.52072937378441,778.0,73.90745501285348,59.768637532133674,14.138817480719794,9.768637532133676,0.0,0.0,16.323907455012854,29.177377892030847,49.3573264781491,143.82638888888889,15.427436408865256,159.25382529775413,0.12369204883094706,47.63657407407683,0.0,28.539230257809372,0.0,152.19113385898115,453.1688408397235,94.57375822640576,70.96774193548387,16.979166666666668,0.25028935185185186,99.42216451085292,19.850168380548237,33.230276225734514
energy_starved,full_engine,2,1265.3866988408927,2808.1618069140122,45.061032299683276,776.0,69.71649484536083,56.829896907216494,12.88659793814433,13.402061855670103,0.0,0.0,16.88144329896907,23.969072164948454,50.25773195876289,137.2638888888889,15.954600449962495,153.2184893388514,0.12108432108477285,31.90319971134146,0.0,43.13959083435279,0.0,135.52215515257768,391.80282000843664,57.319384495215395,72.72727272727273,16.25,0.15914351851851852,99.06391760266942,20.95935947273844,37.512742758435564
energy_starved,full_engine,3,1220.953413239814,3268.694270065943,37.35294011498917,796.0,64.07035175879398,51.381909547738694,12.688442211055277,21.35678391959799,0.0,0.0,14.57286432160804,30.527638190954775,38.94472361809045,160.15972222222226,13.97727448373433,174.1369967059566,0.14262378467322687,24.718698280044194,5.0,31.923450992687535,0.0,170.1804149171538,497.9616515967763,80.0508981469221,56.666666666666664,18.88888888888889,0.31105324074074076,90.435288635476,24.397450463868555,62.52901691122038
energy_starved,full_engine,4,1201.181751302419,2724.9994455309497,44.080073237166324,808.0,71.2871287128713,58.78712871287129,12.5,16.336633663366335,0.0,0.0,12.376237623762377,22.64851485148515,52.103960396039604,126.70833333333336,17.59405651578076,144.30238984911412,0.12013368475890492,51.867606579912724,0.0,33.58927681756007,0.0,141.33899996626138,367.9660513834939,100.05462627487935,72.72727272727273,15.0,0.14756944444444445,100.0,22.939458955838553,38.47256967544905
energy_starved,full_engine,5,1355.645488744372,3497.893243708397,38.75605669734916,835.0,66.58682634730539,54.25149700598802,12.335329341317365,18.562874251497007,0.0,0.0,14.850299401197605,28.263473053892216,43.11377245508982,181.29166666666669,16.247469305117274,197.53913597178396,0.14571592471033779,24.48106967665779,8.26388888888889,8.072222222222592,0.0,140.83642840601516,324.35052893644587,90.55423306277739,48.275862068965516,21.458333333333332,0.2170138888888889,100.0,35.176430042820805,66.26490382692033
energy_starved,full_engine,6,1360.162305198474,3410.0336237797114,39.88706433020031,767.0,68.70925684485006,54.4980443285528,14.211212516297262,16.949152542372882,0.0,0.0,14.341590612777054,28.94393741851369,43.67666232073012,159.3402777777778,17.310356592490148,176.65063437026794,0.12987467282038168,24.38691196174932,2.7777777777777777,29.2422184526883,0.0,148.1423089255752,376.6515488747232,128.90737386663196,66.66666666666667,18.854166666666668,0.20109953703703703,100.0,25.971691244115423,52.27890976829999
energy_starved,full_engine,7,1423.119382075549,2926.3724551927025,48.63083574854918,769.0,79.32379713914175,64.36931079323797,14.95448634590377,10.533159947984394,0.0,0.0,10.143042912873861,30.039011703511054,50.455136540962286,153.47916666666669,15.030072200732198,168.5092388673989,0.11840836474423988,30.234306953722903,0.0,22.141843627041624,0.0,188.6316616556886,548.9351395224967,71.04543895855974,64.0,18.125,0.2560763888888889,100.0,24.725853521948604,39.57629893116922
energy_starved,full_engine,8,1223.4050593737838,2802.6378202327633,43.651914298087156,753.0,69.45551128818062,55.37848605577689,14.077025232403718,20.185922974767596,0.0,0.0,10.358565737051793,26.56042496679947,45.418326693227094,147.61805555555557,15.408619299896912,163.02667485545248,0.13325649882378274,45.107253993975,0.0,25.01468103559742,0.0,158.62021689546467,491.8477426659,41.29143896631238,50.0,17.46527777777778,0.18952546296296297,100.0,20.129950280965616,34.958287759329785
energy_starved,full_engine,9,1308.221723984491,2629.337667287438,49.75480100028845,747.0,83.80187416331995,70.01338688085676,13.788487282463185,11.646586345381525,0.0,0.0,4.551539491298527,25.167336010709505,59.17001338688085,126.10416666666669,16.626782892265098,142.7309495589318,0.10910302660638578,53.9262687251293,0.0,33.62162253933327,0.0,180.80200951259573,475.69353599920044,114.49979131950663,76.92307692307692,14.895833333333334,0.20399305555555555,99.65992073699223,20.103721056549645,33.17921343582401
energy_starved,full_engine,10,1584.0557833366013,3261.647398143676,48.56612594721752,774.0,83.59173126614986,68.21705426356588,15.37467700258398,11.24031007751938,0.0,0.0,5.167958656330749,31.65374677002584,52.97157622739018,179.9652777777778,17.43830554950087,197.40358332727868,0.12461908564323063,26.225509269353235,3.854166666666667,8.361111111111462,0.0,178.26272938929432,442.03408416510973,131.92507542605225,78.57142857142857,21.28472222222222,0.24450231481481483,100.0,28.714782739870458,45.886979693443735
energy_starved,full_engine,11,1117.1681943854062,2948.8212247765814,37.885246653772604,775.0,65.16129032258064,52.25806451612903,12.903225806451612,11.741935483870968,0.0,0.0,23.096774193548388,27.483870967741936,42.83870967741935,163.5625,14.797421928186456,178.35992192818645,0.15965359811045154,24.536483488088585,7.881944444444445,27.38624353451967,0.0,162.27879400171338,476.4638547256558,101.02125721338275,57.142857142857146,19.375,0.16927083333333334,98.83900926312846,27.61615228164998,55.27903026297142
energy_starved,full_engine,12,1064.4509133332224,2813.6630100289367,37.83149970480208,738.0,66.80216802168022,52.710027100271006,14.092140921409214,16.124661246612465,0.0,0.0,17.073170731707318,27.642276422764226,44.3089430894309,138.29861111111111,15.822942636629634,154.12155374774073,0.14478972380710764,43.35693224648322,0.0,29.1603906967117,0.0,144.3096981537068,450.264118756214,126.13257576992702,55.55555555555556,16.354166666666668,0.19241898148148148,100.0,22.697890739285878,42.84324512209764
energy_starved,full_engine,13,1201.197085253377,3086.893770494354,38.91280926913821,812.0,66.7487684729064,53.44827586206897,13.300492610837438,19.704433497536947,0.0,0.0,13.54679802955665,24.261083743842363,46.05911330049261,159.09027777777777,16.89300539044975,175.98328316822753,0.1465065852462555,36.63143489625011,0.0,13.68333333333429,0.0,132.40079654018245,353.5741685263351,100.92672514182307,50.0,18.854166666666668,0.1490162037037037,99.45830555985623,25.176685713058635,40.79691043398947
energy_starved,full_engine,14,1378.9403701548556,3159.553502300217,43.643520173054824,752.0,83.11170212765957,66.62234042553192,16.48936170212766,4.787234042553192,0.0,0.0,12.101063829787234,32.84574468085106,52.659574468085104,174.83333333333334,16.637933612158665,191.471266945492,0.13885391354811788,24.883992128373027,7.222222222222221,14.277777777778795,0.0,180.99384701621096,437.0197233078298,111.21645816604665,84.61538461538461,20.65972222222222,0.2690972222222222,100.0,31.316043400914925,49.98417508238798
energy_starved,full_engine,15,958.8981537455962,2341.495585981719,40.952379303485166,776.0,76.15979381443299,59.922680412371136,16.237113402061855,1.288659793814433,0.0,0.0,22.551546391752577,25.9020618556701,55.28350515463917,124.75694444444446,17.861499582589445,142.6184440270339,0.14873158684261245,47.525462962966806,0.0,49.91627819519579,0.0,148.9762643013764,342.0934969951042,135.529421610446,68.75,14.722222222222221,0.2271412037037037,100.0,25.45238707704416,41.37259442407998
energy_starved,full_engine,16,1309.5843322371488,2912.442900275749,44.96515046228573,768.0,78.125,66.14583333333333,11.979166666666666,16.276041666666668,0.0,0.0,5.598958333333333,24.088541666666668,54.427083333333336,129.16666666666669,17.039839834047353,146.20650650071403,0.11164344510059236,52.05943489734106,0.0,25.226826832628795,0.0,182.60346558566872,569.8670731029667,109.00905583294649,68.75,15.277777777777779,0.1736111111111111,100.0,22.461202972177873,38.21344224851213
energy_starved,full_engine,17,1366.4169547212691,3076.19731981379,44.419028191728025,781.0,80.92189500640205,65.30089628681178,15.620998719590268,11.139564660691422,0.0,0.0,7.9385403329065305,29.833546734955185,52.752880921895006,158.41666666666669,15.757400269472903,174.17406693613958,0.12746772962259442,39.16103063548748,0.0,11.558333333333678,0.0,164.2522749281767,380.5746813909345,145.63204731556763,80.0,18.71527777777778,0.2517361111111111,100.0,20.59222094846189,34.815744029662106
energy_starved,full_engine,18,1430.4501027086528,3142.1940998029672,45.5239255524778,819.0,75.21367521367522,63.24786324786325,11.965811965811966,18.07081807081807,0.0,0.0,6.715506715506716,26.373626373626372,50.91575091575091,151.8125,16.856170836252446,168.66867083625243,0.1179130055056566,27.05660156559536,1.4583333333333333,21.99920713689717,0.0,171.2265834685547,545.6297343433353,88.60610850876331,77.41935483870968,17.95138888888889,0.2126736111111111,100.0,23.244417923359844,36.46267642253971
energy_starved,full_engine,19,1343.0070828658647,3285.854240723272,40.872387649497384,807.0,75.46468401486989,60.84262701363073,14.622057001239158,14.49814126394052,0.0,0.0,10.037174721189592,29.615861214374224,47.95539033457249,182.95833333333334,16.333927384017066,199.29226071735042,0.14839256118595995,21.776787693310585,13.29861111111111,6.891666666667014,0.0,177.7944623796617,483.504328055383,119.99124782713687,65.51724137931035,21.666666666666668,0.1996527777777778,99.34274456454692,36.14599032605692,68.0625370901004
energy_starved,no_battery_guard,0,1311.312037963537,3565.8112587772926,36.77457786739903,784.0,74.48979591836735,59.566326530612244,14.923469387755102,14.540816326530612,0.0,0.0,10.96938775510204,33.80102040816327,45.025510204081634,183.11111111111114,13.198253950482062,196.3093650615932,0.1497045397115861,0.0,21.11111111111111,20.91327172591061,278.0,181.00733064690988,486.7039600619186,112.05185060995831,63.41463414634146,21.631944444444443,0.29224537037037035,86.58547457929144,23.743557909694555,41.30611387846615
energy_starved,no_battery_guard,1,1287.5025258528156,3027.9408298358308,42.52072937378441,778.0,73.90745501285348,59.768637532133674,14.138817480719794,9.768637532133676,0.0,0.0,16.323907455012854,29.177377892030847,49.3573264781491,143.82638888888889,15.427436408865256,159.25382529775413,0.12369204883094706,47.63657407407683,0.0,28.539230257809372,0.0,152.19113385898115,453.1688408397235,94.57375822640576,70.96774193548387,16.979166666666668,0.25028935185185186,99.42216451085292,19.850168380548237,33.230276225734514
energy_starved,no_battery_guard,2,1265.3866988408927,2808.1618069140122,45.061032299683276,776.0,69.71649484536083,56.829896907216494,12.88659793814433,13.402061855670103,0.0,0.0,16.88144329896907,23.969072164948454,50.25773195876289,137.2638888888889,15.954600449962495,153.2184893388514,0.12108432108477285,31.90319971134146,0.0,43.13959083435279,0.0,135.52215515257768,391.80282000843664,57.319384495215395,72.72727272727273,16.25,0.15914351851851852,99.06391760266942,20.95935947273844,37.512742758435564
energy_starved,no_battery_guard,3,1236.7293686909882,3268.694270065943,37.83557795590465,796.0,63.94472361809045,51.63316582914573,12.311557788944723,21.35678391959799,0.0,0.0,14.698492462311558,30.150753768844222,39.321608040201006,176.3263888888889,13.97727448373433,190.30366337262325,0.15387656199516753,0.0,23.645833333333332,31.923450992687535,427.0,170.38389489953386,497.6546367818344,80.0508981469221,56.666666666666664,20.833333333333332,0.27633101851851855,90.435288635476,21.23075031055798,41.49621485325863
energy_starved,no_battery_guard,4,1201.181751302419,2724.9994455309497,44.080073237166324,808.0,71.2871287128713,58.78712871287129,12.5,16.336633663366335,0.0,0.0,12.376237623762377,22.64851485148515,52.103960396039604,126.70833333333336,17.59405651578076,144.30238984911412,0.12013368475890492,51.867606579912724,0.0,33.58927681756007,0.0,141.33899996626138,367.9660513834939,100.05462627487935,72.72727272727273,15.0,0.14756944444444445,100.0,22.939458955838553,38.47256967544905
energy_starved,no_battery_guard,5,1223.3508748264137,3497.893243708397,34.97393401090312,835.0,61.91616766467066,49.10179640718563,12.81437125748503,21.077844311377245,0.0,0.0,17.005988023952096,31.49700598802395,38.32335329341317,219.47222222222223,12.948554380771586,232.4207766029938,0.18998701140093838,0.0,62.22222222222222,8.072222222222592,696.0,142.5184248156145,325.3218391553635,95.01045448792404,41.37931034482759,26.006944444444443,0.21122685185185186,79.69582300853051,26.636212058610717,46.826493248116485
energy_starved,no_battery_guard,6,1360.162305198474,3410.0336237797114,39.88706433020031,767.0,68.83963494132986,54.4980443285528,14.341590612777054,16.949152542372882,0.0,0.0,14.211212516297262,29.85658409387223,43.67666232073012,171.86111111111114,17.310356592490148,189.17146770360128,0.13908006932745978,0.0,8.125,29.2422184526883,48.0,148.1423089255752,376.6515488747232,128.90737386663196,66.66666666666667,20.34722222222222,0.19675925925925927,100.0,24.99106132116491,40.449934810197874
energy_starved,no_battery_guard,7,1430.1325940081554,2926.3724551927025,48.87049122781538,769.0,79.45383615084525,64.49934980494149,14.95448634590377,10.533159947984394,0.0,0.0,10.01300390117035,30.039011703511054,50.455136540962286,154.9375,15.030072200732198,169.9675722007322,0.11884742219906566,26.345418064833996,0.7638888888888888,22.141843627041624,0.0,189.38600120409697,551.634085690604,71.04543895855974,64.0,18.29861111111111,0.2560763888888889,100.0,24.443083067423018,37.07458231803298
energy_starved,no_battery_guard,8,1223.4050593737838,2802.6378202327633,43.651914298087156,753.0,69.45551128818062,55.37848605577689,14.077025232403718,20.185922974767596,0.0,0.0,10.358565737051793,26.56042496679947,45.418326693227094,147.61805555555557,15.408619299896912,163.02667485545248,0.13325649882378274,45.107253993975,0.0,25.01468103559742,0.0,158.62021689546467,491.8477426659,41.29143896631238,50.0,17.46527777777778,0.18952546296296297,100.0,20.129950280965616,34.958287759329785
energy_starved,no_battery_guard,9,1308.221723984491,2629.337667287438,49.75480100028845,747.0,83.80187416331995,70.01338688085676,13.788487282463185,11.646586345381525,0.0,0.0,4.551539491298527,25.167336010709505,59.17001338688085,126.10416666666669,16.626782892265098,142.7309495589318,0.10910302660638578,53.9262687251293,0.0,33.62162253933327,0.0,180.80200951259573,475.69353599920044,114.49979131950663,76.92307692307692,14.895833333333334,0.20399305555555555,99.65992073699223,20.103721056549645,33.17921343582401
energy_starved,no_battery_guard,10,1627.2886942851376,3261.647398143676,49.89161903924034,774.0,83.97932816537468,68.86304909560724,15.116279069767442,11.24031007751938,0.0,0.0,4.780361757105943,31.782945736434108,52.84237726098191,187.8402777777778,17.43830554950087,205.27858332727868,0.1261476123125509,0.0,25.798611111111114,8.361111111111462,75.0,180.0675532052311,442.3684440114835,131.92507542605225,78.57142857142857,22.22222222222222,0.24450231481481483,100.0,24.632053733817845,42.28517556472166
energy_starved,no_battery_guard,11,1121.7423926318525,2948.8212247765814,38.040366204866885,775.0,65.29032258064517,52.516129032258064,12.774193548387096,11.741935483870968,0.0,0.0,22.967741935483872,27.870967741935484,42.70967741935484,177.52083333333337,14.345508406631076,191.86634173996444,0.1710431405643894,0.0,36.736111111111114,27.38624353451967,300.0,163.26909060559908,478.25477777690753,101.02125721338275,57.142857142857146,21.041666666666668,0.1605902777777778,95.82046421116485,22.625408446398573,39.238686816111574
energy_starved,no_battery_guard,12,1064.4509133332224,2813.6630100289367,37.83149970480208,738.0,66.80216802168022,52.710027100271006,14.092140921409214,16.124661246612465,0.0,0.0,17.073170731707318,27.642276422764226,44.3089430894309,138.29861111111111,15.822942636629634,154.12155374774073,0.14478972380710764,43.35693224648322,0.0,29.1603906967117,0.0,144.3096981537068,450.264118756214,126.13257576992702,55.55555555555556,16.354166666666668,0.19241898148148148,100.0,22.697890739285878,42.84324512209764
energy_starved,no_battery_guard,13,1201.197085253377,3086.893770494354,38.91280926913821,812.0,66.7487684729064,53.44827586206897,13.300492610837438,19.704433497536947,0.0,0.0,13.54679802955665,24.261083743842363,46.05911330049261,159.09027777777777,16.89300539044975,175.98328316822753,0.1465065852462555,36.63143489625011,0.0,13.68333333333429,0.0,132.40079654018245,353.5741685263351,100.92672514182307,50.0,18.854166666666668,0.1490162037037037,99.45830555985623,25.176685713058635,40.79691043398947
energy_starved,no_battery_guard,14,1193.0111532569158,3159.553502300217,37.75885271094097,752.0,77.3936170212766,60.37234042553192,17.02127659574468,8.111702127659575,0.0,0.0,14.49468085106383,34.441489361702125,47.20744680851064,194.36805555555557,13.656524088297655,208.02457964385323,0.17436935025791414,0.0,37.361111111111114,14.277777777778795,513.0,190.41333813238623,445.992199568464,119.22504330327756,73.07692307692308,22.98611111111111,0.26765046296296297,82.08065019755665,27.728869873282868,38.914985089968845
energy_starved,no_battery_guard,15,958.8981537455962,2341.495585981719,40.952379303485166,776.0,76.15979381443299,59.922680412371136,16.237113402061855,1.288659793814433,0.0,0.0,22.551546391752577,25.9020618556701,55.28350515463917,124.75694444444446,17.861499582589445,142.6184440270339,0.14873158684261245,47.525462962966806,0.0,49.91627819519579,0.0,148.9762643013764,342.0934969951042,135.529421610446,68.75,14.722222222222221,0.2271412037037037,100.0,25.45238707704416,41.37259442407998
energy_starved,no_battery_guard,16,1309.5843322371488,2912.442900275749,44.96515046228573,768.0,78.125,66.14583333333333,11.979166666666666,16.276041666666668,0.0,0.0,5.598958333333333,24.088541666666668,54.427083333333336,129.16666666666669,17.039839834047353,146.20650650071403,0.11164344510059236,52.05943489734106,0.0,25.226826832628795,0.0,182.60346558566872,569.8670731029667,109.00905583294649,68.75,15.277777777777779,0.1736111111111111,100.0,22.461202972177873,38.21344224851213
energy_starved,no_battery_guard,17,1366.4169547212691,3076.19731981379,44.419028191728025,781.0,80.92189500640205,65.30089628681178,15.620998719590268,11.139564660691422,0.0,0.0,7.9385403329065305,29.833546734955185,52.752880921895006,158.41666666666669,15.757400269472903,174.17406693613958,0.12746772962259442,39.16103063548748,0.0,11.558333333333678,0.0,164.2522749281767,380.5746813909345,145.63204731556763,80.0,18.71527777777778,0.2517361111111111,100.0,20.59222094846189,34.815744029662106
energy_starved,no_battery_guard,18,1435.383249443105,3142.1940998029672,45.68092243356677,819.0,75.45787545787546,63.36996336996337,12.087912087912088,17.704517704517706,0.0,0.0,6.837606837606837,26.73992673992674,50.79365079365079,150.66666666666669,16.856170836252446,167.52283750291912,0.11670948338564914,22.04617121778518,3.6458333333333335,21.99920713689717,0.0,171.33183148035954,545.6558771607445,88.60610850876331,77.41935483870968,17.8125,0.2170138888888889,100.0,23.36009174279118,36.46267642253971
energy_starved,no_battery_guard,19,1206.4211332549608,3285.854240723272,36.71560102402494,807.0,70.26022304832713,54.646840148698885,15.613382899628252,17.224287484510533,0.0,0.0,12.515489467162329,32.58983890954151,42.75092936802974,217.89583333333337,13.516267082913151,231.41210041624652,0.19181701483617886,0.0,46.875,6.891666666667014,654.0,185.9025901970496,502.29392377352303,119.99124782713687,65.51724137931035,25.833333333333332,0.18663194444444445,82.20576942186754,28.24131318573356,50.86879895173727
energy_starved,no_prices,0,1471.3941389581364,3565.8112587772926,41.26393777394358,784.0,80.35714285714286,65.81632653061224,14.540816326530612,11.607142857142858,0.0,0.0,8.035714285714286,30.48469387755102,52.16836734693877,166.5138888888889,15.24303471755605,181.75692360644496,0.12352701345891133,25.411346094911945,4.409722222222222,24.135493948133465,0.0,180.1930907006464,496.0918290187913,107.9825748025055,70.73170731707317,19.6875,0.23726851851851852,100.0,28.87234863554679,47.76517672380249
energy_starved,no_prices,1,1283.834978050592,3027.9408298358308,42.3996058773777,778.0,74.42159383033419,60.53984575835476,13.881748071979434,8.868894601542417,0.0,0.0,16.709511568123393,27.249357326478147,50.38560411311054,124.7638888888889,15.517099717921752,140.28098860681064,0.1092671495987879,62.87857234094633,0.0,34.41623361542036,0.0,153.7602565617009,448.6778540838742,94.57375822640576,70.96774193548387,14.722222222222221,0.22858796296296297,100.0,24.715340729454173,49.74503315852966
energy_starved,no_prices,2,1265.4353282812117,2808.1618069140122,45.062764017570736,776.0,69.0721649484536,56.829896907216494,12.242268041237113,13.402061855670103,0.0,0.0,17.52577319587629,22.809278350515463,50.25773195876289,120.63888888888891,15.954600449962495,136.5934893388514,0.10794189658382676,50.35227378541137,0.0,43.13959083435279,0.0,135.51816189509807,391.7110408903124,57.319384495215395,72.72727272727273,14.270833333333334,0.15914351851851852,99.06391760266942,24.08567093389348,53.68149841562901
energy_starved,no_prices,3,1215.4643396548272,3268.694270065943,37.18501148259138,796.0,62.688442211055275,50.50251256281407,12.185929648241206,22.110552763819097,0.0,0.0,15.201005025125628,26.633165829145728,40.95477386934673,159.8888888888889,13.97727448373433,173.86616337262325,0.1430450550462044,25.29508716893497,2.7083333333333335,31.923450992687535,0.0,173.61232847963785,504.4861559413691,80.0508981469221,56.666666666666664,18.92361111111111,0.19386574074074073,90.435288635476,26.78334636443512,61.38566300630555
energy_starved,no_prices,4,1195.1089098734121,2724.9994455309497,43.85721662561852,808.0,71.03960396039604,59.03465346534654,12.004950495049505,16.336633663366335,0.0,0.0,12.623762376237623,21.65841584158416,52.351485148514854,118.25000000000001,17.59405651578076,135.84405651578078,0.11366667539125752,58.37625872285417,0.0,36.13018825051395,0.0,145.02244272891062,371.9995978382715,100.05462627487935,72.72727272727273,13.993055555555555,0.14756944444444445,100.0,26.78740838512556,46.98839115134073
energy_starved,no_prices,5,1358.2391527307961,3497.893243708397,38.83020601540194,835.0,66.58682634730539,54.37125748502994,12.215568862275449,18.562874251497007,0.0,0.0,14.850299401197605,26.46706586826347,44.91017964071856,180.97222222222223,16.247469305117274,197.2196915273395,0.14520247861418303,25.93940300999732,3.784722222222222,8.716666666667692,0.0,148.21487890845646,338.4515358644811,84.55074565012174,51.724137931034484,21.458333333333332,0.15046296296296297,100.0,43.792788843758785,66.84773163504786
energy_starved,no_prices,6,1352.7443184667636,3410.0336237797114,39.66953020736992,767.0,68.57887874837027,54.4980443285528,14.08083441981747,16.949152542372882,0.0,0.0,14.471968709256846,28.292046936114733,44.067796610169495,154.31944444444446,17.310356592490148,171.6298010369346,0.12687527028867093,26.634597146934293,1.6319444444444446,29.722774008244556,0.0,149.96346398350366,384.10079816905613,128.90737386663196,66.66666666666667,18.26388888888889,0.1880787037037037,100.0,29.25534410821194,53.531826846623034
energy_starved,no_prices,7,1382.5198010644099,2926.3724551927025,47.243466859838605,769.0,78.93368010403121,64.10923276983095,14.82444733420026,10.793237971391417,0.0,0.0,10.273081924577372,27.828348504551364,52.275682704811445,152.62500000000003,15.0138840352695,167.63888403526954,0.12125604559602214,30.917177324090527,0.0,23.477476236950757,0.0,193.1393105460945,555.0373446501924,71.04543895855974,64.0,18.055555555555557,0.1996527777777778,99.89229482569012,26.45795599507436,46.9290330686746
energy_starved,no_prices,8,1208.402275837608,2802.6378202327633,43.11660490392042,753.0,69.05710491367861,55.245683930942896,13.811420982735724,20.318725099601593,0.0,0.0,10.624169986719787,25.763612217795483,45.81673306772908,143.47222222222223,15.408619299896912,158.88084152211914,0.1314800912734051,44.34105029027042,0.0,26.411903257820327,0.0,160.51479616838722,494.07095978485586,41.29143896631238,50.0,16.979166666666668,0.17650462962962962,100.0,23.469010488113668,44.267923917038935
energy_starved,no_prices,9,1303.0927075698892,2629.337667287438,49.55973223911662,747.0,83.80187416331995,69.87951807228916,13.92235609103079,11.646586345381525,0.0,0.0,4.551539491298527,25.0334672021419,59.30388219544846,126.08333333333334,16.604684226727873,142.6880175600612,0.10949951352744285,38.25708131583824,0.0,43.066066983778285,0.0,182.80174266091532,484.59038235802075,114.49979131950663,76.92307692307692,14.895833333333334,0.1996527777777778,99.5274626860209,23.11864424821294,44.97290318339888
energy_starved,no_prices,10,1485.9914295271406,3261.647398143676,45.55953627522316,774.0,82.42894056847545,67.18346253229974,15.24547803617571,12.144702842377262,0.0,0.0,5.426356589147287,28.940568475452196,54.263565891472865,172.77777777777777,17.43830554950087,190.21608332727865,0.128006177927828,26.600902302043984,1.5625,8.361111111111462,0.0,178.00916185762784,441.75490566341654,144.62660676099046,71.42857142857143,20.45138888888889,0.20543981481481483,100.0,33.63934962979487,54.68421621587445
energy_starved,no_prices,11,1117.3965232544688,2948.8212247765814,37.89298970944326,775.0,65.16129032258064,52.25806451612903,12.903225806451612,11.741935483870968,0.0,0.0,23.096774193548388,26.838709677419356,42.96774193548387,163.20833333333334,14.797421928186456,178.0057552615198,0.159304017470065,25.652910486079413,3.0555555555555554,27.38624353451967,0.0,161.7508961557563,476.13996396612066,101.02125721338275,57.142857142857146,19.34027777777778,0.15625,98.83900926312846,30.33628231733515,56.09058752336658
energy_starved,no_prices,12,1061.8084549018513,2813.6630100289367,37.73758446257327,738.0,66.66666666666667,52.57452574525745,14.092140921409214,16.124661246612465,0.0,0.0,17.208672086720867,26.422764227642276,44.579945799457995,127.44444444444444,15.822942636629634,143.26738708107408,0.1349277135811817,51.75089633155334,0.0,28.327057363379076,0.0,145.97731402633133,455.44441368588303,126.13257576992702,55.55555555555556,15.069444444444445,0.17939814814814814,100.0,24.65574739039072,50.76988723799463
energy_starved,no_prices,13,1183.6592879846974,3086.893770494354,38.34467189310304,812.0,66.50246305418719,53.57142857142857,12.931034482758621,19.704433497536947,0.0,0.0,13.793103448275861,22.660098522167488,46.67487684729064,147.11111111111111,16.789125225279204,163.90023633639032,0.138469100019016,36.35306430565657,0.0,22.079591746888802,0.0,139.84308178540664,368.03979762245706,100.92672514182307,50.0,17.430555555555557,0.14467592592592593,98.8467065595397,33.33359926065292,57.418778121773556
energy_starved,no_prices,14,1400.4222247488979,3159.553502300217,44.32342176606166,752.0,83.51063829787235,66.48936170212765,17.02127659574468,4.654255319148936,0.0,0.0,11.835106382978724,31.78191489361702,53.45744680851064,168.625,16.637933612158665,185.26293361215866,0.1322907694109019,30.08634874173441,0.0,14.277777777778795,0.0,181.85526153451752,449.7145066475288,106.90710437566214,84.61538461538461,19.930555555555557,0.2517361111111111,100.0,35.60787948511221,57.18990172293053
energy_starved,no_prices,15,943.318764921451,2341.495585981719,40.28701871440623,776.0,75.9020618556701,59.66494845360825,16.237113402061855,1.288659793814433,0.0,0.0,22.809278350515463,24.355670103092784,55.28350515463917,110.73611111111111,17.861499582589445,128.59761069370057,0.1363246608418828,56.91666666667069,0.0,57.79127819519574,0.0,148.85005342924703,341.7719306198914,135.529421610446,68.75,13.055555555555555,0.22280092592592593,100.0,30.85681252210823,51.817410400856886
energy_starved,no_prices,16,1305.357625755844,2912.442900275749,44.82002464777089,768.0,78.125,66.14583333333333,11.979166666666666,16.276041666666668,0.0,0.0,5.598958333333333,24.088541666666668,54.557291666666664,130.625,17.039839834047353,147.66483983404734,0.11312213367470439,53.23728721553834,0.0,23.768493499295403,0.0,184.00953946290394,570.9948644238599,109.00905583294649,68.75,15.45138888888889,0.1736111111111111,100.0,25.28818061261365,51.74396072084744
energy_starved,no_prices,17,1341.8727612999007,3076.19731981379,43.62115371003339,781.0,79.64148527528809,64.5326504481434,15.108834827144687,12.163892445582587,0.0,0.0,8.194622279129321,28.80921895006402,52.62483994878361,157.75,15.757400269472903,173.5074002694729,0.12930242365259176,36.10529809166951,0.0,17.246087542199867,0.0,168.3511543880847,399.11973605037576,145.63204731556763,80.0,18.645833333333332,0.234375,100.0,26.56356163628139,47.67013200885625
energy_starved,no_prices,18,1428.8628100984308,3142.1940998029672,45.4734101304572,819.0,75.57997557997558,63.492063492063494,12.087912087912088,17.704517704517706,0.0,0.0,6.715506715506716,26.12942612942613,51.52625152625153,152.62500000000003,16.856170836252446,169.4811708362525,0.11861262651561164,30.59996695996949,0.0,21.99920713689717,0.0,173.33909979066252,545.7475850329032,88.60610850876331,77.41935483870968,18.055555555555557,0.1996527777777778,100.0,27.155385407912842,52.226990979760615
energy_starved,no_prices,19,1340.524724090639,3285.854240723272,40.79684081773411,807.0,75.8364312267658,60.84262701363073,14.993804213135068,14.49814126394052,0.0,0.0,9.66542750929368,29.615861214374224,48.698884758364315,182.25000000000003,16.275922898781786,198.5259228987818,0.148095681736459,21.830252532017095,9.791666666666666,6.891666666667014,0.0,176.79270499033223,495.07473926587875,119.99124782713687,65.51724137931035,21.59722222222222,0.1736111111111111,98.98996200191813,36.9026365832307,68.23647765272064
energy_starved,no_queue_pass,0,1430.3441014895468,3565.8112587772926,40.11272604428335,784.0,79.59183673469387,65.05102040816327,14.540816326530612,11.479591836734693,0.0,0.0,8.928571428571429,33.16326530612245,48.85204081632653,157.9513888888889,15.24303471755605,173.19442360644496,0.12108584460626078,24.450137409047404,5.347222222222222,33.046605059243184,0.0,180.7729940043274,518.8231234795858,107.9825748025055,70.73170731707317,18.61111111111111,0.3370949074074074,100.0,30.90933157012118,57.1560634585862
energy_starved,no_queue_pass,1,1268.2787959434886,3027.9408298358308,41.88585138277792,778.0,74.80719794344473,61.18251928020565,13.624678663239074,8.611825192802057,0.0,0.0,16.580976863753214,29.04884318766067,51.02827763496144,143.30555555555557,15.517099717921752,158.82265527347732,0.12522692627319937,34.629629629632205,0.0,37.649566948752295,0.0,157.8156972351755,456.5037909267955,94.57375822640576,70.96774193548387,16.90972222222222,0.2633101851851852,100.0,23.15880035260208,34.908504414130284
energy_starved,no_queue_pass,2,1231.5412425556983,2808.1618069140122,43.85577923335843,776.0,69.0721649484536,56.57216494845361,12.5,13.402061855670103,0.0,0.0,17.52577319587629,24.0979381443299,50.38659793814433,136.1805555555556,16.105359888909316,152.2859154444649,0.12365474267710327,28.398148148150614,0.5208333333333333,48.37519566665284,0.0,133.45223017945645,377.61521215201213,57.319384495215395,72.72727272727273,16.11111111111111,0.17650462962962962,100.0,25.400869495155316,39.61593942549263
energy_starved,no_queue_pass,3,1193.75463453501,3268.694270065943,36.520840920093974,796.0,63.81909547738694,51.005025125628144,12.814070351758794,21.105527638190956,0.0,0.0,15.075376884422111,30.77889447236181,39.07035175879397,154.11805555555554,13.97727448373433,168.09533003928988,0.14081229523751018,24.616846428192915,6.805555555555555,38.06789543713125,0.0,177.8495875264707,507.9597878436265,80.0508981469221,56.666666666666664,18.15972222222222,0.32841435185185186,90.435288635476,30.027008089394826,68.74425943804312
energy_starved,no_queue_pass,4,1163.177485382745,2724.9994455309497,42.68542099303462,808.0,70.54455445544555,58.415841584158414,12.128712871287128,16.08910891089109,0.0,0.0,13.366336633663366,22.400990099009903,52.722772277227726,126.41666666666667,17.59405651578076,144.01072318244744,0.12380803874918583,49.381495468801496,0.0,40.080943484226445,0.0,145.33008988715744,370.12421236983806,100.05462627487935,72.72727272727273,14.965277777777779,0.14756944444444445,100.0,25.300873966292162,38.53818210638097
energy_starved,no_queue_pass,5,1391.760010869209,3497.893243708397,39.78852165864538,835.0,67.54491017964072,54.97005988023952,12.574850299401197,17.724550898203592,0.0,0.0,14.730538922155688,29.580838323353294,42.9940119760479,180.8055555555556,16.247469305117274,197.05302486067288,0.14158549126411923,24.534310417398043,7.986111111111111,9.17222222222253,0.0,144.2598549666512,334.182195408463,84.55074565012174,51.724137931034484,21.38888888888889,0.23726851851851852,100.0,36.21029008661337,66.23564093799436
energy_starved,no_queue_pass,6,1333.9226316596246,3410.0336237797114,39.117580024946875,767.0,69.10039113428944,54.628422425032596,14.471968709256846,16.03650586701434,0.0,0.0,14.863102998696219,29.595827900912646,44.458930899608866,156.52777777777777,17.310356592490148,173.8381343702679,0.13032100231629173,25.22718973952824,2.430555555555556,31.792218452688182,0.0,151.72034841738954,371.8982489613036,128.90737386663196,66.66666666666667,18.506944444444443,0.22280092592592593,100.0,28.732658191430396,52.74060055667462
energy_starved,no_queue_pass,7,1367.3777917899852,2926.3724551927025,46.726034116526804,769.0,78.67360208062419,63.5890767230169,15.084525357607282,10.273081924577372,0.0,0.0,11.053315994798439,32.37971391417425,48.504551365409625,154.35416666666669,15.030072200732198,169.3842388673989,0.12387523030168865,26.686328374201302,1.4236111111111112,32.26684362704091,0.0,199.30271131346916,568.6392789423871,71.04543895855974,64.0,18.194444444444443,0.3168402777777778,100.0,27.589197524445286,45.54522098164671
energy_starved,no_queue_pass,8,1172.0577766107206,2802.6378202327633,41.81980875835678,753.0,69.8539176626826,55.245683930942896,14.608233731739707,19.9203187250996,0.0,0.0,10.225763612217795,27.224435590969456,45.55112881806109,147.36805555555557,15.408619299896912,162.77667485545248,0.1388811013448154,41.099537037041884,0.0,28.956347702263486,0.0,167.0136611451872,527.5596869053645,41.29143896631238,50.0,17.430555555555557,0.19820601851851852,100.0,24.373522248562757,34.744152499406
energy_starved,no_queue_pass,9,1280.94489150651,2629.337667287438,48.71739782391661,747.0,84.20348058902276,70.41499330655957,13.788487282463185,10.575635876840696,0.0,0.0,5.220883534136546,24.765729585006692,59.705488621151275,113.625,16.683520084411917,130.30852008441192,0.10172843574180386,50.417226666383876,0.0,40.64981324893082,0.0,184.51164480453312,475.3531595490486,114.49979131950663,76.92307692307692,13.402777777777779,0.2170138888888889,100.0,23.90227247007153,35.206208989380386
energy_starved,no_queue_pass,10,1568.8286135353117,3261.647398143676,48.09927076814587,774.0,83.85012919896641,67.95865633074935,15.891472868217054,10.335917312661499,0.0,0.0,5.813953488372093,33.85012919896641,51.55038759689923,176.36111111111114,17.43830554950087,193.79941666061202,0.12353128632954394,26.190787047130716,2.8819444444444446,11.986111111111455,0.0,182.59589455802924,448.7547133661767,131.92507542605225,78.57142857142857,20.833333333333332,0.2835648148148148,100.0,31.329710615469835,48.73407651044626
energy_starved,no_queue_pass,11,1094.767049510552,2948.8212247765814,37.1255822601961,775.0,65.16129032258064,52.645161290322584,12.516129032258064,10.96774193548387,0.0,0.0,23.870967741935484,27.225806451612904,43.354838709677416,152.0625,14.971236598287696,167.0337365982877,0.15257468396858043,24.342039043644153,12.36111111111111,38.33742886441772,0.0,167.8711095025949,484.10519085921203,101.02125721338275,57.142857142857146,17.98611111111111,0.20399305555555555,99.99999999999999,34.821190133783304,65.8041271146314
energy_starved,no_queue_pass,12,1026.6676482995163,2813.6630100289367,36.488650013882,738.0,67.20867208672087,52.84552845528455,14.363143631436314,15.582655826558266,0.0,0.0,17.208672086720867,28.59078590785908,44.71544715447155,138.96527777777777,15.822942636629634,154.78822041440742,0.1507676030025737,36.701388888893725,0.0,29.90622403004358,0.0,156.13911205643387,460.6599498669921,126.13257576992702,55.55555555555556,16.42361111111111,0.2097800925925926,100.0,26.739619794227746,41.98425215661779
energy_starved,no_queue_pass,13,1169.81042518392,3086.893770494354,37.896037640342236,812.0,66.25615763546799,53.20197044334975,13.054187192118226,19.58128078817734,0.0,0.0,14.16256157635468,25.0,45.8128078817734,159.11111111111114,16.985012257506405,176.09612336861755,0.150533898123648,36.9513888888923,0.0,21.383043298055377,0.0,130.65529565809197,348.7348026426543,100.92672514182307,50.0,18.854166666666668,0.15335648148148148,100.0,28.595473949168213,42.06180391875307
energy_starved,no_queue_pass,14,1333.2099795279064,3159.553502300217,42.19615140421909,752.0,82.84574468085107,66.09042553191489,16.75531914893617,4.654255319148936,0.0,0.0,12.5,33.51063829787234,51.994680851063826,171.39583333333337,16.637933612158665,188.03376694549203,0.14103837342417386,24.210381017261415,9.20138888888889,17.577777777778763,0.0,184.869841070888,449.99537243736637,116.18340907364646,76.92307692307692,20.243055555555557,0.2821180555555556,100.0,33.50143372114999,54.514297500595056
energy_starved,no_queue_pass,15,945.0793896175728,2341.495585981719,40.36221102767227,776.0,76.28865979381443,60.56701030927835,15.721649484536082,1.0309278350515463,0.0,0.0,22.68041237113402,26.030927835051546,55.92783505154639,123.67361111111111,17.861499582589445,141.53511069370057,0.14976002254262774,40.09027777778154,0.0,55.74961152852911,0.0,151.89035212414979,342.6840017777229,135.529421610446,68.75,14.583333333333334,0.24450231481481483,100.0,25.853265136334233,40.182422472528394
energy_starved,no_queue_pass,16,1263.7995822281162,2912.442900275749,43.39311105836479,768.0,77.99479166666667,66.40625,11.588541666666666,16.145833333333332,0.0,0.0,5.859375,23.828125,54.557291666666664,123.39583333333334,17.039839834047353,140.43567316738068,0.11112179109901937,34.524712675118,0.0,34.022660165960474,0.0,191.5766841036189,587.2873426040794,109.00905583294649,68.75,14.583333333333334,0.18663194444444445,100.0,27.378849065595286,40.087019778953525
energy_starved,no_queue_pass,17,1334.2935333065818,3076.19731981379,43.37477068562527,781.0,80.79385403329066,65.17285531370038,15.620998719590268,10.88348271446863,0.0,0.0,8.322663252240718,30.60179257362356,52.62483994878361,160.79166666666666,15.757400269472903,176.54906693613955,0.13231651246830536,33.20269730215321,0.0,15.16969865330909,0.0,167.28386081510484,383.0918881104374,145.63204731556763,80.0,18.993055555555557,0.2604166666666667,100.0,24.06100518310297,35.86207930084194
energy_starved,no_queue_pass,18,1396.5761953847464,3142.1940998029672,44.44589197950309,819.0,75.45787545787546,63.24786324786325,12.21001221001221,17.46031746031746,0.0,0.0,7.0818070818070815,27.83882783882784,50.06105006105006,143.0625,16.856170836252446,159.91867083625243,0.11450765906273809,25.965277777781704,2.118055555555556,28.70400140958494,0.0,170.48187544419082,538.1979873114127,88.60610850876331,77.41935483870968,16.875,0.2734375,100.0,28.248910431848607,39.05628847774398
energy_starved,no_queue_pass,19,1304.1802410684977,3285.854240723272,39.69075149180767,807.0,75.8364312267658,60.594795539033456,15.241635687732343,14.12639405204461,0.0,0.0,10.037174721189592,30.60718711276332,47.459727385377946,176.625,16.44199327853708,193.06699327853707,0.14803704825366762,22.27282936867067,12.36111111111111,12.376716851585812,0.0,182.55325799503265,531.307446152871,119.99124782713687,65.51724137931035,20.90277777777778,0.2170138888888889,100.0,41.03210680197889,71.91117893298718
energy_starved,no_storage_price,0,1488.236109959342,3565.8112587772926,41.73625584629665,784.0,80.61224489795919,65.3061224489796,15.306122448979592,11.607142857142858,0.0,0.0,7.780612244897959,32.78061224489796,50.12755102040816,169.65972222222223,15.24303471755605,184.90275693977827,0.1242428910993362,26.13995222386346,3.576388888888889,20.91327172591061,0.0,171.9146025389517,476.6292914588712,107.9825748025055,70.73170731707317,20.03472222222222,0.28501157407407407,100.0,25.600117670853244,45.672152762988574
energy_starved,no_storage_price,1,1287.5025258528156,3027.9408298358308,42.52072937378441,778.0,73.90745501285348,59.768637532133674,14.138817480719794,9.768637532133676,0.0,0.0,16.323907455012854,29.177377892030847,49.3573264781491,143.82638888888889,15.427436408865256,159.25382529775413,0.12369204883094706,47.63657407407683,0.0,28.539230257809372,0.0,152.19113385898115,453.1688408397235,94.57375822640576,70.96774193548387,16.979166666666668,0.25028935185185186,99.42216451085292,19.850168380548237,33.230276225734514
energy_starved,no_storage_price,2,1265.3866988408927,2808.1618069140122,45.061032299683276,776.0,69.71649484536083,56.829896907216494,12.88659793814433,13.402061855670103,0.0,0.0,16.88144329896907,23.969072164948454,50.25773195876289,137.2638888888889,15.954600449962495,153.2184893388514,0.12108432108477285,31.90319971134146,0.0,43.13959083435279,0.0,135.52215515257768,391.80282000843664,57.319384495215395,72.72727272727273,16.25,0.15914351851851852,99.06391760266942,20.95935947273844,37.512742758435564
energy_starved,no_storage_price,3,1220.953413239814,3268.694270065943,37.35294011498917,796.0,64.07035175879398,51.381909547738694,12.688442211055277,21.35678391959799,0.0,0.0,14.57286432160804,30.527638190954775,38.94472361809045,160.15972222222226,13.97727448373433,174.1369967059566,0.14262378467322687,24.718698280044194,5.0,31.923450992687535,0.0,170.1804149171538,497.9616515967763,80.0508981469221,56.666666666666664,18.88888888888889,0.31105324074074076,90.435288635476,24.397450463868555,62.52901691122038
energy_starved,no_storage_price,4,1201.181751302419,2724.9994455309497,44.080073237166324,808.0,71.2871287128713,58.78712871287129,12.5,16.336633663366335,0.0,0.0,12.376237623762377,22.64851485148515,52.103960396039604,126.70833333333336,17.59405651578076,144.30238984911412,0.12013368475890492,51.867606579912724,0.0,33.58927681756007,0.0,141.33899996626138,367.9660513834939,100.05462627487935,72.72727272727273,15.0,0.14756944444444445,100.0,22.939458955838553,38.47256967544905
energy_starved,no_storage_price,5,1355.645488744372,3497.893243708397,38.75605669734916,835.0,66.58682634730539,54.25149700598802,12.335329341317365,18.562874251497007,0.0,0.0,14.850299401197605,28.263473053892216,43.11377245508982,181.29166666666669,16.247469305117274,197.53913597178396,0.14571592471033779,24.48106967665779,8.26388888888889,8.072222222222592,0.0,140.83642840601516,324.35052893644587,90.55423306277739,48.275862068965516,21.458333333333332,0.2170138888888889,100.0,35.176430042820805,66.26490382692033
energy_starved,no_storage_price,6,1360.162305198474,3410.0336237797114,39.88706433020031,767.0,68.70925684485006,54.4980443285528,14.211212516297262,16.949152542372882,0.0,0.0,14.341590612777054,28.94393741851369,43.67666232073012,159.3402777777778,17.310356592490148,176.65063437026794,0.12987467282038168,24.38691196174932,2.7777777777777777,29.2422184526883,0.0,148.1423089255752,376.6515488747232,128.90737386663196,66.66666666666667,18.854166666666668,0.20109953703703703,100.0,25.971691244115423,52.27890976829999
energy_starved,no_storage_price,7,1423.119382075549,2926.3724551927025,48.63083574854918,769.0,79.32379713914175,64.36931079323797,14.95448634590377,10.533159947984394,0.0,0.0,10.143042912873861,30.039011703511054,50.455136540962286,153.47916666666669,15.030072200732198,168.5092388673989,0.11840836474423988,30.234306953722903,0.0,22.141843627041624,0.0,188.6316616556886,548.9351395224967,71.04543895855974,64.0,18.125,0.2560763888888889,100.0,24.725853521948604,39.57629893116922
energy_starved,no_storage_price,8,1223.4050593737838,2802.6378202327633,43.651914298087156,753.0,69.45551128818062,55.37848605577689,14.077025232403718,20.185922974767596,0.0,0.0,10.358565737051793,26.56042496679947,45.418326693227094,147.61805555555557,15.408619299896912,163.02667485545248,0.13325649882378274,45.107253993975,0.0,25.01468103559742,0.0,158.62021689546467,491.8477426659,41.29143896631238,50.0,17.46527777777778,0.18952546296296297,100.0,20.129950280965616,34.958287759329785
energy_starved,no_storage_price,9,1308.221723984491,2629.337667287438,49.75480100028845,747.0,83.80187416331995,70.01338688085676,13.788487282463185,11.646586345381525,0.0,0.0,4.551539491298527,25.167336010709505,59.17001338688085,126.10416666666669,16.626782892265098,142.7309495589318,0.10910302660638578,53.9262687251293,0.0,33.62162253933327,0.0,180.80200951259573,475.69353599920044,114.49979131950663,76.92307692307692,14.895833333333334,0.20399305555555555,99.65992073699223,20.103721056549645,33.17921343582401
energy_starved,no_storage_price,10,1584.0557833366013,3261.647398143676,48.56612594721752,774.0,83.59173126614986,68.21705426356588,15.37467700258398,11.24031007751938,0.0,0.0,5.167958656330749,31.65374677002584,52.97157622739018,179.9652777777778,17.43830554950087,197.40358332727868,0.12461908564323063,26.225509269353235,3.854166666666667,8.361111111111462,0.0,178.26272938929432,442.03408416510973,131.92507542605225,78.57142857142857,21.28472222222222,0.24450231481481483,100.0,28.714782739870458,45.886979693443735
energy_starved,no_storage_price,11,1117.1681943854062,2948.8212247765814,37.885246653772604,775.0,65.16129032258064,52.25806451612903,12.903225806451612,11.741935483870968,0.0,0.0,23.096774193548388,27.483870967741936,42.83870967741935,163.5625,14.797421928186456,178.35992192818645,0.15965359811045154,24.536483488088585,7.881944444444445,27.38624353451967,0.0,162.27879400171338,476.4638547256558,101.02125721338275,57.142857142857146,19.375,0.16927083333333334,98.83900926312846,27.61615228164998,55.27903026297142
energy_starved,no_storage_price,12,1064.4509133332224,2813.6630100289367,37.83149970480208,738.0,66.80216802168022,52.710027100271006,14.092140921409214,16.124661246612465,0.0,0.0,17.073170731707318,27.642276422764226,44.3089430894309,138.29861111111111,15.822942636629634,154.12155374774073,0.14478972380710764,43.35693224648322,0.0,29.1603906967117,0.0,144.3096981537068,450.264118756214,126.13257576992702,55.55555555555556,16.354166666666668,0.19241898148148148,100.0,22.697890739285878,42.84324512209764
energy_starved,no_storage_price,13,1201.197085253377,3086.893770494354,38.91280926913821,812.0,66.7487684729064,53.44827586206897,13.300492610837438,19.704433497536947,0.0,0.0,13.54679802955665,24.261083743842363,46.05911330049261,159.09027777777777,16.89300539044975,175.98328316822753,0.1465065852462555,36.63143489625011,0.0,13.68333333333429,0.0,132.40079654018245,353.5741685263351,100.92672514182307,50.0,18.854166666666668,0.1490162037037037,99.45830555985623,25.176685713058635,40.79691043398947
energy_starved,no_storage_price,14,1378.9403701548556,3159.553502300217,43.643520173054824,752.0,83.11170212765957,66.62234042553192,16.48936170212766,4.787234042553192,0.0,0.0,12.101063829787234,32.84574468085106,52.659574468085104,174.83333333333334,16.637933612158665,191.471266945492,0.13885391354811788,24.883992128373027,7.222222222222221,14.277777777778795,0.0,180.99384701621096,437.0197233078298,111.21645816604665,84.61538461538461,20.65972222222222,0.2690972222222222,100.0,31.316043400914925,49.98417508238798
energy_starved,no_storage_price,15,958.8981537455962,2341.495585981719,40.952379303485166,776.0,76.15979381443299,59.922680412371136,16.237113402061855,1.288659793814433,0.0,0.0,22.551546391752577,25.9020618556701,55.28350515463917,124.75694444444446,17.861499582589445,142.6184440270339,0.14873158684261245,47.525462962966806,0.0,49.91627819519579,0.0,148.9762643013764,342.0934969951042,135.529421610446,68.75,14.722222222222221,0.2271412037037037,100.0,25.45238707704416,41.37259442407998
energy_starved,no_storage_price,16,1309.5843322371488,2912.442900275749,44.96515046228573,768.0,78.125,66.14583333333333,11.979166666666666,16.276041666666668,0.0,0.0,5.598958333333333,24.088541666666668,54.427083333333336,129.16666666666669,17.039839834047353,146.20650650071403,0.11164344510059236,52.05943489734106,0.0,25.226826832628795,0.0,182.60346558566872,569.8670731029667,109.00905583294649,68.75,15.277777777777779,0.1736111111111111,100.0,22.461202972177873,38.21344224851213
energy_starved,no_storage_price,17,1366.4169547212691,3076.19731981379,44.419028191728025,781.0,80.92189500640205,65.30089628681178,15.620998719590268,11.139564660691422,0.0,0.0,7.9385403329065305,29.833546734955185,52.752880921895006,158.41666666666669,15.757400269472903,174.17406693613958,0.12746772962259442,39.16103063548748,0.0,11.558333333333678,0.0,164.2522749281767,380.5746813909345,145.63204731556763,80.0,18.71527777777778,0.2517361111111111,100.0,20.59222094846189,34.815744029662106
energy_starved,no_storage_price,18,1430.4501027086528,3142.1940998029672,45.5239255524778,819.0,75.21367521367522,63.24786324786325,11.965811965811966,18.07081807081807,0.0,0.0,6.715506715506716,26.373626373626372,50.91575091575091,151.8125,16.856170836252446,168.66867083625243,0.1179130055056566,27.05660156559536,1.4583333333333333,21.99920713689717,0.0,171.2265834685547,545.6297343433353,88.60610850876331,77.41935483870968,17.95138888888889,0.2126736111111111,100.0,23.244417923359844,36.46267642253971
energy_starved,no_storage_price,19,1343.0070828658647,3285.854240723272,40.872387649497384,807.0,75.46468401486989,60.84262701363073,14.622057001239158,14.49814126394052,0.0,0.0,10.037174721189592,29.615861214374224,47.95539033457249,182.95833333333334,16.333927384017066,199.29226071735042,0.14839256118595995,21.776787693310585,13.29861111111111,6.891666666667014,0.0,177.7944623796617,483.504328055383,119.99124782713687,65.51724137931035,21.666666666666668,0.1996527777777778,99.34274456454692,36.14599032605692,68.0625370901004
event_surge,full_engine,0,2744.234514572898,7585.55971920315,36.17708667727917,1118.0,77.28085867620752,54.91949910554562,22.361359570661897,16.726296958855098,0.0,0.0,5.992844364937389,42.39713774597495,36.314847942754916,182.80555555555557,15.023761857834792,197.82931741339036,0.07208907123747757,72.7610780601249,0.0,180.72623814215314,0.0,167.12115881673782,465.34733047765826,112.98704450175744,70.6896551724138,21.25,0.8969907407407407,98.5614881564974,21.056542818026422,34.38325315891872
event_surge,full_engine,1,3084.144924945882,8487.727611665385,36.33652098716136,1204.0,77.15946843853821,52.57475083056478,24.58471760797342,10.215946843853821,0.0,0.0,12.624584717607974,47.840531561461795,34.053156146179404,172.39583333333334,15.517099717921752,187.9129330512551,0.06092869745884345,79.66145833333172,0.0,190.1148447265108,0.0,147.08598201617878,393.9533499054201,106.41479178638899,68.24644549763033,19.82638888888889,1.2196180555555556,100.0,21.489638611565763,36.175900289612265
event_surge,full_engine,2,2127.185054078048,6839.5242563927095,31.101359894876143,1118.0,65.83184257602862,43.64937388193202,22.182468694096602,18.87298747763864,0.0,0.0,15.295169946332736,40.608228980322004,30.948121645796064,143.93055555555554,16.105359888909316,160.03591544446485,0.07523365921439622,78.76538941965144,0.0,225.2835289999686,0.0,138.6970844646781,358.48479175798633,109.85334871056479,58.860759493670884,16.59722222222222,0.9403935185185185,100.0,24.04823275276158,39.16810717401216
event_surge,full_engine,3,2325.702062538784,7689.448029797223,30.2453707148615,1158.0,60.880829015544045,41.278065630397236,19.602763385146805,29.879101899827287,0.0,0.0,9.24006908462867,36.09671848013817,27.54749568221071,141.67361111111114,14.58734255161793,156.26095366272907,0.0671887238609366,79.11458333333299,0.0,221.73904633725905,0.0,148.9821750906212,479.76300378358246,106.52443920846756,55.208333333333336,16.38888888888889,0.8347800925925926,94.38253041501929,18.393102008954074,33.219565804923676
event_surge,full_engine,4,2755.1575321072796,7921.263852268599,34.781792192393894,1148.0,68.20557491289199,48.86759581881533,19.337979094076655,22.99651567944251,0.0,0.0,8.797909407665506,36.58536585365854,34.58188153310105,160.99305555555557,17.59405651578076,178.58711207133632,0.0648192018024988,80.39583333333333,0.0,198.37122126198486,0.0,141.41677358630452,363.32674462564944,96.39291210354435,63.387978142076506,18.71527777777778,0.7884837962962963,100.0,25.47647439318948,37.89511897487236
event_surge,full_engine,5,2501.6677722495115,7743.281885927445,32.30759010331285,1168.0,67.97945205479452,46.917808219178085,21.061643835616437,23.20205479452055,0.0,0.0,8.818493150684931,38.784246575342465,32.10616438356164,183.31944444444446,16.22485887006723,199.5443033145117,0.07976450971148759,76.73795272171347,0.0,180.91403001880906,0.0,133.17187109469742,330.83125373299777,115.65170847813883,62.430939226519335,21.354166666666668,0.8217592592592593,99.86083718870039,23.167194700037548,38.462431508588985
event_surge,full_engine,6,2122.2589536431956,6849.718787566753,30.983154483588546,1072.0,69.02985074626865,48.041044776119406,20.988805970149254,21.73507462686567,0.0,0.0,9.235074626865671,37.3134328358209,34.701492537313435,123.77083333333334,17.14778628693489,140.91861962026823,0.0664002945438675,80.39583333333333,0.0,236.33138037971992,0.0,149.4837146952078,375.56890490612466,121.57528532588871,62.25165562913907,14.270833333333334,0.8116319444444444,99.06084947073947,20.727452189500074,32.78159454888683
event_surge,full_engine,7,2920.2757904247355,8272.109646299994,35.302672658974444,1174.0,77.85349233390119,53.15161839863714,24.701873935264054,13.969335604770016,0.0,0.0,8.17717206132879,46.33730834752981,34.07155025553663,174.86111111111114,15.030072200732198,189.89118331184335,0.06502508562187029,74.36284722222074,0.0,193.7754833548115,0.0,166.9678227438785,558.9934230932614,96.08615778161399,61.92893401015228,20.17361111111111,1.1255787037037037,100.0,23.42198240811429,40.90506263083581
event_surge,full_engine,8,2206.874846377808,7685.071479130712,28.716386729397552,1105.0,65.15837104072398,45.339366515837106,19.81900452488688,25.429864253393664,0.0,0.0,9.411764705882353,36.56108597285068,31.67420814479638,176.68055555555557,15.408619299896912,192.08917485545248,0.08704126342766227,68.4288194444417,0.0,186.55665847787037,0.0,147.88322261233918,446.6908313999047,111.62983122971995,54.705882352941174,20.625,0.7146990740740741,100.0,21.300119624758917,38.25824165099584
event_surge,full_engine,9,2850.1616408022464,7617.751909098469,37.41473435749566,1055.0,83.98104265402844,60.18957345971564,23.791469194312796,13.364928909952607,0.0,0.0,2.654028436018957,46.540284360189574,38.00947867298578,182.61111111111111,16.683520084411917,199.29463119552304,0.06992397495723322,73.10805888867154,0.0,177.6637021377984,0.0,169.29223865838156,435.78778439015986,134.759953794455,77.77777777777777,21.180555555555557,0.9780092592592593,100.0,22.761957841898944,36.04621735424699
event_surge,full_engine,10,2889.726136804797,7834.6655728532905,36.883847943906474,1156.0,81.66089965397924,58.73702422145329,22.92387543252595,14.792387543252595,0.0,0.0,3.546712802768166,45.24221453287197,37.0242214532872,188.12500000000003,17.43830554950087,205.5633055495009,0.07113591247674238,77.13776221646536,0.0,171.39502778382047,0.0,168.9396575121036,404.66877887116794,147.06801671028842,78.45303867403315,21.805555555555557,1.0329861111111112,100.0,25.274841453307744,42.09789157064565
event_surge,full_engine,11,2292.6804264587627,7249.792492438669,31.624083432042564,1137.0,66.13896218117854,42.39226033421284,23.7467018469657,16.27088830255057,0.0,0.0,17.590149516270888,42.39226033421284,29.11169744942832,152.32638888888889,14.615424967621832,166.94181385651072,0.0728151258805687,77.84722222222194,0.0,213.37763058792194,0.0,151.81862263718725,454.6270371820538,105.77819482650675,54.49101796407186,17.569444444444443,0.9881365740740741,97.62336512197957,20.500443869829727,37.395810609724535
event_surge,full_engine,12,2198.2627024057188,6992.972080477944,31.435313584942495,1117.0,64.36884512085945,41.53983885407341,22.829006266786035,20.590868397493285,0.0,0.0,15.04028648164727,41.27126230975828,29.00626678603402,153.52083333333334,15.46950715135157,168.9903404846849,0.07687449743824816,80.39583333333333,0.0,206.50965951530316,0.0,138.64433145761026,421.6955354352413,97.60834431154593,52.83018867924528,17.743055555555557,0.9331597222222222,97.76631001328495,22.0811318502964,43.91498467484869
event_surge,full_engine,13,3046.3975944623444,8291.38410577952,36.74172557436881,1201.0,68.02664446294754,45.87843463780183,22.148209825145713,22.231473771856788,0.0,0.0,9.74188176519567,41.63197335553705,29.39217318900916,184.09722222222223,16.94165155313292,201.03887377535514,0.06599232947820007,76.99898877980361,0.0,178.28057066907724,0.0,121.26542813440112,349.9844907897809,91.58521187317514,68.13725490196079,21.354166666666668,0.9837962962962963,99.74471196301718,24.45687892205804,42.550338248417376
event_surge,full_engine,14,3221.99502116624,7987.521370628323,40.33785791189423,1155.0,84.32900432900433,57.22943722943723,27.0995670995671,6.666666666666667,0.0,0.0,9.004329004329005,51.86147186147186,35.324675324675326,192.05555555555557,16.637933612158665,208.69348916771423,0.06477151199699095,77.53156096244767,0.0,171.58428861005123,0.0,163.79560402477884,395.60547259301285,114.58133036795877,80.21978021978022,22.15277777777778,1.244212962962963,100.0,25.528731272762446,36.94532046900063
event_surge,full_engine,15,2551.073705168362,7361.344769164905,34.65499559067336,1177.0,81.81818181818181,52.67629566694987,29.141886151231947,1.6142735768903993,0.0,0.0,16.567544604927782,50.12744265080714,37.128292268479186,162.5138888888889,17.861499582589445,180.37538847147835,0.07070567506773554,78.62847222222192,0.0,196.74961152850983,0.0,151.1832523519352,345.238094804901,129.23917875643355,77.52808988764045,18.61111111111111,1.2876157407407407,100.0,26.031851006332325,40.5338215089397
event_surge,full_engine,16,2978.7334146409294,8028.442437545546,37.10225785154395,1151.0,75.93397046046915,55.43006081668115,20.50390964378801,20.156385751520418,0.0,0.0,3.909643788010426,39.96524761077324,36.22936576889661,156.18750000000003,16.83119321056207,173.0186932105621,0.05808465180541126,78.58780987166934,0.0,201.89797345609284,0.0,159.31377397663542,479.108340620807,107.53099467398754,71.64179104477611,18.055555555555557,0.9418402777777778,98.77553647500615,21.83838298324787,41.130767456174524
event_surge,full_engine,17,2905.007644325196,8039.355028129741,36.134834624924025,1164.0,78.95189003436425,54.553264604811,24.398625429553263,16.666666666666668,0.0,0.0,4.381443298969073,44.58762886597938,34.62199312714777,154.3263888888889,15.67132049069334,169.99770937958226,0.05851885096125832,79.28819444444414,0.0,208.12729062040583,0.0,162.047121401028,381.76776227172275,122.26644184154559,77.38693467336684,17.743055555555557,1.1009837962962963,99.4537183970231,21.239597467977685,33.98166499354717
event_surge,full_engine,18,2536.3990080828207,7352.486253787173,34.49716083149905,1130.0,70.0,49.73451327433628,20.265486725663717,24.24778761061947,0.0,0.0,5.752212389380531,38.4070796460177,33.097345132743364,137.8263888888889,16.854625638857122,154.68101452774604,0.06098449574961167,79.66843669006707,0.0,226.36065213890873,0.0,158.95147515686884,503.62080135875715,99.33178693645759,63.905325443786985,15.902777777777779,0.8839699074074074,99.99083304618627,20.99009705880741,39.10156685417906
event_surge,full_engine,19,2828.4594601074427,8019.742933437865,35.26870478995456,1189.0,71.15222876366694,50.04205214465938,21.110176619007568,21.530698065601346,0.0,0.0,7.317073170731708,39.949537426408746,32.548359966358284,188.13194444444446,16.171530526934248,204.3034749713787,0.07223136051722585,75.10579837382156,0.0,174.52985836194247,0.0,162.4190630187104,472.3841538449124,104.73319546069025,65.10416666666667,21.875,0.9129050925925926,98.3550488859773,24.376695471301765,36.87349906129062
event_surge,no_battery_guard,0,2744.234514572898,7585.55971920315,36.17708667727917,1118.0,77.28085867620752,54.91949910554562,22.361359570661897,16.726296958855098,0.0,0.0,5.992844364937389,42.39713774597495,36.314847942754916,182.80555555555557,15.023761857834792,197.82931741339036,0.07208907123747757,72.7610780601249,0.0,180.72623814215314,0.0,167.12115881673782,465.34733047765826,112.98704450175744,70.6896551724138,21.25,0.8969907407407407,98.5614881564974,21.056542818026422,34.38325315891872
event_surge,no_battery_guard,1,3084.144924945882,8487.727611665385,36.33652098716136,1204.0,77.15946843853821,52.57475083056478,24.58471760797342,10.215946843853821,0.0,0.0,12.624584717607974,47.840531561461795,34.053156146179404,172.39583333333334,15.517099717921752,187.9129330512551,0.06092869745884345,79.66145833333172,0.0,190.1148447265108,0.0,147.08598201617878,393.9533499054201,106.41479178638899,68.24644549763033,19.82638888888889,1.2196180555555556,100.0,21.489638611565763,36.175900289612265
event_surge,no_battery_guard,2,2127.185054078048,6839.5242563927095,31.101359894876143,1118.0,65.83184257602862,43.64937388193202,22.182468694096602,18.87298747763864,0.0,0.0,15.295169946332736,40.608228980322004,30.948121645796064,143.93055555555554,16.105359888909316,160.03591544446485,0.07523365921439622,78.76538941965144,0.0,225.2835289999686,0.0,138.6970844646781,358.48479175798633,109.85334871056479,58.860759493670884,16.59722222222222,0.9403935185185185,100.0,24.04823275276158,39.16810717401216
event_surge,no_battery_guard,3,2325.702062538784,7689.448029797223,30.2453707148615,1158.0,60.880829015544045,41.278065630397236,19.602763385146805,29.879101899827287,0.0,0.0,9.24006908462867,36.09671848013817,27.54749568221071,141.67361111111114,14.58734255161793,156.26095366272907,0.0671887238609366,79.11458333333299,0.0,221.73904633725905,0.0,148.9821750906212,479.76300378358246,106.52443920846756,55.208333333333336,16.38888888888889,0.8347800925925926,94.38253041501929,18.393102008954074,33.219565804923676
event_surge,no_battery_guard,4,2755.1575321072796,7921.263852268599,34.781792192393894,1148.0,68.20557491289199,48.86759581881533,19.337979094076655,22.99651567944251,0.0,0.0,8.797909407665506,36.58536585365854,34.58188153310105,160.99305555555557,17.59405651578076,178.58711207133632,0.0648192018024988,80.39583333333333,0.0,198.37122126198486,0.0,141.41677358630452,363.32674462564944,96.39291210354435,63.387978142076506,18.71527777777778,0.7884837962962963,100.0,25.47647439318948,37.89511897487236
event_surge,no_battery_guard,5,2501.6677722495115,7743.281885927445,32.30759010331285,1168.0,67.97945205479452,46.917808219178085,21.061643835616437,23.20205479452055,0.0,0.0,8.818493150684931,38.784246575342465,32.10616438356164,183.31944444444446,16.22485887006723,199.5443033145117,0.07976450971148759,76.73795272171347,0.0,180.91403001880906,0.0,133.17187109469742,330.83125373299777,115.65170847813883,62.430939226519335,21.354166666666668,0.8217592592592593,99.86083718870039,23.167194700037548,38.462431508588985
event_surge,no_battery_guard,6,2122.2589536431956,6849.718787566753,30.983154483588546,1072.0,69.02985074626865,48.041044776119406,20.988805970149254,21.73507462686567,0.0,0.0,9.235074626865671,37.3134328358209,34.701492537313435,123.77083333333334,17.14778628693489,140.91861962026823,0.0664002945438675,80.39583333333333,0.0,236.33138037971992,0.0,149.4837146952078,375.56890490612466,121.57528532588871,62.25165562913907,14.270833333333334,0.8116319444444444,99.06084947073947,20.727452189500074,32.78159454888683
event_surge,no_battery_guard,7,2920.2757904247355,8272.109646299994,35.302672658974444,1174.0,77.85349233390119,53.15161839863714,24.701873935264054,13.969335604770016,0.0,0.0,8.17717206132879,46.33730834752981,34.07155025553663,174.86111111111114,15.030072200732198,189.89118331184335,0.06502508562187029,74.36284722222074,0.0,193.7754833548115,0.0,166.9678227438785,558.9934230932614,96.08615778161399,61.92893401015228,20.17361111111111,1.1255787037037037,100.0,23.42198240811429,40.90506263083581
event_surge,no_battery_guard,8,2206.874846377808,7685.071479130712,28.716386729397552,1105.0,65.15837104072398,45.339366515837106,19.81900452488688,25.429864253393664,0.0,0.0,9.411764705882353,36.56108597285068,31.67420814479638,176.68055555555557,15.408619299896912,192.08917485545248,0.08704126342766227,68.4288194444417,0.0,186.55665847787037,0.0,147.88322261233918,446.6908313999047,111.62983122971995,54.705882352941174,20.625,0.7146990740740741,100.0,21.300119624758917,38.25824165099584
event_surge,no_battery_guard,9,2850.1616408022464,7617.751909098469,37.41473435749566,1055.0,83.98104265402844,60.18957345971564,23.791469194312796,13.364928909952607,0.0,0.0,2.654028436018957,46.540284360189574,38.00947867298578,182.61111111111111,16.683520084411917,199.29463119552304,0.06992397495723322,73.10805888867154,0.0,177.6637021377984,0.0,169.29223865838156,435.78778439015986,134.759953794455,77.77777777777777,21.180555555555557,0.9780092592592593,100.0,22.761957841898944,36.04621735424699
event_surge,no_battery_guard,10,2889.726136804797,7834.6655728532905,36.883847943906474,1156.0,81.66089965397924,58.73702422145329,22.92387543252595,14.792387543252595,0.0,0.0,3.546712802768166,45.24221453287197,37.0242214532872,188.12500000000003,17.43830554950087,205.5633055495009,0.07113591247674238,77.13776221646536,0.0,171.39502778382047,0.0,168.9396575121036,404.66877887116794,147.06801671028842,78.45303867403315,21.805555555555557,1.0329861111111112,100.0,25.274841453307744,42.09789157064565
event_surge,no_battery_guard,11,2292.6804264587627,7249.792492438669,31.624083432042564,1137.0,66.13896218117854,42.39226033421284,23.7467018469657,16.27088830255057,0.0,0.0,17.590149516270888,42.39226033421284,29.11169744942832,152.32638888888889,14.615424967621832,166.94181385651072,0.0728151258805687,77.84722222222194,0.0,213.37763058792194,0.0,151.81862263718725,454.6270371820538,105.77819482650675,54.49101796407186,17.569444444444443,0.9881365740740741,97.62336512197957,20.500443869829727,37.395810609724535
event_surge,no_battery_guard,12,2198.2627024057188,6992.972080477944,31.435313584942495,1117.0,64.36884512085945,41.53983885407341,22.829006266786035,20.590868397493285,0.0,0.0,15.04028648164727,41.27126230975828,29.00626678603402,153.52083333333334,15.46950715135157,168.9903404846849,0.07687449743824816,80.39583333333333,0.0,206.50965951530316,0.0,138.64433145761026,421.6955354352413,97.60834431154593,52.83018867924528,17.743055555555557,0.9331597222222222,97.76631001328495,22.0811318502964,43.91498467484869
event_surge,no_battery_guard,13,3046.3975944623444,8291.38410577952,36.74172557436881,1201.0,68.02664446294754,45.87843463780183,22.148209825145713,22.231473771856788,0.0,0.0,9.74188176519567,41.63197335553705,29.39217318900916,184.09722222222223,16.94165155313292,201.03887377535514,0.06599232947820007,76.99898877980361,0.0,178.28057066907724,0.0,121.26542813440112,349.9844907897809,91.58521187317514,68.13725490196079,21.354166666666668,0.9837962962962963,99.74471196301718,24.45687892205804,42.550338248417376
event_surge,no_battery_guard,14,3221.99502116624,7987.521370628323,40.33785791189423,1155.0,84.32900432900433,57.22943722943723,27.0995670995671,6.666666666666667,0.0,0.0,9.004329004329005,51.86147186147186,35.324675324675326,192.05555555555557,16.637933612158665,208.69348916771423,0.06477151199699095,77.53156096244767,0.0,171.58428861005123,0.0,163.79560402477884,395.60547259301285,114.58133036795877,80.21978021978022,22.15277777777778,1.244212962962963,100.0,25.528731272762446,36.94532046900063
event_surge,no_battery_guard,15,2551.073705168362,7361.344769164905,34.65499559067336,1177.0,81.81818181818181,52.67629566694987,29.141886151231947,1.6142735768903993,0.0,0.0,16.567544604927782,50.12744265080714,37.128292268479186,162.5138888888889,17.861499582589445,180.37538847147835,0.07070567506773554,78.62847222222192,0.0,196.74961152850983,0.0,151.1832523519352,345.238094804901,129.23917875643355,77.52808988764045,18.61111111111111,1.2876157407407407,100.0,26.031851006332325,40.5338215089397
event_surge,no_battery_guard,16,2978.7334146409294,8028.442437545546,37.10225785154395,1151.0,75.93397046046915,55.43006081668115,20.50390964378801,20.156385751520418,0.0,0.0,3.909643788010426,39.96524761077324,36.22936576889661,156.18750000000003,16.83119321056207,173.0186932105621,0.05808465180541126,78.58780987166934,0.0,201.89797345609284,0.0,159.31377397663542,479.108340620807,107.53099467398754,71.64179104477611,18.055555555555557,0.9418402777777778,98.77553647500615,21.83838298324787,41.130767456174524
event_surge,no_battery_guard,17,2905.007644325196,8039.355028129741,36.134834624924025,1164.0,78.95189003436425,54.553264604811,24.398625429553263,16.666666666666668,0.0,0.0,4.381443298969073,44.58762886597938,34.62199312714777,154.3263888888889,15.67132049069334,169.99770937958226,0.05851885096125832,79.28819444444414,0.0,208.12729062040583,0.0,162.047121401028,381.76776227172275,122.26644184154559,77.38693467336684,17.743055555555557,1.1009837962962963,99.4537183970231,21.239597467977685,33.98166499354717
event_surge,no_battery_guard,18,2536.3990080828207,7352.486253787173,34.49716083149905,1130.0,70.0,49.73451327433628,20.265486725663717,24.24778761061947,0.0,0.0,5.752212389380531,38.4070796460177,33.097345132743364,137.8263888888889,16.854625638857122,154.68101452774604,0.06098449574961167,79.66843669006707,0.0,226.36065213890873,0.0,158.95147515686884,503.62080135875715,99.33178693645759,63.905325443786985,15.902777777777779,0.8839699074074074,99.99083304618627,20.99009705880741,39.10156685417906
event_surge,no_battery_guard,19,2828.4594601074427,8019.742933437865,35.26870478995456,1189.0,71.15222876366694,50.04205214465938,21.110176619007568,21.530698065601346,0.0,0.0,7.317073170731708,39.949537426408746,32.548359966358284,188.13194444444446,16.171530526934248,204.3034749713787,0.07223136051722585,75.10579837382156,0.0,174.52985836194247,0.0,162.4190630187104,472.3841538449124,104.73319546069025,65.10416666666667,21.875,0.9129050925925926,98.3550488859773,24.376695471301765,36.87349906129062
event_surge,no_prices,0,2738.1144221938907,7585.55971920315,36.0964058494226,1118.0,77.10196779964222,54.830053667262966,22.271914132379248,16.905187835420392,0.0,0.0,5.992844364937389,42.21824686940966,36.314847942754916,182.5138888888889,15.002517660499336,197.51640654938825,0.0721359213290765,73.49024472679156,0.0,181.03914900615507,0.0,166.8214073648631,465.4236343333181,112.98704450175744,70.6896551724138,21.21527777777778,0.8969907407407407,98.42211828869156,23.35975898140644,44.6789891474082
event_surge,no_prices,1,3071.914118486686,8487.727611665385,36.192421093541,1204.0,76.99335548172758,52.6578073089701,24.335548172757473,10.215946843853821,0.0,0.0,12.790697674418604,46.67774086378738,34.71760797342193,164.41666666666669,15.517099717921752,179.93376638458844,0.05857382708121704,80.39583333333333,0.0,196.34401139317762,0.0,150.17334832972514,407.2977561852043,106.41479178638899,68.24644549763033,18.88888888888889,1.1979166666666667,100.0,24.41243560686159,49.315864516805064
event_surge,no_prices,2,2123.9218650658636,6839.5242563927095,31.05364913474346,1118.0,65.56350626118068,43.559928443649376,22.003577817531305,18.87298747763864,0.0,0.0,15.56350626118068,38.998211091234346,31.305903398926656,129.22222222222223,16.105359888909316,145.32758211113153,0.06842416592694424,77.67163941965147,0.0,237.35297344441244,0.0,140.86633720947793,397.2921831949049,109.85334871056479,58.860759493670884,14.86111111111111,0.9143518518518519,100.0,27.58363438463264,53.609207390311454
event_surge,no_prices,3,2320.951653096346,7689.448029797223,30.183592425652318,1158.0,60.70811744386874,41.278065630397236,19.430051813471504,29.879101899827287,0.0,0.0,9.412780656303973,35.060449050086355,28.324697754749568,137.40277777777777,14.58734255161793,151.9901203293957,0.06548612080162376,80.20833333333296,0.0,226.59321300392557,0.0,151.6808957870121,498.45054464341735,106.52443920846756,55.208333333333336,15.902777777777779,0.7957175925925926,94.38253041501929,21.93518743954287,44.483057468904306
event_surge,no_prices,4,2738.0183121218747,7921.263852268599,34.56542242735323,1148.0,68.11846689895471,48.606271777003485,19.51219512195122,22.99651567944251,0.0,0.0,8.885017421602788,35.36585365853659,34.930313588850176,145.81944444444446,17.59405651578076,163.4135009602252,0.059683129304414724,72.28787544317062,0.0,212.6698323730965,0.0,144.73369577777692,372.0257741545806,96.39291210354435,63.387978142076506,16.90972222222222,0.7870370370370371,100.0,31.29388383741228,49.18200063855668
event_surge,no_prices,5,2474.192797492844,7743.281885927445,31.952766720134708,1168.0,67.63698630136986,46.832191780821915,20.804794520547944,23.373287671232877,0.0,0.0,8.98972602739726,37.75684931506849,32.4486301369863,173.65277777777777,15.900608339127245,189.55338611690502,0.07661221320706446,75.25935999371525,0.0,187.98828054974925,0.0,140.20012514892525,341.56849564946486,115.65170847813883,62.430939226519335,20.208333333333332,0.8130787037037037,97.86513850571927,30.95141330779519,54.71343147069543
event_surge,no_prices,6,2114.7715946693547,6849.718787566753,30.873845485569074,1072.0,68.84328358208955,47.94776119402985,20.895522388059703,21.73507462686567,0.0,0.0,9.421641791044776,36.56716417910448,34.79477611940298,110.04166666666667,17.310356592490148,127.35202325915682,0.06022022594788463,80.39583333333333,0.0,250.4813100741649,0.0,150.10058961069353,379.6138992760005,121.57528532588871,62.25165562913907,12.63888888888889,0.8072916666666666,100.0,24.35412985314019,45.995377168118765
event_surge,no_prices,7,2892.7663825830205,8272.109646299994,34.97011652737119,1174.0,77.51277683134583,52.89608177172061,24.61669505962521,13.969335604770016,0.0,0.0,8.517887563884157,44.4633730834753,35.34923339011925,161.73611111111114,15.030072200732198,176.76618331184335,0.061106276806910546,74.30555555555404,0.0,203.98381668814503,0.0,168.9379394788946,567.1445410641621,96.08615778161399,61.92893401015228,18.645833333333332,1.0648148148148149,100.0,29.34719652347013,52.830138730979485
event_surge,no_prices,8,2185.4704533309537,7685.071479130712,28.437867614709038,1105.0,64.79638009049773,45.067873303167424,19.728506787330318,25.61085972850679,0.0,0.0,9.592760180995475,35.65610859728507,31.855203619909503,168.18055555555557,15.408619299896912,183.58917485545248,0.08400441862558135,70.36458333333184,0.0,192.494158477869,0.0,147.91033499152235,445.640087857058,111.62983122971995,54.705882352941174,19.618055555555557,0.7060185185185185,100.0,25.45023755197636,50.10101146912199
event_surge,no_prices,9,2845.1854267405106,7617.751909098469,37.34941043882364,1055.0,83.88625592417061,60.09478672985782,23.791469194312796,13.459715639810426,0.0,0.0,2.654028436018957,45.97156398104266,38.48341232227488,183.69444444444446,16.584208084941537,200.278652529386,0.07039212651908891,67.32680888867165,0.0,176.6796808039365,0.0,169.99571993287236,438.56116807550524,134.759953794455,77.77777777777777,21.319444444444443,0.9606481481481481,99.40472994327396,27.727519254989055,49.829999675239264
event_surge,no_prices,10,2856.061292759243,7834.6655728532905,36.454157056241776,1156.0,81.31487889273356,58.65051903114187,22.664359861591695,14.965397923875432,0.0,0.0,3.7197231833910034,43.339100346020764,38.49480968858131,185.0,17.43830554950087,202.43830554950088,0.07088023848183073,77.92823669567832,0.0,173.93669445048744,0.0,170.32676055916824,408.2286768951029,147.06801671028842,78.45303867403315,21.458333333333332,0.9895833333333334,100.0,32.4568259984134,59.705188421236706
event_surge,no_prices,11,2288.755627159911,7249.792492438669,31.56994671981328,1137.0,65.61125769569041,42.30430958663148,23.306948109058926,16.27088830255057,0.0,0.0,18.117854001759014,41.16094986807388,29.463500439753737,138.26388888888889,14.555872944624138,152.819761833513,0.06676980277844044,80.16144401200457,0.0,225.16634927758636,0.0,153.0396787232442,457.4238337882033,105.77819482650675,54.49101796407186,15.902777777777779,0.9751157407407407,97.22558887546359,22.959349115235256,49.3651338281728
event_surge,no_prices,12,2188.2929126697827,6992.972080477944,31.29274487994554,1117.0,64.18979409131603,41.80841539838854,22.381378692927484,20.590868397493285,0.0,0.0,15.21933751119069,39.659803043867505,29.991047448522828,143.75,15.688731211807104,159.4387312118071,0.07285986729138882,80.39583333333333,0.0,216.06126878818097,0.0,141.6413948791786,435.4524446093041,97.60834431154593,52.83018867924528,16.59722222222222,0.9027777777777778,99.15179225568427,24.525742390323614,56.747450289908045
event_surge,no_prices,13,3005.413541938347,8291.38410577952,36.24742869943053,1201.0,67.8601165695254,45.96169858451291,21.89841798501249,22.231473771856788,0.0,0.0,9.908409658617819,40.96586178184846,29.725228975853454,175.6388888888889,16.985012257506405,192.62390114639533,0.0640923115765833,77.39439524157218,0.0,182.61220996470354,0.0,129.31698370693786,370.4812808137684,91.58521187317514,68.13725490196079,20.34722222222222,0.9837962962962963,100.0,35.03471398302254,71.43335830955111
event_surge,no_prices,14,3193.1405162195997,7987.521370628323,39.97661312007754,1155.0,83.8961038961039,56.7965367965368,27.0995670995671,6.666666666666667,0.0,0.0,9.437229437229437,49.95670995670996,36.53679653679654,176.97222222222223,16.637933612158665,193.6101558343809,0.060633146224206395,78.21768253961783,0.0,185.20928861005126,0.0,164.6041830614163,401.2806257761215,114.58133036795877,80.21978021978022,20.381944444444443,1.2008101851851851,100.0,30.953721948189056,49.891149088958976
event_surge,no_prices,15,2538.0565680502245,7361.344769164905,34.478164623963806,1177.0,81.053525913339,52.67629566694987,28.377230246389125,1.699235344095157,0.0,0.0,17.247238742565845,48.598130841121495,37.46813933729822,147.55555555555557,17.861499582589445,165.41705513814503,0.06517469201453656,80.39583333333333,0.0,214.04127819517686,0.0,151.12134593059417,343.6508631217664,129.23917875643355,77.52808988764045,16.84027777777778,1.2702546296296295,100.0,33.29385477983892,52.171201028667284
event_surge,no_prices,16,2973.4368754162024,8028.442437545546,37.03628566246831,1151.0,75.93397046046915,55.69070373588184,20.243266724587315,20.156385751520418,0.0,0.0,3.909643788010426,39.44396177237185,36.9244135534318,156.41666666666669,17.003717820584917,173.4203844872516,0.05832321039705184,79.46590410914071,0.0,203.24628217940315,0.0,160.5227128587523,479.55074895923,107.53099467398754,71.64179104477611,18.09027777777778,0.9288194444444444,99.78801436037996,24.92317197573694,53.90504640762235
event_surge,no_prices,17,2898.297294818744,8039.355028129741,36.051365870490706,1164.0,78.8659793814433,54.63917525773196,24.22680412371134,16.666666666666668,0.0,0.0,4.4673539518900345,44.07216494845361,35.13745704467354,152.80555555555557,15.757400269472903,168.56295582502847,0.05815930481885579,76.32737019883466,0.0,210.14537750829305,0.0,162.95247420844754,373.14108443092215,122.26644184154559,77.38693467336684,17.569444444444443,1.087962962962963,100.0,26.222969832348273,51.63960965156908
event_surge,no_prices,18,2535.447799720476,7352.486253787173,34.484223597351146,1130.0,69.91150442477876,49.469026548672566,20.442477876106196,24.24778761061947,0.0,0.0,5.84070796460177,37.52212389380531,34.07079646017699,137.01388888888889,16.854625638857122,153.86851452774602,0.06068691871499365,79.66843669006707,0.0,226.29815213890873,0.0,162.17613789930846,511.51698432152847,99.33178693645759,63.905325443786985,15.833333333333334,0.8362268518518519,99.99083304618627,23.294501253783974,49.099225557421036
event_surge,no_prices,19,2833.667974699505,8019.742933437865,35.33365094390603,1189.0,71.32043734230446,50.29436501261564,21.026072329688816,21.530698065601346,0.0,0.0,7.1488645920941964,39.781328847771235,32.884777123633306,187.23611111111111,16.327879487898667,203.56399059900977,0.07183762967875466,73.19660438039428,0.0,174.39434273431152,0.0,162.77105446595897,471.69292164329727,104.73319546069025,65.10416666666667,21.770833333333332,0.9085648148148148,99.30596133506894,27.40233071693112,53.57833259506781
event_surge,no_queue_pass,0,2704.460941060692,7585.55971920315,35.6527539321092,1118.0,77.28085867620752,54.91949910554562,22.361359570661897,16.36851520572451,0.0,0.0,6.350626118067979,43.559928443649376,35.509838998211094,177.2430555555556,15.24303471755605,192.48609027311164,0.07117355157572304,73.67253639345824,0.0,187.8194652824317,0.0,169.21786551523772,469.221607895191,112.98704450175744,70.6896551724138,20.555555555555557,0.9534143518518519,100.0,27.240859849312983,37.57063922231932
event_surge,no_queue_pass,1,3051.4661036903162,8487.727611665385,35.95150838130614,1204.0,77.49169435215947,52.906976744186046,24.58471760797342,9.634551495016611,0.0,0.0,12.87375415282392,48.83720930232558,33.80398671096346,169.37500000000003,15.517099717921752,184.89209971792178,0.060591234978596344,79.92187499999835,0.0,192.26067805984428,0.0,149.22872396982268,396.9802292858587,106.41479178638899,68.24644549763033,19.444444444444443,1.2586805555555556,100.0,24.155402426666296,36.95819251760422
event_surge,no_queue_pass,2,2093.49118381668,6839.5242563927095,30.608725188158417,1118.0,65.47406082289804,43.20214669051878,22.271914132379248,18.694096601073344,0.0,0.0,15.831842576028622,40.96601073345259,31.3953488372093,144.6388888888889,16.105359888909316,160.74424877779822,0.07678286396446275,75.07812499999845,0.0,227.9085289999686,0.0,139.14333839434087,353.4792782957902,109.85334871056479,58.860759493670884,16.666666666666668,0.9664351851851852,100.0,27.330764963531784,40.74967904336406
event_surge,no_queue_pass,3,2301.869098638914,7689.448029797223,29.93542696067374,1158.0,61.13989637305699,41.70984455958549,19.430051813471504,29.27461139896373,0.0,0.0,9.585492227979275,36.26943005181347,27.979274611398964,140.86111111111111,14.734172983456425,155.59528409456755,0.0675951921795077,79.11458333333299,0.0,223.57138257208726,0.0,151.77268883224775,486.5838729126601,106.52443920846756,55.208333333333336,16.28472222222222,0.8478009259259259,95.33254770910897,22.14364038651151,35.62455626760243
event_surge,no_queue_pass,4,2719.1535675899404,7921.263852268599,34.32726921236429,1148.0,67.85714285714286,48.257839721254356,19.5993031358885,22.909407665505228,0.0,0.0,9.233449477351916,37.19512195121951,34.23344947735192,159.9375,17.59405651578076,177.53155651578075,0.06528927186452797,80.39583333333333,0.0,200.01011015087374,0.0,141.50031475519714,363.9540234065343,96.6544654813173,63.387978142076506,18.57638888888889,0.8116319444444444,100.0,28.37673408580421,37.80519201838492
event_surge,no_queue_pass,5,2476.0966512225937,7743.281885927445,31.977353888183053,1168.0,67.89383561643835,46.832191780821915,21.061643835616437,22.85958904109589,0.0,0.0,9.246575342465754,39.29794520547945,31.934931506849313,182.81944444444446,16.247469305117274,199.06691374956173,0.08039545372805652,76.40624999999827,0.0,181.68308625042562,0.0,133.35924031776736,330.9470030777748,115.65170847813883,62.430939226519335,21.28472222222222,0.8391203703703703,100.0,27.279943206471366,38.63199334927666
event_surge,no_queue_pass,6,2101.740080397986,6849.718787566753,30.683596591044775,1072.0,69.49626865671642,48.69402985074627,20.80223880597015,21.175373134328357,0.0,0.0,9.328358208955224,37.77985074626866,35.167910447761194,122.77083333333334,17.310356592490148,140.08118992582348,0.06665010161451443,79.82638888888853,0.0,238.12714340749807,0.0,154.87533287681092,379.0304689299767,121.57528532588871,62.25165562913907,14.131944444444445,0.8463541666666666,100.0,24.627003883047315,35.56290190487271
event_surge,no_queue_pass,7,2877.0610577292546,8272.109646299994,34.780257766724915,1174.0,78.10902896081771,53.4923339011925,24.61669505962521,13.543441226575808,0.0,0.0,8.347529812606474,46.42248722316865,34.41226575809199,174.02777777777777,15.030072200732198,189.05784997850998,0.06571214381099215,74.80034722222072,0.0,194.608816688145,0.0,177.40033071443838,574.9696355032903,96.08615778161399,61.92893401015228,20.069444444444443,1.1342592592592593,100.0,25.357994133753667,41.50541242338387
event_surge,no_queue_pass,8,2172.4755839732343,7685.071479130712,28.26877524656376,1105.0,65.42986425339366,45.61085972850679,19.81900452488688,25.15837104072398,0.0,0.0,9.411764705882353,38.914027149321264,30.67873303167421,180.13888888888889,15.408619299896912,195.5475081887858,0.09001137210994543,68.93229166666528,0.0,186.24415847787088,0.0,152.8667913727538,452.56924665747636,111.62983122971995,54.705882352941174,20.97222222222222,0.8275462962962963,100.0,23.866437982994732,37.86335190959548
event_surge,no_queue_pass,9,2834.1839847545734,7617.751909098469,37.20499195267161,1055.0,83.69668246445498,60.28436018957346,23.412322274881518,13.175355450236967,0.0,0.0,3.1279620853080567,46.824644549763036,37.6303317535545,175.7361111111111,16.683520084411917,192.419631195523,0.06789242767250539,74.12368388867154,0.0,183.6637021377984,0.0,171.35440215742656,438.55392890900544,134.75996433683738,77.77777777777777,20.34722222222222,1.0040509259259258,100.0,25.09612290946265,37.16404840142954
event_surge,no_queue_pass,10,2860.0173217445285,7834.6655728532905,36.50465096626894,1156.0,82.52595155709342,59.34256055363322,23.18339100346021,14.013840830449826,0.0,0.0,3.4602076124567476,46.53979238754325,36.85121107266436,188.33333333333334,17.43830554950087,205.77163888283422,0.07194768972843822,77.00755388313193,0.0,176.43669445048727,0.0,170.57801420529674,403.2194101304706,147.06801671028842,78.45303867403315,21.805555555555557,1.0763888888888888,100.0,27.556475133723318,39.07821716820791
event_surge,no_queue_pass,11,2241.3252418473635,7249.792492438669,30.915715783382808,1137.0,65.96306068601584,41.952506596306065,24.010554089709764,15.831134564643799,0.0,0.0,18.20580474934037,42.65611257695691,29.199648197009676,149.72222222222223,14.839431986801445,164.5616542090237,0.07342158609403218,76.75347222222197,0.0,213.1327902354089,0.0,155.2941514189383,458.30694012218873,105.77819482650675,54.49101796407186,17.256944444444443,0.9924768518518519,99.11961439777575,25.72382323570009,41.53236929061563
event_surge,no_queue_pass,12,2177.5708809216667,6992.972080477944,31.139419060469606,1117.0,64.27931960608774,41.71888988361683,22.560429722470904,20.232766338406446,0.0,0.0,15.487914055505819,41.53983885407341,29.09579230080573,151.02083333333337,15.822942636629634,166.84377596996302,0.0766192170513162,79.06249999999967,0.0,208.36455736335836,0.0,142.01560682968804,427.9103286165323,97.60834431154593,52.83018867924528,17.430555555555557,0.9592013888888888,100.0,25.74053714539225,44.93376793481693
event_surge,no_queue_pass,13,3024.1159004447572,8291.38410577952,36.472992468613214,1201.0,67.5270607826811,45.29558701082431,22.231473771856788,22.231473771856788,0.0,0.0,10.241465445462115,41.881765195670276,29.059117402164862,182.35416666666669,16.985012257506405,199.3391789241731,0.06591651427607528,75.57147857490554,0.0,178.52193218692602,0.0,117.7891808946565,340.5469042703507,91.80310744421243,68.13725490196079,21.145833333333332,0.9852430555555556,100.0,27.737500750261948,43.60098237741826
event_surge,no_queue_pass,14,3212.0274488162695,7987.521370628323,40.21306860758486,1155.0,84.84848484848484,57.489177489177486,27.35930735930736,6.147186147186147,0.0,0.0,9.004329004329005,53.073593073593074,34.8051948051948,192.75000000000003,16.637933612158665,209.3879336121587,0.06518871240945483,77.7264573252508,0.0,171.18151083227355,0.0,168.75317554525404,411.0639333705054,114.58133036795877,80.21978021978022,22.22222222222222,1.2673611111111112,100.0,27.981586598345668,38.42084316329584
event_surge,no_queue_pass,15,2552.8985244925993,7361.344769164905,34.6797848021756,1177.0,81.90314358538657,53.0161427357689,28.88700084961767,1.274426508071368,0.0,0.0,16.822429906542055,51.316907391673745,36.61852166525064,163.59722222222223,17.861499582589445,181.45872180481166,0.07107948869251567,78.79340277777621,0.0,196.64544486184334,0.0,151.31641743248798,347.3115203836684,129.23917875643355,77.52808988764045,18.71527777777778,1.3310185185185186,100.0,28.10303765850541,40.05169668090724
event_surge,no_queue_pass,16,2948.0446078974337,8028.442437545546,36.72000678625665,1151.0,75.84708948740226,55.43006081668115,20.417028670721113,19.895742832319723,0.0,0.0,4.257167680278019,40.05212858384014,36.05560382276281,144.64583333333334,17.039839834047353,161.68567316738068,0.054845056528061174,80.39583333333333,0.0,214.98099349927406,0.0,162.54258359272438,488.480148120016,107.53099467398754,71.64179104477611,16.666666666666668,0.9678819444444444,100.0,26.787981910589192,42.73945168860815
event_surge,no_queue_pass,17,2898.9778363179416,8039.355028129741,36.05983099607374,1164.0,79.38144329896907,54.81099656357388,24.57044673539519,15.97938144329897,0.0,0.0,4.639175257731959,45.103092783505154,34.62199312714777,149.22222222222223,15.757400269472903,164.97962249169512,0.05690958393156932,77.82986111111083,0.0,213.14537750829308,0.0,164.33338250998034,369.0886960719943,122.26644184154559,77.38693467336684,17.118055555555557,1.1313657407407407,100.0,24.272859620875955,36.165366479859784
event_surge,no_queue_pass,18,2502.572176705634,7352.486253787173,34.0370874602668,1130.0,69.82300884955752,49.64601769911504,20.17699115044248,24.07079646017699,0.0,0.0,6.106194690265487,38.584070796460175,33.1858407079646,135.90972222222223,16.856170836252446,152.76589305847466,0.06104355130311345,79.66843669006707,0.0,228.27577360818006,0.0,165.89654256380177,550.6847409810632,99.33178693645759,63.905325443786985,15.659722222222221,0.9100115740740741,100.0,26.059848171942374,38.935702403810154
event_surge,no_queue_pass,19,2806.5362205332867,8019.742933437865,34.99533892578517,1189.0,71.57275021026072,50.12615643397813,21.44659377628259,21.194280908326323,0.0,0.0,7.232968881412952,41.042893187552565,32.46425567703953,187.3402777777778,16.44199327853708,203.78227105631487,0.07260988458491834,77.11805555555529,0.0,174.1760622770061,0.0,168.17486067161113,499.4180193095749,104.73319546069025,65.10416666666667,21.770833333333332,0.9302662037037037,100.0,30.028125162442826,40.02914592298693
event_surge,no_storage_price,0,2744.234514572898,7585.55971920315,36.17708667727917,1118.0,77.28085867620752,54.91949910554562,22.361359570661897,16.726296958855098,0.0,0.0,5.992844364937389,42.39713774597495,36.314847942754916,182.80555555555557,15.023761857834792,197.82931741339036,0.07208907123747757,72.7610780601249,0.0,180.72623814215314,0.0,167.12115881673782,465.34733047765826,112.98704450175744,70.6896551724138,21.25,0.8969907407407407,98.5614881564974,21.056542818026422,34.38325315891872
event_surge,no_storage_price,1,3084.144924945882,8487.727611665385,36.33652098716136,1204.0,77.15946843853821,52.57475083056478,24.58471760797342,10.215946843853821,0.0,0.0,12.624584717607974,47.840531561461795,34.053156146179404,172.39583333333334,15.517099717921752,187.9129330512551,0.06092869745884345,79.66145833333172,0.0,190.1148447265108,0.0,147.08598201617878,393.9533499054201,106.41479178638899,68.24644549763033,19.82638888888889,1.2196180555555556,100.0,21.489638611565763,36.175900289612265
event_surge,no_storage_price,2,2127.185054078048,6839.5242563927095,31.101359894876143,1118.0,65.83184257602862,43.64937388193202,22.182468694096602,18.87298747763864,0.0,0.0,15.295169946332736,40.608228980322004,30.948121645796064,143.93055555555554,16.105359888909316,160.03591544446485,0.07523365921439622,78.76538941965144,0.0,225.2835289999686,0.0,138.6970844646781,358.48479175798633,109.85334871056479,58.860759493670884,16.59722222222222,0.9403935185185185,100.0,24.04823275276158,39.16810717401216
event_surge,no_storage_price,3,2325.702062538784,7689.448029797223,30.2453707148615,1158.0,60.880829015544045,41.278065630397236,19.602763385146805,29.879101899827287,0.0,0.0,9.24006908462867,36.09671848013817,27.54749568221071,141.67361111111114,14.58734255161793,156.26095366272907,0.0671887238609366,79.11458333333299,0.0,221.73904633725905,0.0,148.9821750906212,479.76300378358246,106.52443920846756,55.208333333333336,16.38888888888889,0.8347800925925926,94.38253041501929,18.393102008954074,33.219565804923676
event_surge,no_storage_price,4,2755.1575321072796,7921.263852268599,34.781792192393894,1148.0,68.20557491289199,48.86759581881533,19.337979094076655,22.99651567944251,0.0,0.0,8.797909407665506,36.58536585365854,34.58188153310105,160.99305555555557,17.59405651578076,178.58711207133632,0.0648192018024988,80.39583333333333,0.0,198.37122126198486,0.0,141.41677358630452,363.32674462564944,96.39291210354435,63.387978142076506,18.71527777777778,0.7884837962962963,100.0,25.47647439318948,37.89511897487236
event_surge,no_storage_price,5,2501.6677722495115,7743.281885927445,32.30759010331285,1168.0,67.97945205479452,46.917808219178085,21.061643835616437,23.20205479452055,0.0,0.0,8.818493150684931,38.784246575342465,32.10616438356164,183.31944444444446,16.22485887006723,199.5443033145117,0.07976450971148759,76.73795272171347,0.0,180.91403001880906,0.0,133.17187109469742,330.83125373299777,115.65170847813883,62.430939226519335,21.354166666666668,0.8217592592592593,99.86083718870039,23.167194700037548,38.462431508588985
event_surge,no_storage_price,6,2122.2589536431956,6849.718787566753,30.983154483588546,1072.0,69.02985074626865,48.041044776119406,20.988805970149254,21.73507462686567,0.0,0.0,9.235074626865671,37.3134328358209,34.701492537313435,123.77083333333334,17.14778628693489,140.91861962026823,0.0664002945438675,80.39583333333333,0.0,236.33138037971992,0.0,149.4837146952078,375.56890490612466,121.57528532588871,62.25165562913907,14.270833333333334,0.8116319444444444,99.06084947073947,20.727452189500074,32.78159454888683
event_surge,no_storage_price,7,2920.2757904247355,8272.109646299994,35.302672658974444,1174.0,77.85349233390119,53.15161839863714,24.701873935264054,13.969335604770016,0.0,0.0,8.17717206132879,46.33730834752981,34.07155025553663,174.86111111111114,15.030072200732198,189.89118331184335,0.06502508562187029,74.36284722222074,0.0,193.7754833548115,0.0,166.9678227438785,558.9934230932614,96.08615778161399,61.92893401015228,20.17361111111111,1.1255787037037037,100.0,23.42198240811429,40.90506263083581
event_surge,no_storage_price,8,2206.874846377808,7685.071479130712,28.716386729397552,1105.0,65.15837104072398,45.339366515837106,19.81900452488688,25.429864253393664,0.0,0.0,9.411764705882353,36.56108597285068,31.67420814479638,176.68055555555557,15.408619299896912,192.08917485545248,0.08704126342766227,68.4288194444417,0.0,186.55665847787037,0.0,147.88322261233918,446.6908313999047,111.62983122971995,54.705882352941174,20.625,0.7146990740740741,100.0,21.300119624758917,38.25824165099584
event_surge,no_storage_price,9,2850.1616408022464,7617.751909098469,37.41473435749566,1055.0,83.98104265402844,60.18957345971564,23.791469194312796,13.364928909952607,0.0,0.0,2.654028436018957,46.540284360189574,38.00947867298578,182.61111111111111,16.683520084411917,199.29463119552304,0.06992397495723322,73.10805888867154,0.0,177.6637021377984,0.0,169.29223865838156,435.78778439015986,134.759953794455,77.77777777777777,21.180555555555557,0.9780092592592593,100.0,22.761957841898944,36.04621735424699
event_surge,no_storage_price,10,2889.726136804797,7834.6655728532905,36.883847943906474,1156.0,81.66089965397924,58.73702422145329,22.92387543252595,14.792387543252595,0.0,0.0,3.546712802768166,45.24221453287197,37.0242214532872,188.12500000000003,17.43830554950087,205.5633055495009,0.07113591247674238,77.13776221646536,0.0,171.39502778382047,0.0,168.9396575121036,404.66877887116794,147.06801671028842,78.45303867403315,21.805555555555557,1.0329861111111112,100.0,25.274841453307744,42.09789157064565
event_surge,no_storage_price,11,2292.6804264587627,7249.792492438669,31.624083432042564,1137.0,66.13896218117854,42.39226033421284,23.7467018469657,16.27088830255057,0.0,0.0,17.590149516270888,42.39226033421284,29.11169744942832,152.32638888888889,14.615424967621832,166.94181385651072,0.0728151258805687,77.84722222222194,0.0,213.37763058792194,0.0,151.81862263718725,454.6270371820538,105.77819482650675,54.49101796407186,17.569444444444443,0.9881365740740741,97.62336512197957,20.500443869829727,37.395810609724535
event_surge,no_storage_price,12,2198.2627024057188,6992.972080477944,31.435313584942495,1117.0,64.36884512085945,41.53983885407341,22.829006266786035,20.590868397493285,0.0,0.0,15.04028648164727,41.27126230975828,29.00626678603402,153.52083333333334,15.46950715135157,168.9903404846849,0.07687449743824816,80.39583333333333,0.0,206.50965951530316,0.0,138.64433145761026,421.6955354352413,97.60834431154593,52.83018867924528,17.743055555555557,0.9331597222222222,97.76631001328495,22.0811318502964,43.91498467484869
event_surge,no_storage_price,13,3046.3975944623444,8291.38410577952,36.74172557436881,1201.0,68.02664446294754,45.87843463780183,22.148209825145713,22.231473771856788,0.0,0.0,9.74188176519567,41.63197335553705,29.39217318900916,184.09722222222223,16.94165155313292,201.03887377535514,0.06599232947820007,76.99898877980361,0.0,178.28057066907724,0.0,121.26542813440112,349.9844907897809,91.58521187317514,68.13725490196079,21.354166666666668,0.9837962962962963,99.74471196301718,24.45687892205804,42.550338248417376
event_surge,no_storage_price,14,3221.99502116624,7987.521370628323,40.33785791189423,1155.0,84.32900432900433,57.22943722943723,27.0995670995671,6.666666666666667,0.0,0.0,9.004329004329005,51.86147186147186,35.324675324675326,192.05555555555557,16.637933612158665,208.69348916771423,0.06477151199699095,77.53156096244767,0.0,171.58428861005123,0.0,163.79560402477884,395.60547259301285,114.58133036795877,80.21978021978022,22.15277777777778,1.244212962962963,100.0,25.528731272762446,36.94532046900063
event_surge,no_storage_price,15,2551.073705168362,7361.344769164905,34.65499559067336,1177.0,81.81818181818181,52.67629566694987,29.141886151231947,1.6142735768903993,0.0,0.0,16.567544604927782,50.12744265080714,37.128292268479186,162.5138888888889,17.861499582589445,180.37538847147835,0.07070567506773554,78.62847222222192,0.0,196.74961152850983,0.0,151.1832523519352,345.238094804901,129.23917875643355,77.52808988764045,18.61111111111111,1.2876157407407407,100.0,26.031851006332325,40.5338215089397
event_surge,no_storage_price,16,2978.7334146409294,8028.442437545546,37.10225785154395,1151.0,75.93397046046915,55.43006081668115,20.50390964378801,20.156385751520418,0.0,0.0,3.909643788010426,39.96524761077324,36.22936576889661,156.18750000000003,16.83119321056207,173.0186932105621,0.05808465180541126,78.58780987166934,0.0,201.89797345609284,0.0,159.31377397663542,479.108340620807,107.53099467398754,71.64179104477611,18.055555555555557,0.9418402777777778,98.77553647500615,21.83838298324787,41.130767456174524
event_surge,no_storage_price,17,2905.007644325196,8039.355028129741,36.134834624924025,1164.0,78.95189003436425,54.553264604811,24.398625429553263,16.666666666666668,0.0,0.0,4.381443298969073,44.58762886597938,34.62199312714777,154.3263888888889,15.67132049069334,169.99770937958226,0.05851885096125832,79.28819444444414,0.0,208.12729062040583,0.0,162.047121401028,381.76776227172275,122.26644184154559,77.38693467336684,17.743055555555557,1.1009837962962963,99.4537183970231,21.239597467977685,33.98166499354717
event_surge,no_storage_price,18,2536.3990080828207,7352.486253787173,34.49716083149905,1130.0,70.0,49.73451327433628,20.265486725663717,24.24778761061947,0.0,0.0,5.752212389380531,38.4070796460177,33.097345132743364,137.8263888888889,16.854625638857122,154.68101452774604,0.06098449574961167,79.66843669006707,0.0,226.36065213890873,0.0,158.95147515686884,503.62080135875715,99.33178693645759,63.905325443786985,15.902777777777779,0.8839699074074074,99.99083304618627,20.99009705880741,39.10156685417906
event_surge,no_storage_price,19,2828.4594601074427,8019.742933437865,35.26870478995456,1189.0,71.15222876366694,50.04205214465938,21.110176619007568,21.530698065601346,0.0,0.0,7.317073170731708,39.949537426408746,32.548359966358284,188.13194444444446,16.171530526934248,204.3034749713787,0.07223136051722585,75.10579837382156,0.0,174.52985836194247,0.0,162.4190630187104,472.3841538449124,104.73319546069025,65.10416666666667,21.875,0.9129050925925926,98.3550488859773,24.376695471301765,36.87349906129062
nominal,full_engine,0,1547.3420237573494,3565.8112587772926,43.393828541781225,784.0,81.37755102040816,66.3265306122449,15.051020408163266,11.607142857142858,0.0,0.0,7.01530612244898,33.16326530612245,50.0,179.86805555555557,15.24303471755605,195.1110902731116,0.12609435230055413,73.13952440855455,0.0,183.9166875046536,0.0,170.42616729670414,474.60175581314303,107.9825748025055,70.73170731707317,21.25,0.28501157407407407,100.0,23.03257124912602,37.16133776246472
nominal,full_engine,1,1287.5025258528156,3027.9408298358308,42.52072937378441,778.0,73.90745501285348,59.768637532133674,14.138817480719794,9.768637532133676,0.0,0.0,16.323907455012854,29.177377892030847,49.3573264781491,143.82638888888889,15.427436408865256,159.25382529775413,0.12369204883094706,78.020833333333,0.0,220.70450803556676,0.0,152.19113385898115,453.1688408397235,94.57375822640576,70.96774193548387,16.979166666666668,0.25028935185185186,99.42216451085292,19.850168380548237,33.230276225734514
nominal,full_engine,2,1265.3866988408927,2808.1618069140122,45.061032299683276,776.0,69.71649484536083,56.829896907216494,12.88659793814433,13.402061855670103,0.0,0.0,16.88144329896907,23.969072164948454,50.25773195876289,137.2638888888889,15.954600449962495,153.2184893388514,0.12108432108477285,80.25844497520697,0.0,224.0453995500246,0.0,135.52215515257768,391.80282000843664,57.319384495215395,72.72727272727273,16.25,0.15914351851851852,99.06391760266942,20.95935947273844,37.512742758435564
nominal,full_engine,3,1236.7293686909882,3268.694270065943,37.83557795590465,796.0,64.57286432160804,51.63316582914573,12.93969849246231,21.35678391959799,0.0,0.0,14.07035175879397,31.65829145728643,39.321608040201006,186.90972222222223,13.97727448373433,200.88699670595656,0.16243407959057743,75.82465277777615,0.0,180.8421699606979,0.0,170.38389489953386,497.6546367818344,80.0508981469221,56.666666666666664,22.083333333333332,0.29369212962962965,90.435288635476,20.723715805716065,34.93340428667692
nominal,full_engine,4,1201.181751302419,2724.9994455309497,44.080073237166324,808.0,71.2871287128713,58.78712871287129,12.5,16.336633663366335,0.0,0.0,12.376237623762377,22.64851485148515,52.103960396039604,126.70833333333336,17.59405651578076,144.30238984911412,0.12013368475890492,80.39583333333333,0.0,230.32261015087323,0.0,141.33899996626138,367.9660513834939,100.05462627487935,72.72727272727273,15.0,0.14756944444444445,100.0,22.939458955838553,38.47256967544905
nominal,full_engine,5,1460.367672511001,3497.893243708397,41.74992118863948,835.0,68.1437125748503,55.209580838323355,12.934131736526947,18.44311377245509,0.0,0.0,13.41317365269461,30.29940119760479,43.11377245508982,210.9305555555556,16.247469305117274,227.17802486067288,0.15556221158337202,69.50570739826104,0.0,152.42614180598127,0.0,138.7236341775127,322.9117021352675,84.55074565012174,51.724137931034484,25.0,0.19386574074074073,100.0,23.796869666889542,39.22183662356844
nominal,full_engine,6,1360.162305198474,3410.0336237797114,39.88706433020031,767.0,68.97001303780965,54.4980443285528,14.471968709256846,16.949152542372882,0.0,0.0,14.08083441981747,30.378096479791395,43.67666232073012,177.42361111111114,17.310356592490148,194.73396770360128,0.14316965479732643,77.395833333333,0.0,190.4118656297192,0.0,148.1423089255752,376.6515488747232,128.90737386663196,66.66666666666667,21.006944444444443,0.20109953703703703,100.0,24.971536769608733,40.449934810197874
nominal,full_engine,7,1430.1325940081554,2926.3724551927025,48.87049122781538,769.0,79.45383615084525,64.49934980494149,14.95448634590377,10.533159947984394,0.0,0.0,10.01300390117035,30.039011703511054,50.455136540962286,154.9375,15.030072200732198,169.9675722007322,0.11884742219906566,79.41899607181314,0.0,205.26853891036617,0.0,189.38600120409697,551.634085690604,71.04543895855974,64.0,18.29861111111111,0.2560763888888889,100.0,24.443083067423018,37.07458231803298
nominal,full_engine,8,1223.4050593737838,2802.6378202327633,43.651914298087156,753.0,69.45551128818062,55.37848605577689,14.077025232403718,20.185922974767596,0.0,0.0,10.358565737051793,26.56042496679947,45.418326693227094,147.61805555555557,15.408619299896912,163.02667485545248,0.13325649882378274,77.36111111111079,0.0,215.9733251445351,0.0,158.62021689546467,491.8477426659,41.29143896631238,50.0,17.46527777777778,0.18952546296296297,100.0,20.129950280965616,34.958287759329785
nominal,full_engine,9,1308.221723984491,2629.337667287438,49.75480100028845,747.0,83.80187416331995,70.01338688085676,13.788487282463185,11.646586345381525,0.0,0.0,4.551539491298527,25.167336010709505,59.17001338688085,126.10416666666669,16.626782892265098,142.7309495589318,0.10910302660638578,78.6518302063421,0.0,233.35238377438904,0.0,180.80200951259573,475.69353599920044,114.49979131950663,76.92307692307692,14.895833333333334,0.20399305555555555,99.65992073699223,20.103721056549645,33.17921343582401
nominal,full_engine,10,1627.2886942851376,3261.647398143676,49.89161903924034,774.0,83.97932816537468,68.86304909560724,15.116279069767442,11.24031007751938,0.0,0.0,4.780361757105943,31.782945736434108,52.84237726098191,187.8402777777778,17.43830554950087,205.27858332727868,0.1261476123125509,79.76616892365794,0.0,171.09641667270841,0.0,180.0675532052311,442.3684440114835,131.92507542605225,78.57142857142857,22.22222222222222,0.24450231481481483,100.0,24.58191438698926,42.28517556472166
nominal,full_engine,11,1142.9054487836888,2948.8212247765814,38.75804471226571,775.0,65.93548387096774,52.774193548387096,13.161290322580646,11.741935483870968,0.0,0.0,22.322580645161292,28.387096774193548,42.70967741935484,178.72916666666669,14.797421928186456,193.52658859485314,0.1693286078921134,79.1840277777774,0.0,184.67480029402265,0.0,162.82475195680527,478.0227592694769,101.02125721338275,57.142857142857146,21.180555555555557,0.16927083333333334,98.83900926312846,22.966273770365696,39.656836416359916
nominal,full_engine,12,1064.4509133332224,2813.6630100289367,37.83149970480208,738.0,66.80216802168022,52.710027100271006,14.092140921409214,16.124661246612465,0.0,0.0,17.073170731707318,27.642276422764226,44.3089430894309,138.29861111111111,15.822942636629634,154.12155374774073,0.14478972380710764,76.4756944444428,0.0,226.3923351411359,0.0,144.3096981537068,450.264118756214,126.13257576992702,55.55555555555556,16.354166666666668,0.19241898148148148,100.0,22.697890739285878,42.84324512209764
nominal,full_engine,13,1201.197085253377,3086.893770494354,38.91280926913821,812.0,66.7487684729064,53.44827586206897,13.300492610837438,19.704433497536947,0.0,0.0,13.54679802955665,24.261083743842363,46.05911330049261,159.09027777777777,16.89300539044975,175.98328316822753,0.1465065852462555,79.91319444444406,0.0,204.1833834984262,0.0,132.40079654018245,353.5741685263351,100.92672514182307,50.0,18.854166666666668,0.1490162037037037,99.45830555985623,25.176685713058635,40.79691043398947
nominal,full_engine,14,1462.0013797357738,3159.553502300217,46.272404587275005,752.0,84.17553191489361,67.42021276595744,16.75531914893617,4.787234042553192,0.0,0.0,11.037234042553191,33.909574468085104,51.72872340425532,181.29166666666669,16.637933612158665,197.92960027882535,0.13538263576372067,76.53365476184004,0.0,181.09817749893924,0.0,178.38420808808408,440.12641810852045,106.90710437566214,84.61538461538461,21.42361111111111,0.2777777777777778,100.0,25.897524296877982,37.09861131974385
nominal,full_engine,15,958.8981537455962,2341.495585981719,40.952379303485166,776.0,76.15979381443299,59.922680412371136,16.237113402061855,1.288659793814433,0.0,0.0,22.551546391752577,25.9020618556701,55.28350515463917,124.75694444444446,17.861499582589445,142.6184440270339,0.14873158684261245,80.39583333333333,0.0,237.6037781951759,0.0,148.9762643013764,342.0934969951042,135.529421610446,68.75,14.722222222222221,0.2271412037037037,100.0,25.45238707704416,41.37259442407998
nominal,full_engine,16,1309.5843322371488,2912.442900275749,44.96515046228573,768.0,78.125,66.14583333333333,11.979166666666666,16.276041666666668,0.0,0.0,5.598958333333333,24.088541666666668,54.427083333333336,129.16666666666669,17.039839834047353,146.20650650071403,0.11164344510059236,80.39583333333333,0.0,231.0434934992735,0.0,182.60346558566872,569.8670731029667,109.00905583294649,68.75,15.277777777777779,0.1736111111111111,100.0,22.461202972177873,38.21344224851213
nominal,full_engine,17,1366.4169547212691,3076.19731981379,44.419028191728025,781.0,80.92189500640205,65.30089628681178,15.620998719590268,11.139564660691422,0.0,0.0,7.9385403329065305,29.833546734955185,52.752880921895006,158.41666666666669,15.757400269472903,174.17406693613958,0.12746772962259442,79.61625361262136,0.0,205.11759973051434,0.0,164.2522749281767,380.5746813909345,145.63204731556763,80.0,18.71527777777778,0.2517361111111111,100.0,20.59222094846189,34.815744029662106
nominal,full_engine,18,1435.383249443105,3142.1940998029672,45.68092243356677,819.0,75.45787545787546,63.36996336996337,12.087912087912088,17.704517704517706,0.0,0.0,6.837606837606837,26.73992673992674,50.79365079365079,150.66666666666669,16.856170836252446,167.52283750291912,0.11670948338564914,79.82468669006703,0.0,209.43549583040135,0.0,171.33183148035954,545.6558771607445,88.60610850876331,77.41935483870968,17.8125,0.2170138888888889,100.0,23.36009174279118,36.46267642253971
nominal,full_engine,19,1395.1219400823186,3285.854240723272,42.45842444232184,807.0,77.44733581164807,61.46220570012392,15.985130111524164,14.374225526641883,0.0,0.0,8.178438661710038,33.45724907063197,46.96406443618339,216.0,16.277965148667676,232.27796514866768,0.16649294837622738,76.97048611110941,0.0,152.01370151798614,0.0,176.39413532937718,502.6365895224607,119.99124782713687,65.51724137931035,25.59027777777778,0.2170138888888889,99.0023829404947,24.05729444575359,38.46900739394603
nominal,no_battery_guard,0,1547.3420237573494,3565.8112587772926,43.393828541781225,784.0,81.37755102040816,66.3265306122449,15.051020408163266,11.607142857142858,0.0,0.0,7.01530612244898,33.16326530612245,50.0,179.86805555555557,15.24303471755605,195.1110902731116,0.12609435230055413,73.13952440855455,0.0,183.9166875046536,0.0,170.42616729670414,474.60175581314303,107.9825748025055,70.73170731707317,21.25,0.28501157407407407,100.0,23.03257124912602,37.16133776246472
nominal,no_battery_guard,1,1287.5025258528156,3027.9408298358308,42.52072937378441,778.0,73.90745501285348,59.768637532133674,14.138817480719794,9.768637532133676,0.0,0.0,16.323907455012854,29.177377892030847,49.3573264781491,143.82638888888889,15.427436408865256,159.25382529775413,0.12369204883094706,78.020833333333,0.0,220.70450803556676,0.0,152.19113385898115,453.1688408397235,94.57375822640576,70.96774193548387,16.979166666666668,0.25028935185185186,99.42216451085292,19.850168380548237,33.230276225734514
nominal,no_battery_guard,2,1265.3866988408927,2808.1618069140122,45.061032299683276,776.0,69.71649484536083,56.829896907216494,12.88659793814433,13.402061855670103,0.0,0.0,16.88144329896907,23.969072164948454,50.25773195876289,137.2638888888889,15.954600449962495,153.2184893388514,0.12108432108477285,80.25844497520697,0.0,224.0453995500246,0.0,135.52215515257768,391.80282000843664,57.319384495215395,72.72727272727273,16.25,0.15914351851851852,99.06391760266942,20.95935947273844,37.512742758435564
nominal,no_battery_guard,3,1236.7293686909882,3268.694270065943,37.83557795590465,796.0,64.57286432160804,51.63316582914573,12.93969849246231,21.35678391959799,0.0,0.0,14.07035175879397,31.65829145728643,39.321608040201006,186.90972222222223,13.97727448373433,200.88699670595656,0.16243407959057743,75.82465277777615,0.0,180.8421699606979,0.0,170.38389489953386,497.6546367818344,80.0508981469221,56.666666666666664,22.083333333333332,0.29369212962962965,90.435288635476,20.723715805716065,34.93340428667692
nominal,no_battery_guard,4,1201.181751302419,2724.9994455309497,44.080073237166324,808.0,71.2871287128713,58.78712871287129,12.5,16.336633663366335,0.0,0.0,12.376237623762377,22.64851485148515,52.103960396039604,126.70833333333336,17.59405651578076,144.30238984911412,0.12013368475890492,80.39583333333333,0.0,230.32261015087323,0.0,141.33899996626138,367.9660513834939,100.05462627487935,72.72727272727273,15.0,0.14756944444444445,100.0,22.939458955838553,38.47256967544905
nominal,no_battery_guard,5,1460.367672511001,3497.893243708397,41.74992118863948,835.0,68.1437125748503,55.209580838323355,12.934131736526947,18.44311377245509,0.0,0.0,13.41317365269461,30.29940119760479,43.11377245508982,210.9305555555556,16.247469305117274,227.17802486067288,0.15556221158337202,69.50570739826104,0.0,152.42614180598127,0.0,138.7236341775127,322.9117021352675,84.55074565012174,51.724137931034484,25.0,0.19386574074074073,100.0,23.796869666889542,39.22183662356844
nominal,no_battery_guard,6,1360.162305198474,3410.0336237797114,39.88706433020031,767.0,68.97001303780965,54.4980443285528,14.471968709256846,16.949152542372882,0.0,0.0,14.08083441981747,30.378096479791395,43.67666232073012,177.42361111111114,17.310356592490148,194.73396770360128,0.14316965479732643,77.395833333333,0.0,190.4118656297192,0.0,148.1423089255752,376.6515488747232,128.90737386663196,66.66666666666667,21.006944444444443,0.20109953703703703,100.0,24.971536769608733,40.449934810197874
nominal,no_battery_guard,7,1430.1325940081554,2926.3724551927025,48.87049122781538,769.0,79.45383615084525,64.49934980494149,14.95448634590377,10.533159947984394,0.0,0.0,10.01300390117035,30.039011703511054,50.455136540962286,154.9375,15.030072200732198,169.9675722007322,0.11884742219906566,79.41899607181314,0.0,205.26853891036617,0.0,189.38600120409697,551.634085690604,71.04543895855974,64.0,18.29861111111111,0.2560763888888889,100.0,24.443083067423018,37.07458231803298
nominal,no_battery_guard,8,1223.4050593737838,2802.6378202327633,43.651914298087156,753.0,69.45551128818062,55.37848605577689,14.077025232403718,20.185922974767596,0.0,0.0,10.358565737051793,26.56042496679947,45.418326693227094,147.61805555555557,15.408619299896912,163.02667485545248,0.13325649882378274,77.36111111111079,0.0,215.9733251445351,0.0,158.62021689546467,491.8477426659,41.29143896631238,50.0,17.46527777777778,0.18952546296296297,100.0,20.129950280965616,34.958287759329785
nominal,no_battery_guard,9,1308.221723984491,2629.337667287438,49.75480100028845,747.0,83.80187416331995,70.01338688085676,13.788487282463185,11.646586345381525,0.0,0.0,4.551539491298527,25.167336010709505,59.17001338688085,126.10416666666669,16.626782892265098,142.7309495589318,0.10910302660638578,78.6518302063421,0.0,233.35238377438904,0.0,180.80200951259573,475.69353599920044,114.49979131950663,76.92307692307692,14.895833333333334,0.20399305555555555,99.65992073699223,20.103721056549645,33.17921343582401
nominal,no_battery_guard,10,1627.2886942851376,3261.647398143676,49.89161903924034,774.0,83.97932816537468,68.86304909560724,15.116279069767442,11.24031007751938,0.0,0.0,4.780361757105943,31.782945736434108,52.84237726098191,187.8402777777778,17.43830554950087,205.27858332727868,0.1261476123125509,79.76616892365794,0.0,171.09641667270841,0.0,180.0675532052311,442.3684440114835,131.92507542605225,78.57142857142857,22.22222222222222,0.24450231481481483,100.0,24.58191438698926,42.28517556472166
nominal,no_battery_guard,11,1142.9054487836888,2948.8212247765814,38.75804471226571,775.0,65.93548387096774,52.774193548387096,13.161290322580646,11.741935483870968,0.0,0.0,22.322580645161292,28.387096774193548,42.70967741935484,178.72916666666669,14.797421928186456,193.52658859485314,0.1693286078921134,79.1840277777774,0.0,184.67480029402265,0.0,162.82475195680527,478.0227592694769,101.02125721338275,57.142857142857146,21.180555555555557,0.16927083333333334,98.83900926312846,22.966273770365696,39.656836416359916
nominal,no_battery_guard,12,1064.4509133332224,2813.6630100289367,37.83149970480208,738.0,66.80216802168022,52.710027100271006,14.092140921409214,16.124661246612465,0.0,0.0,17.073170731707318,27.642276422764226,44.3089430894309,138.29861111111111,15.822942636629634,154.12155374774073,0.14478972380710764,76.4756944444428,0.0,226.3923351411359,0.0,144.3096981537068,450.264118756214,126.13257576992702,55.55555555555556,16.354166666666668,0.19241898148148148,100.0,22.697890739285878,42.84324512209764
nominal,no_battery_guard,13,1201.197085253377,3086.893770494354,38.91280926913821,812.0,66.7487684729064,53.44827586206897,13.300492610837438,19.704433497536947,0.0,0.0,13.54679802955665,24.261083743842363,46.05911330049261,159.09027777777777,16.89300539044975,175.98328316822753,0.1465065852462555,79.91319444444406,0.0,204.1833834984262,0.0,132.40079654018245,353.5741685263351,100.92672514182307,50.0,18.854166666666668,0.1490162037037037,99.45830555985623,25.176685713058635,40.79691043398947
nominal,no_battery_guard,14,1462.0013797357738,3159.553502300217,46.272404587275005,752.0,84.17553191489361,67.42021276595744,16.75531914893617,4.787234042553192,0.0,0.0,11.037234042553191,33.909574468085104,51.72872340425532,181.29166666666669,16.637933612158665,197.92960027882535,0.13538263576372067,76.53365476184004,0.0,181.09817749893924,0.0,178.38420808808408,440.12641810852045,106.90710437566214,84.61538461538461,21.42361111111111,0.2777777777777778,100.0,25.897524296877982,37.09861131974385
nominal,no_battery_guard,15,958.8981537455962,2341.495585981719,40.952379303485166,776.0,76.15979381443299,59.922680412371136,16.237113402061855,1.288659793814433,0.0,0.0,22.551546391752577,25.9020618556701,55.28350515463917,124.75694444444446,17.861499582589445,142.6184440270339,0.14873158684261245,80.39583333333333,0.0,237.6037781951759,0.0,148.9762643013764,342.0934969951042,135.529421610446,68.75,14.722222222222221,0.2271412037037037,100.0,25.45238707704416,41.37259442407998
nominal,no_battery_guard,16,1309.5843322371488,2912.442900275749,44.96515046228573,768.0,78.125,66.14583333333333,11.979166666666666,16.276041666666668,0.0,0.0,5.598958333333333,24.088541666666668,54.427083333333336,129.16666666666669,17.039839834047353,146.20650650071403,0.11164344510059236,80.39583333333333,0.0,231.0434934992735,0.0,182.60346558566872,569.8670731029667,109.00905583294649,68.75,15.277777777777779,0.1736111111111111,100.0,22.461202972177873,38.21344224851213
nominal,no_battery_guard,17,1366.4169547212691,3076.19731981379,44.419028191728025,781.0,80.92189500640205,65.30089628681178,15.620998719590268,11.139564660691422,0.0,0.0,7.9385403329065305,29.833546734955185,52.752880921895006,158.41666666666669,15.757400269472903,174.17406693613958,0.12746772962259442,79.61625361262136,0.0,205.11759973051434,0.0,164.2522749281767,380.5746813909345,145.63204731556763,80.0,18.71527777777778,0.2517361111111111,100.0,20.59222094846189,34.815744029662106
nominal,no_battery_guard,18,1435.383249443105,3142.1940998029672,45.68092243356677,819.0,75.45787545787546,63.36996336996337,12.087912087912088,17.704517704517706,0.0,0.0,6.837606837606837,26.73992673992674,50.79365079365079,150.66666666666669,16.856170836252446,167.52283750291912,0.11670948338564914,79.82468669006703,0.0,209.43549583040135,0.0,171.33183148035954,545.6558771607445,88.60610850876331,77.41935483870968,17.8125,0.2170138888888889,100.0,23.36009174279118,36.46267642253971
nominal,no_battery_guard,19,1395.1219400823186,3285.854240723272,42.45842444232184,807.0,77.44733581164807,61.46220570012392,15.985130111524164,14.374225526641883,0.0,0.0,8.178438661710038,33.45724907063197,46.96406443618339,216.0,16.277965148667676,232.27796514866768,0.16649294837622738,76.97048611110941,0.0,152.01370151798614,0.0,176.39413532937718,502.6365895224607,119.99124782713687,65.51724137931035,25.59027777777778,0.2170138888888889,99.0023829404947,24.05729444575359,38.46900739394603
nominal,no_prices,0,1538.0952065778315,3565.8112587772926,43.134509791896285,784.0,81.25,67.09183673469387,14.158163265306122,11.607142857142858,0.0,0.0,7.142857142857143,31.122448979591837,51.91326530612245,182.55555555555557,14.8834844447677,197.43904000032327,0.12836594194946693,69.073499231099,0.0,181.58873777744174,0.0,178.11593932652667,491.84632897910103,107.9825748025055,70.73170731707317,21.59722222222222,0.23726851851851852,97.64121594255612,25.044572575737767,44.201958129939
nominal,no_prices,1,1283.834978050592,3027.9408298358308,42.3996058773777,778.0,74.42159383033419,60.53984575835476,13.881748071979434,8.868894601542417,0.0,0.0,16.709511568123393,27.249357326478147,50.38560411311054,124.7638888888889,15.517099717921752,140.28098860681064,0.1092671495987879,80.39583333333333,0.0,235.8856780598437,0.0,153.7602565617009,448.6778540838742,94.57375822640576,70.96774193548387,14.722222222222221,0.22858796296296297,100.0,24.715340729454173,49.74503315852966
nominal,no_prices,2,1265.4353282812117,2808.1618069140122,45.062764017570736,776.0,69.0721649484536,56.829896907216494,12.242268041237113,13.402061855670103,0.0,0.0,17.52577319587629,22.809278350515463,50.25773195876289,120.63888888888891,15.954600449962495,136.5934893388514,0.10794189658382676,80.25844497520697,0.0,240.96206621669154,0.0,135.51816189509807,391.7110408903124,57.319384495215395,72.72727272727273,14.270833333333334,0.15914351851851852,99.06391760266942,24.08567093389348,53.68149841562901
nominal,no_prices,3,1231.9304120869426,3268.694270065943,37.688762248850196,796.0,63.5678391959799,50.753768844221106,12.814070351758794,22.110552763819097,0.0,0.0,14.321608040201005,27.763819095477388,40.95477386934673,170.68055555555554,13.97727448373433,184.65783003928988,0.14989306881909964,77.6736111111108,0.0,194.717169960697,0.0,172.85129000226178,504.3891343823036,80.0508981469221,56.666666666666664,20.208333333333332,0.19386574074074073,90.435288635476,25.117187097939564,48.5598130817397
nominal,no_prices,4,1195.1089098734121,2724.9994455309497,43.85721662561852,808.0,71.03960396039604,59.03465346534654,12.004950495049505,16.336633663366335,0.0,0.0,12.623762376237623,21.65841584158416,52.351485148514854,118.25000000000001,17.59405651578076,135.84405651578078,0.11366667539125752,80.39583333333333,0.0,238.78094348420666,0.0,145.02244272891062,371.9995978382715,100.05462627487935,72.72727272727273,13.993055555555555,0.14756944444444445,100.0,26.78740838512556,46.98839115134073
nominal,no_prices,5,1422.7055635648942,3497.893243708397,40.67321282957652,835.0,67.90419161676647,55.5688622754491,12.335329341317365,18.562874251497007,0.0,0.0,13.532934131736527,27.18562874251497,44.790419161676645,194.09722222222223,16.109159523279,210.20638174550123,0.14775114902818262,76.0862172498835,0.0,165.87695158781867,0.0,152.5111615527139,353.7961867182806,84.55074565012174,51.724137931034484,23.020833333333332,0.15046296296296297,99.14873030845048,35.12605024815994,60.999342298127715
nominal,no_prices,6,1352.7443184667636,3410.0336237797114,39.66953020736992,767.0,68.57887874837027,54.4980443285528,14.08083441981747,16.949152542372882,0.0,0.0,14.471968709256846,28.292046936114733,44.067796610169495,154.31944444444446,17.310356592490148,171.6298010369346,0.12687527028867093,80.04134775531716,0.0,203.57853229638624,0.0,149.96346398350366,384.10079816905613,128.90737386663196,66.66666666666667,18.26388888888889,0.1880787037037037,100.0,29.044917301188633,53.531826846623034
nominal,no_prices,7,1382.5198010644099,2926.3724551927025,47.243466859838605,769.0,78.93368010403121,64.10923276983095,14.82444733420026,10.793237971391417,0.0,0.0,10.273081924577372,27.828348504551364,52.275682704811445,152.62500000000003,15.0138840352695,167.63888403526954,0.12125604559602214,80.14816273847978,0.0,206.7222270758288,0.0,193.1393105460945,555.0373446501924,71.04543895855974,64.0,18.055555555555557,0.1996527777777778,99.89229482569012,26.40680983208503,46.9290330686746
nominal,no_prices,8,1208.402275837608,2802.6378202327633,43.11660490392042,753.0,69.05710491367861,55.245683930942896,13.811420982735724,20.318725099601593,0.0,0.0,10.624169986719787,25.763612217795483,45.81673306772908,143.47222222222223,15.408619299896912,158.88084152211914,0.1314800912734051,80.2777777777774,0.0,220.11915847786827,0.0,160.51479616838722,494.07095978485586,41.29143896631238,50.0,16.979166666666668,0.17650462962962962,100.0,23.469010488113668,44.267923917038935
nominal,no_prices,9,1303.0927075698892,2629.337667287438,49.55973223911662,747.0,83.80187416331995,69.87951807228916,13.92235609103079,11.646586345381525,0.0,0.0,4.551539491298527,25.0334672021419,59.30388219544846,126.08333333333334,16.604684226727873,142.6880175600612,0.10949951352744285,77.58570353826366,0.0,233.39531577325965,0.0,182.80174266091532,484.59038235802075,114.49979131950663,76.92307692307692,14.895833333333334,0.1996527777777778,99.5274626860209,23.11864424821294,44.97290318339888
nominal,no_prices,10,1610.2495704246505,3261.647398143676,49.36921052045978,774.0,83.4625322997416,68.34625322997417,15.116279069767442,11.757105943152455,0.0,0.0,4.780361757105943,29.974160206718345,54.1343669250646,187.4027777777778,17.43830554950087,204.84108332727868,0.1272107672559469,73.62033559032372,0.0,171.53391667270918,0.0,179.8720231087322,452.1311171605658,131.92507542605225,78.57142857142857,22.1875,0.21412037037037038,100.0,30.32437531599658,54.071305130504165
nominal,no_prices,11,1143.2869014148498,2948.8212247765814,38.770980478868175,775.0,65.41935483870968,52.774193548387096,12.64516129032258,11.741935483870968,0.0,0.0,22.838709677419356,26.838709677419356,42.83870967741935,163.79166666666669,14.797421928186456,178.58908859485314,0.1562067127453696,74.68587774143762,0.0,200.4664669606898,0.0,163.3723465880866,477.960133788659,101.02125721338275,57.142857142857146,19.40972222222222,0.15625,98.83900926312846,26.792066644817957,54.68792960737532
nominal,no_prices,12,1061.8084549018513,2813.6630100289367,37.73758446257327,738.0,66.66666666666667,52.57452574525745,14.092140921409214,16.124661246612465,0.0,0.0,17.208672086720867,26.422764227642276,44.579945799457995,127.44444444444444,15.822942636629634,143.26738708107408,0.1349277135811817,80.39583333333333,0.0,231.9965018078025,0.0,145.97731402633133,455.44441368588303,126.13257576992702,55.55555555555556,15.069444444444445,0.17939814814814814,100.0,24.65574739039072,50.76988723799463
nominal,no_prices,13,1183.6592879846974,3086.893770494354,38.34467189310304,812.0,66.50246305418719,53.57142857142857,12.931034482758621,19.704433497536947,0.0,0.0,13.793103448275861,22.660098522167488,46.67487684729064,147.11111111111111,16.789125225279204,163.90023633639032,0.138469100019016,76.97028701715709,0.0,213.05809699693054,0.0,139.84308178540664,368.03979762245706,100.92672514182307,50.0,17.430555555555557,0.14467592592592593,98.8467065595397,33.33359926065292,57.418778121773556
nominal,no_prices,14,1427.5200683151327,3159.553502300217,45.18106964404528,752.0,83.6436170212766,66.88829787234043,16.75531914893617,4.654255319148936,0.0,0.0,11.702127659574469,31.78191489361702,53.45744680851064,168.625,16.637933612158665,185.26293361215866,0.12977956508227587,80.17044985133649,0.0,195.51484416560578,0.0,182.3770055625321,452.84183079933274,106.90710437566214,84.61538461538461,19.930555555555557,0.2517361111111111,100.0,34.250934597568325,57.18990172293053
nominal,no_prices,15,943.318764921451,2341.495585981719,40.28701871440623,776.0,75.9020618556701,59.66494845360825,16.237113402061855,1.288659793814433,0.0,0.0,22.809278350515463,24.355670103092784,55.28350515463917,110.73611111111111,17.861499582589445,128.59761069370057,0.1363246608418828,80.39583333333333,0.0,251.04127819517603,0.0,148.85005342924703,341.7719306198914,135.529421610446,68.75,13.055555555555555,0.22280092592592593,100.0,30.85681252210823,51.817410400856886
nominal,no_prices,16,1305.357625755844,2912.442900275749,44.82002464777089,768.0,78.125,66.14583333333333,11.979166666666666,16.276041666666668,0.0,0.0,5.598958333333333,24.088541666666668,54.557291666666664,130.625,17.039839834047353,147.66483983404734,0.11312213367470439,80.39583333333333,0.0,229.58516016594027,0.0,184.00953946290394,570.9948644238599,109.00905583294649,68.75,15.45138888888889,0.1736111111111111,100.0,25.28818061261365,51.74396072084744
nominal,no_prices,17,1341.8727612999007,3076.19731981379,43.62115371003339,781.0,79.64148527528809,64.5326504481434,15.108834827144687,12.163892445582587,0.0,0.0,8.194622279129321,28.80921895006402,52.62483994878361,157.75,15.757400269472903,173.5074002694729,0.12930242365259176,78.13134672739669,0.0,204.90926639718123,0.0,168.3511543880847,399.11973605037576,145.63204731556763,80.0,18.645833333333332,0.234375,100.0,26.56356163628139,47.67013200885625
nominal,no_prices,18,1428.8628100984308,3142.1940998029672,45.4734101304572,819.0,75.57997557997558,63.492063492063494,12.087912087912088,17.704517704517706,0.0,0.0,6.715506715506716,26.12942612942613,51.52625152625153,152.625,16.856170836252446,169.48117083625243,0.1186126265156116,79.82468669006703,0.0,207.47716249706815,0.0,173.33909979066252,545.7475850329032,88.60610850876331,77.41935483870968,18.055555555555557,0.1996527777777778,100.0,27.097718377918863,52.226990979760615
nominal,no_prices,19,1380.2389635768293,3285.854240723272,42.00548358082419,807.0,77.07558859975217,61.21437422552664,15.861214374225527,14.49814126394052,0.0,0.0,8.426270136307311,31.474597273853778,48.20322180916976,208.50000000000003,16.275922898781786,224.7759228987818,0.16285290361336038,77.00373867696513,0.0,153.099077101205,0.0,177.6617982923602,502.45781142635286,119.99124782713687,65.51724137931035,24.72222222222222,0.1736111111111111,98.98996200191813,27.93177611126393,52.947686766968616
nominal,no_queue_pass,0,1495.7470843673693,3565.8112587772926,41.94689443210343,784.0,81.25,66.19897959183673,15.051020408163266,11.479591836734693,0.0,0.0,7.270408163265306,34.94897959183673,48.724489795918366,178.59722222222223,15.24303471755605,193.84025693977827,0.12959427363467907,77.44335249971608,0.0,187.52085417131957,0.0,179.65063734611064,521.2067685595146,107.9825748025055,70.73170731707317,21.07638888888889,0.32407407407407407,100.0,27.08976872488544,42.57669049663115
nominal,no_queue_pass,1,1268.2787959434886,3027.9408298358308,41.88585138277792,778.0,74.80719794344473,61.18251928020565,13.624678663239074,8.611825192802057,0.0,0.0,16.580976863753214,29.04884318766067,51.02827763496144,143.30555555555557,15.517099717921752,158.82265527347732,0.12522692627319937,78.020833333333,0.0,222.01067805984354,0.0,157.8156972351755,456.5037909267955,94.57375822640576,70.96774193548387,16.90972222222222,0.2633101851851852,100.0,23.15880035260208,34.908504414130284
nominal,no_queue_pass,2,1231.5412425556983,2808.1618069140122,43.85577923335843,776.0,69.0721649484536,56.57216494845361,12.5,13.402061855670103,0.0,0.0,17.52577319587629,24.0979381443299,50.38659793814433,136.1805555555556,16.105359888909316,152.2859154444649,0.12365474267710327,77.3417783085405,0.0,224.10297344441136,0.0,133.45223017945645,377.61521215201213,57.319384495215395,72.72727272727273,16.11111111111111,0.17650462962962962,100.0,25.32216569753914,39.61593942549263
nominal,no_queue_pass,3,1209.7247210653939,3268.694270065943,37.009417862778236,796.0,64.44723618090453,51.50753768844221,12.93969849246231,21.105527638190956,0.0,0.0,14.447236180904522,32.537688442211056,39.19597989949749,187.05555555555554,13.97727448373433,201.03283003928988,0.16618064137950495,74.96527777777622,0.0,181.3838366273646,0.0,175.51776959634873,505.1424202219905,80.0508981469221,56.666666666666664,22.083333333333332,0.32407407407407407,90.435288635476,24.678687281648212,37.65009669712841
nominal,no_queue_pass,4,1163.177485382745,2724.9994455309497,42.68542099303462,808.0,70.54455445544555,58.415841584158414,12.128712871287128,16.08910891089109,0.0,0.0,13.366336633663366,22.400990099009903,52.722772277227726,126.41666666666667,17.59405651578076,144.01072318244744,0.12380803874918583,80.39583333333333,0.0,231.48927681753997,0.0,145.33008988715744,370.12421236983806,100.05462627487935,72.72727272727273,14.965277777777779,0.14756944444444445,100.0,25.300873966292162,38.53818210638097
nominal,no_queue_pass,5,1418.407241171991,3497.893243708397,40.55032965123383,835.0,68.02395209580838,55.209580838323355,12.81437125748503,17.84431137724551,0.0,0.0,14.131736526946108,31.736526946107784,42.75449101796407,211.0763888888889,16.247469305117274,227.3238581940062,0.1602669893352876,67.26612406492815,0.0,150.82197513931487,0.0,143.21654479433533,334.4861175704639,84.55074565012174,51.724137931034484,25.0,0.22424768518518517,100.0,27.455790002076725,39.558766454082416
nominal,no_queue_pass,6,1333.9226316596246,3410.0336237797114,39.117580024946875,767.0,69.36114732724903,54.628422425032596,14.732724902216427,16.03650586701434,0.0,0.0,14.602346805736635,31.029986962190353,44.458930899608866,177.52777777777777,17.310356592490148,194.8381343702679,0.1460640443050707,76.30208333333303,0.0,191.22436562971947,0.0,151.72034841738954,371.8982489613036,128.90737386663196,66.66666666666667,21.006944444444443,0.22280092592592593,100.0,27.42540449873297,39.02775848850449
nominal,no_queue_pass,7,1404.5148920374477,2926.3724551927025,47.995083112035374,769.0,79.45383615084525,64.36931079323797,15.084525357607282,10.273081924577372,0.0,0.0,10.273081924577372,31.599479843953187,48.89466840052015,154.33333333333334,15.030072200732198,169.36340553406555,0.12058498382197995,78.32524607181315,0.0,208.49770557703306,0.0,197.86115810838396,568.1282604528938,71.04543895855974,64.0,18.194444444444443,0.3125,100.0,25.972657421208137,38.58447309650692
nominal,no_queue_pass,8,1172.0577766107206,2802.6378202327633,41.81980875835678,753.0,69.8539176626826,55.245683930942896,14.608233731739707,19.9203187250996,0.0,0.0,10.225763612217795,27.224435590969456,45.55112881806109,147.36805555555557,15.408619299896912,162.77667485545248,0.1388811013448154,77.7256944444441,0.0,216.8066584778684,0.0,167.0136611451872,527.5596869053645,41.29143896631238,50.0,17.430555555555557,0.19820601851851852,100.0,24.373522248562757,34.744152499406
nominal,no_queue_pass,9,1280.94489150651,2629.337667287438,48.71739782391661,747.0,84.20348058902276,70.41499330655957,13.788487282463185,10.575635876840696,0.0,0.0,5.220883534136546,24.765729585006692,59.705488621151275,113.625,16.683520084411917,130.30852008441192,0.10172843574180386,76.39340871615877,0.0,246.6498132489094,0.0,184.51164480453312,475.3531595490486,114.49979131950663,76.92307692307692,13.402777777777779,0.2170138888888889,100.0,23.90227247007153,35.206208989380386
nominal,no_queue_pass,10,1598.2328993292926,3261.647398143676,49.00078715556151,774.0,84.62532299741602,68.86304909560724,15.762273901808786,10.335917312661499,0.0,0.0,5.038759689922481,33.333333333333336,52.0671834625323,182.75694444444449,17.43830554950087,200.19524999394537,0.12526037355253944,78.85416666666632,0.0,179.09641667270853,0.0,183.65888058469093,459.2239900535458,131.92507542605225,78.57142857142857,21.59722222222222,0.27922453703703703,100.0,27.83901535781909,43.579381876560426
nominal,no_queue_pass,11,1111.7021865969932,2948.8212247765814,37.69988418613685,775.0,66.06451612903226,52.903225806451616,13.161290322580646,10.96774193548387,0.0,0.0,22.967741935483872,29.677419354838708,43.225806451612904,179.47916666666669,14.971236598287696,194.4504032649544,0.1749123151949374,78.8368055555552,0.0,185.4801522905882,0.0,167.63105779836187,483.2778534045059,101.02125721338275,57.142857142857146,21.25,0.20399305555555555,99.99999999999999,27.392058350097635,40.24948327565905
nominal,no_queue_pass,12,1026.6676482995163,2813.6630100289367,36.488650013882,738.0,67.20867208672087,52.84552845528455,14.363143631436314,15.582655826558266,0.0,0.0,17.208672086720867,28.59078590785908,44.71544715447155,138.96527777777777,15.822942636629634,154.78822041440742,0.1507676030025737,76.44965277777614,0.0,225.43400180780253,0.0,156.13911205643387,460.6599498669921,126.13257576992702,55.55555555555556,16.42361111111111,0.2097800925925926,100.0,26.739619794227746,41.98425215661779
nominal,no_queue_pass,13,1169.81042518392,3086.893770494354,37.896037640342236,812.0,66.25615763546799,53.20197044334975,13.054187192118226,19.58128078817734,0.0,0.0,14.16256157635468,25.0,45.8128078817734,159.11111111111114,16.985012257506405,176.09612336861755,0.150533898123648,80.39583333333333,0.0,203.21637663136954,0.0,130.65529565809197,348.7348026426543,100.92672514182307,50.0,18.854166666666668,0.15335648148148148,100.0,28.595473949168213,42.06180391875307
nominal,no_queue_pass,14,1462.721889090922,3159.553502300217,46.29520873838762,752.0,84.57446808510639,67.15425531914893,17.420212765957448,4.25531914893617,0.0,0.0,11.170212765957446,35.638297872340424,51.06382978723404,182.87500000000003,16.637933612158665,199.5129336121587,0.13639840567105718,75.11349004625046,0.0,180.6815108322729,0.0,180.536083342827,443.76742245723733,106.90710437566214,84.61538461538461,21.59722222222222,0.3038194444444444,100.0,26.75569816007329,37.34851993362224
nominal,no_queue_pass,15,945.0793896175728,2341.495585981719,40.36221102767227,776.0,76.28865979381443,60.56701030927835,15.721649484536082,1.0309278350515463,0.0,0.0,22.68041237113402,26.030927835051546,55.92783505154639,123.67361111111111,17.861499582589445,141.53511069370057,0.14976002254262774,80.39583333333333,0.0,239.5621115285091,0.0,151.89035212414979,342.6840017777229,135.529421610446,68.75,14.583333333333334,0.24450231481481483,100.0,25.853265136334233,40.182422472528394
nominal,no_queue_pass,16,1263.7995822281162,2912.442900275749,43.39311105836479,768.0,77.99479166666667,66.40625,11.588541666666666,16.145833333333332,0.0,0.0,5.859375,23.828125,54.557291666666664,123.39583333333334,17.039839834047353,140.43567316738068,0.11112179109901937,79.472834925646,0.0,240.02266016594035,0.0,191.5766841036189,587.2873426040794,109.00905583294649,68.75,14.583333333333334,0.18663194444444445,100.0,27.378849065595286,40.087019778953525
nominal,no_queue_pass,17,1334.2935333065818,3076.19731981379,43.37477068562527,781.0,80.79385403329066,65.17285531370038,15.620998719590268,10.88348271446863,0.0,0.0,8.322663252240718,30.60179257362356,52.62483994878361,160.79166666666666,15.757400269472903,176.54906693613955,0.13231651246830536,77.5773701988346,0.0,205.95093306384769,0.0,167.28386081510484,383.0918881104374,145.63204731556763,80.0,18.993055555555557,0.2604166666666667,100.0,24.06100518310297,35.86207930084194
nominal,no_queue_pass,18,1398.2637292669351,3142.1940998029672,44.499597569564976,819.0,75.7020757020757,63.492063492063494,12.21001221001221,17.216117216117215,0.0,0.0,7.0818070818070815,26.862026862026863,50.91575091575091,142.64583333333337,16.856170836252446,159.5020041695858,0.11407147366484834,77.67432223105075,0.0,218.33132916373475,0.0,172.19029482618603,538.4871827757096,88.60610850876331,77.41935483870968,16.84027777777778,0.24739583333333334,100.0,27.305643974968653,37.33358460355114
nominal,no_queue_pass,19,1355.4187043976597,3285.854240723272,41.25011656327486,807.0,77.19950433705081,61.21437422552664,15.985130111524164,14.12639405204461,0.0,0.0,8.674101610904584,34.20074349442379,46.592317224287484,214.06250000000003,16.44199327853708,230.5044932785371,0.17006146700695854,74.7048611111095,0.0,154.6621733881169,0.0,180.57175732431517,523.8433227652148,119.99124782713687,65.51724137931035,25.34722222222222,0.2387152777777778,100.0,30.0421605823515,40.678058058274225
nominal,no_storage_price,0,1547.3420237573494,3565.8112587772926,43.393828541781225,784.0,81.37755102040816,66.3265306122449,15.051020408163266,11.607142857142858,0.0,0.0,7.01530612244898,33.16326530612245,50.0,179.86805555555557,15.24303471755605,195.1110902731116,0.12609435230055413,73.13952440855455,0.0,183.9166875046536,0.0,170.42616729670414,474.60175581314303,107.9825748025055,70.73170731707317,21.25,0.28501157407407407,100.0,23.03257124912602,37.16133776246472
nominal,no_storage_price,1,1287.5025258528156,3027.9408298358308,42.52072937378441,778.0,73.90745501285348,59.768637532133674,14.138817480719794,9.768637532133676,0.0,0.0,16.323907455012854,29.177377892030847,49.3573264781491,143.82638888888889,15.427436408865256,159.25382529775413,0.12369204883094706,78.020833333333,0.0,220.70450803556676,0.0,152.19113385898115,453.1688408397235,94.57375822640576,70.96774193548387,16.979166666666668,0.25028935185185186,99.42216451085292,19.850168380548237,33.230276225734514
nominal,no_storage_price,2,1265.3866988408927,2808.1618069140122,45.061032299683276,776.0,69.71649484536083,56.829896907216494,12.88659793814433,13.402061855670103,0.0,0.0,16.88144329896907,23.969072164948454,50.25773195876289,137.2638888888889,15.954600449962495,153.2184893388514,0.12108432108477285,80.25844497520697,0.0,224.0453995500246,0.0,135.52215515257768,391.80282000843664,57.319384495215395,72.72727272727273,16.25,0.15914351851851852,99.06391760266942,20.95935947273844,37.512742758435564
nominal,no_storage_price,3,1236.7293686909882,3268.694270065943,37.83557795590465,796.0,64.57286432160804,51.63316582914573,12.93969849246231,21.35678391959799,0.0,0.0,14.07035175879397,31.65829145728643,39.321608040201006,186.90972222222223,13.97727448373433,200.88699670595656,0.16243407959057743,75.82465277777615,0.0,180.8421699606979,0.0,170.38389489953386,497.6546367818344,80.0508981469221,56.666666666666664,22.083333333333332,0.29369212962962965,90.435288635476,20.723715805716065,34.93340428667692
nominal,no_storage_price,4,1201.181751302419,2724.9994455309497,44.080073237166324,808.0,71.2871287128713,58.78712871287129,12.5,16.336633663366335,0.0,0.0,12.376237623762377,22.64851485148515,52.103960396039604,126.70833333333336,17.59405651578076,144.30238984911412,0.12013368475890492,80.39583333333333,0.0,230.32261015087323,0.0,141.33899996626138,367.9660513834939,100.05462627487935,72.72727272727273,15.0,0.14756944444444445,100.0,22.939458955838553,38.47256967544905
nominal,no_storage_price,5,1460.367672511001,3497.893243708397,41.74992118863948,835.0,68.1437125748503,55.209580838323355,12.934131736526947,18.44311377245509,0.0,0.0,13.41317365269461,30.29940119760479,43.11377245508982,210.9305555555556,16.247469305117274,227.17802486067288,0.15556221158337202,69.50570739826104,0.0,152.42614180598127,0.0,138.7236341775127,322.9117021352675,84.55074565012174,51.724137931034484,25.0,0.19386574074074073,100.0,23.796869666889542,39.22183662356844
nominal,no_storage_price,6,1360.162305198474,3410.0336237797114,39.88706433020031,767.0,68.97001303780965,54.4980443285528,14.471968709256846,16.949152542372882,0.0,0.0,14.08083441981747,30.378096479791395,43.67666232073012,177.42361111111114,17.310356592490148,194.73396770360128,0.14316965479732643,77.395833333333,0.0,190.4118656297192,0.0,148.1423089255752,376.6515488747232,128.90737386663196,66.66666666666667,21.006944444444443,0.20109953703703703,100.0,24.971536769608733,40.449934810197874
nominal,no_storage_price,7,1430.1325940081554,2926.3724551927025,48.87049122781538,769.0,79.45383615084525,64.49934980494149,14.95448634590377,10.533159947984394,0.0,0.0,10.01300390117035,30.039011703511054,50.455136540962286,154.9375,15.030072200732198,169.9675722007322,0.11884742219906566,79.41899607181314,0.0,205.26853891036617,0.0,189.38600120409697,551.634085690604,71.04543895855974,64.0,18.29861111111111,0.2560763888888889,100.0,24.443083067423018,37.07458231803298
nominal,no_storage_price,8,1223.4050593737838,2802.6378202327633,43.651914298087156,753.0,69.45551128818062,55.37848605577689,14.077025232403718,20.185922974767596,0.0,0.0,10.358565737051793,26.56042496679947,45.418326693227094,147.61805555555557,15.408619299896912,163.02667485545248,0.13325649882378274,77.36111111111079,0.0,215.9733251445351,0.0,158.62021689546467,491.8477426659,41.29143896631238,50.0,17.46527777777778,0.18952546296296297,100.0,20.129950280965616,34.958287759329785
nominal,no_storage_price,9,1308.221723984491,2629.337667287438,49.75480100028845,747.0,83.80187416331995,70.01338688085676,13.788487282463185,11.646586345381525,0.0,0.0,4.551539491298527,25.167336010709505,59.17001338688085,126.10416666666669,16.626782892265098,142.7309495589318,0.10910302660638578,78.6518302063421,0.0,233.35238377438904,0.0,180.80200951259573,475.69353599920044,114.49979131950663,76.92307692307692,14.895833333333334,0.20399305555555555,99.65992073699223,20.103721056549645,33.17921343582401
nominal,no_storage_price,10,1627.2886942851376,3261.647398143676,49.89161903924034,774.0,83.97932816537468,68.86304909560724,15.116279069767442,11.24031007751938,0.0,0.0,4.780361757105943,31.782945736434108,52.84237726098191,187.8402777777778,17.43830554950087,205.27858332727868,0.1261476123125509,79.76616892365794,0.0,171.09641667270841,0.0,180.0675532052311,442.3684440114835,131.92507542605225,78.57142857142857,22.22222222222222,0.24450231481481483,100.0,24.58191438698926,42.28517556472166
nominal,no_storage_price,11,1142.9054487836888,2948.8212247765814,38.75804471226571,775.0,65.93548387096774,52.774193548387096,13.161290322580646,11.741935483870968,0.0,0.0,22.322580645161292,28.387096774193548,42.70967741935484,178.72916666666669,14.797421928186456,193.52658859485314,0.1693286078921134,79.1840277777774,0.0,184.67480029402265,0.0,162.82475195680527,478.0227592694769,101.02125721338275,57.142857142857146,21.180555555555557,0.16927083333333334,98.83900926312846,22.966273770365696,39.656836416359916
nominal,no_storage_price,12,1064.4509133332224,2813.6630100289367,37.83149970480208,738.0,66.80216802168022,52.710027100271006,14.092140921409214,16.124661246612465,0.0,0.0,17.073170731707318,27.642276422764226,44.3089430894309,138.29861111111111,15.822942636629634,154.12155374774073,0.14478972380710764,76.4756944444428,0.0,226.3923351411359,0.0,144.3096981537068,450.264118756214,126.13257576992702,55.55555555555556,16.354166666666668,0.19241898148148148,100.0,22.697890739285878,42.84324512209764
nominal,no_storage_price,13,1201.197085253377,3086.893770494354,38.91280926913821,812.0,66.7487684729064,53.44827586206897,13.300492610837438,19.704433497536947,0.0,0.0,13.54679802955665,24.261083743842363,46.05911330049261,159.09027777777777,16.89300539044975,175.98328316822753,0.1465065852462555,79.91319444444406,0.0,204.1833834984262,0.0,132.40079654018245,353.5741685263351,100.92672514182307,50.0,18.854166666666668,0.1490162037037037,99.45830555985623,25.176685713058635,40.79691043398947
nominal,no_storage_price,14,1462.0013797357738,3159.553502300217,46.272404587275005,752.0,84.17553191489361,67.42021276595744,16.75531914893617,4.787234042553192,0.0,0.0,11.037234042553191,33.909574468085104,51.72872340425532,181.29166666666669,16.637933612158665,197.92960027882535,0.13538263576372067,76.53365476184004,0.0,181.09817749893924,0.0,178.38420808808408,440.12641810852045,106.90710437566214,84.61538461538461,21.42361111111111,0.2777777777777778,100.0,25.897524296877982,37.09861131974385
nominal,no_storage_price,15,958.8981537455962,2341.495585981719,40.952379303485166,776.0,76.15979381443299,59.922680412371136,16.237113402061855,1.288659793814433,0.0,0.0,22.551546391752577,25.9020618556701,55.28350515463917,124.75694444444446,17.861499582589445,142.6184440270339,0.14873158684261245,80.39583333333333,0.0,237.6037781951759,0.0,148.9762643013764,342.0934969951042,135.529421610446,68.75,14.722222222222221,0.2271412037037037,100.0,25.45238707704416,41.37259442407998
nominal,no_storage_price,16,1309.5843322371488,2912.442900275749,44.96515046228573,768.0,78.125,66.14583333333333,11.979166666666666,16.276041666666668,0.0,0.0,5.598958333333333,24.088541666666668,54.427083333333336,129.16666666666669,17.039839834047353,146.20650650071403,0.11164344510059236,80.39583333333333,0.0,231.0434934992735,0.0,182.60346558566872,569.8670731029667,109.00905583294649,68.75,15.277777777777779,0.1736111111111111,100.0,22.461202972177873,38.21344224851213
nominal,no_storage_price,17,1366.4169547212691,3076.19731981379,44.419028191728025,781.0,80.92189500640205,65.30089628681178,15.620998719590268,11.139564660691422,0.0,0.0,7.9385403329065305,29.833546734955185,52.752880921895006,158.41666666666669,15.757400269472903,174.17406693613958,0.12746772962259442,79.61625361262136,0.0,205.11759973051434,0.0,164.2522749281767,380.5746813909345,145.63204731556763,80.0,18.71527777777778,0.2517361111111111,100.0,20.59222094846189,34.815744029662106
nominal,no_storage_price,18,1435.383249443105,3142.1940998029672,45.68092243356677,819.0,75.45787545787546,63.36996336996337,12.087912087912088,17.704517704517706,0.0,0.0,6.837606837606837,26.73992673992674,50.79365079365079,150.66666666666669,16.856170836252446,167.52283750291912,0.11670948338564914,79.82468669006703,0.0,209.43549583040135,0.0,171.33183148035954,545.6558771607445,88.60610850876331,77.41935483870968,17.8125,0.2170138888888889,100.0,23.36009174279118,36.46267642253971
nominal,no_storage_price,19,1395.1219400823186,3285.854240723272,42.45842444232184,807.0,77.44733581164807,61.46220570012392,15.985130111524164,14.374225526641883,0.0,0.0,8.178438661710038,33.45724907063197,46.96406443618339,216.0,16.277965148667676,232.27796514866768,0.16649294837622738,76.97048611110941,0.0,152.01370151798614,0.0,176.39413532937718,502.6365895224607,119.99124782713687,65.51724137931035,25.59027777777778,0.2170138888888889,99.0023829404947,24.05729444575359,38.46900739394603
storage_tight,full_engine,0,1479.8781350227534,3565.8112587772926,41.5018638852523,784.0,80.2295918367347,65.05102040816327,15.178571428571429,13.26530612244898,0.3826530612244898,0.0,6.122448979591836,32.6530612244898,49.48979591836735,160.18055555555554,15.136416984831895,175.31697254038744,0.11846716860756369,75.32702440855408,0.0,206.04413857071097,0.0,170.03570593903126,477.4262636499868,107.9825748025055,70.73170731707317,18.88888888888889,0.31539351851851855,99.30054785874523,67.03201453359048,92.86135008574439
storage_tight,full_engine,1,1272.0011936673977,3027.9408298358308,42.00878633868031,778.0,72.23650385604113,59.383033419023135,12.853470437017995,11.696658097686376,0.12853470437017994,0.0,15.938303341902314,27.249357326478147,49.74293059125964,122.55555555555556,15.503434603908879,138.05899015946443,0.10853684009636554,80.39583333333333,0.0,236.3576765071898,0.0,150.6264576279289,450.42093324545726,94.57375822640576,70.96774193548387,14.444444444444445,0.25462962962962965,99.91193512794734,65.12345261953354,93.4335120081108
storage_tight,full_engine,2,1250.5607354554486,2808.1618069140122,44.533072573539975,776.0,69.3298969072165,56.44329896907217,12.88659793814433,13.917525773195877,0.0,0.0,16.75257731958763,25.38659793814433,50.25773195876289,140.65972222222223,15.845593769774528,156.50531599199675,0.125148112806371,79.36434470847965,0.0,218.42523956354586,0.0,132.9136434542237,377.51272073012115,57.319384495215395,72.72727272727273,16.631944444444443,0.19820601851851852,98.38708280394484,60.13593698992807,90.6060413297246
storage_tight,full_engine,3,1180.5022184961572,3268.694270065943,36.115406365990346,796.0,63.5678391959799,50.879396984924625,12.688442211055277,22.487437185929647,0.12562814070351758,0.0,13.819095477386934,31.281407035175878,40.20100502512563,174.18055555555557,13.97727448373433,188.1578300392899,0.15938795123907884,78.85416666666632,0.0,189.57133662736456,0.0,169.4156365146178,502.9205552795248,80.0508981469221,56.666666666666664,20.555555555555557,0.31539351851851855,90.435288635476,60.26202298005531,93.27091135764192
storage_tight,full_engine,4,1168.354273982683,2724.9994455309497,42.875394925265255,808.0,69.8019801980198,58.91089108910891,10.891089108910892,17.574257425742573,0.3712871287128713,0.0,12.252475247524753,22.277227722772277,52.475247524752476,118.95833333333334,17.19408756672985,136.1524209000632,0.11653350694387171,80.39583333333333,0.0,239.34757909992425,0.0,140.95910009381714,366.26379297888235,100.05462627487935,72.72727272727273,14.0625,0.1736111111111111,97.72668145806985,55.0675043424888,92.96535610423362
storage_tight,full_engine,5,1318.2563464269692,3497.893243708397,37.68715208213101,835.0,65.38922155688623,53.532934131736525,11.8562874251497,21.077844311377245,0.3592814371257485,0.0,13.173652694610778,28.023952095808383,44.790419161676645,171.43055555555554,16.125551060047254,187.5561066156028,0.14227589885985298,77.00520833333302,0.0,189.69389338438395,0.0,136.30073053922203,315.54927616867263,84.55074565012174,51.724137931034484,20.27777777777778,0.22858796296296297,99.2496170155458,62.045351813140364,93.3880027668551
storage_tight,full_engine,6,1288.8513530508835,3410.0336237797114,37.79585468199311,767.0,66.10169491525424,53.0638852672751,13.03780964797914,19.687092568448502,0.1303780964797914,0.0,14.08083441981747,28.422425032594525,44.32855280312907,150.42361111111114,17.310356592490148,167.73396770360128,0.1301422133022187,78.48958333333297,0.0,216.5368656297194,0.0,144.91769555458208,359.99450789741894,128.90737386663196,66.66666666666667,17.77777777777778,0.2271412037037037,100.0,67.94240594602643,93.32117195590372
storage_tight,full_engine,7,1382.7237420096037,2926.3724551927025,47.25043592984991,769.0,77.89336801040312,63.45903771131339,14.434330299089726,12.48374512353706,0.26007802340702213,0.0,9.362808842652797,29.258777633289988,49.93498049414824,136.16666666666669,15.010948150504042,151.17761481717073,0.10933320244972024,80.14816273847978,0.0,225.8084962939278,0.0,188.9621158301288,549.9820827715688,71.04543895855974,64.0,16.041666666666668,0.2951388888888889,99.87276142141735,65.46628599318993,93.38759992959616
storage_tight,full_engine,8,1178.38421979933,2802.6378202327633,42.045540500893665,753.0,68.39309428950864,54.71447543160691,13.678618857901727,21.779548472775563,0.13280212483399734,0.0,9.694555112881806,26.427622841965473,45.28552456839309,133.72222222222223,15.408619299896912,149.13084152211914,0.12655536200876402,80.39583333333333,0.0,229.57749181120153,0.0,157.9150759643853,494.7718216107,41.29143896631238,50.0,15.79861111111111,0.21122685185185186,100.0,62.08243728788384,93.20770894618123
storage_tight,full_engine,9,1257.1501967877152,2629.337667287438,47.81242867465772,747.0,81.52610441767068,68.94243641231593,12.583668005354752,13.520749665327978,0.2677376171352075,0.0,4.685408299866131,22.623828647925034,59.437751004016064,97.20833333333334,16.683520084411917,113.89185341774527,0.09059526356418116,78.58090871615858,0.0,261.316479915576,0.0,179.14400790765308,472.2894958521325,114.49979131950663,76.92307692307692,11.458333333333334,0.1996527777777778,100.0,65.0904366215765,93.26550636182263
storage_tight,full_engine,10,1552.902952106841,3261.647398143676,47.61100028748219,774.0,81.26614987080103,66.9250645994832,14.34108527131783,13.695090439276486,0.5167958656330749,0.0,4.521963824289406,29.58656330749354,52.325581395348834,145.36111111111114,17.38239933085977,162.7435104419709,0.1047995370355726,79.94791666666627,0.0,215.673156224683,0.0,174.0093021561799,437.5968320628908,131.92507542605225,78.57142857142857,17.15277777777778,0.2662037037037037,99.67940567113928,63.34880792462959,93.45216712079669
storage_tight,full_engine,11,1122.432530828669,2948.8212247765814,38.06377007184322,775.0,65.16129032258064,52.25806451612903,12.903225806451612,13.419354838709678,0.12903225806451613,0.0,21.29032258064516,29.548387096774192,42.58064516129032,166.81250000000003,14.797421928186456,181.60992192818648,0.1618003015237874,80.26041666666629,0.0,193.65396696068933,0.0,160.61963124167474,470.93067533734944,101.02125721338275,57.142857142857146,19.72222222222222,0.2387152777777778,98.83900926312846,65.22537352276146,93.31482766173724
storage_tight,full_engine,12,997.1690425033405,2813.6630100289367,35.44024422786456,738.0,65.17615176151762,52.1680216802168,13.008130081300813,17.208672086720867,0.8130081300813008,0.0,16.802168021680217,25.880758807588077,45.25745257452574,116.73611111111111,14.941218472810915,131.67732958392202,0.13205116080755275,80.39583333333333,0.0,245.919892638288,0.0,144.64427013029334,452.556299925444,126.13257576992702,55.55555555555556,13.784722222222221,0.19675925925925927,94.427558867732,64.98736128703602,92.94430179913275
storage_tight,full_engine,13,1124.5786714437318,3086.893770494354,36.430753859846455,812.0,64.90147783251231,52.0935960591133,12.807881773399014,21.67487684729064,0.24630541871921183,0.0,13.177339901477833,24.014778325123153,46.67487684729064,136.88194444444446,16.777543323375276,153.65948776781974,0.13663738399960226,80.39583333333333,0.0,224.79884556550087,0.0,125.19177587262267,335.69919422731067,100.92672514182307,50.0,16.180555555555557,0.20109953703703703,98.77851760725436,60.170887481709215,93.3122702909419
storage_tight,full_engine,14,1348.403400604348,3159.553502300217,42.67702381436756,752.0,81.11702127659575,65.42553191489361,15.691489361702128,8.51063829787234,0.26595744680851063,0.0,10.106382978723405,29.78723404255319,53.058510638297875,132.5,16.637933612158665,149.13793361215866,0.11060335026247764,79.35840176969522,0.0,230.76484416560646,0.0,179.061081671811,438.7539848003502,106.90710437566214,84.61538461538461,15.625,0.2604166666666667,100.0,72.65441047608263,93.28002736789664
storage_tight,full_engine,15,945.791901751955,2341.495585981719,40.3926408153109,776.0,75.25773195876289,60.18041237113402,15.077319587628866,3.479381443298969,0.12886597938144329,0.0,21.1340206185567,23.45360824742268,55.79896907216495,99.38194444444446,17.679806777590155,117.06175122203462,0.12377114987471675,80.39583333333333,0.0,259.9521376668422,0.0,146.22316284478487,338.26953575487164,135.529421610446,68.75,11.70138888888889,0.2271412037037037,98.98276847271886,64.83104699351819,93.23445996789226
storage_tight,full_engine,16,1288.6512523717254,2912.442900275749,44.24640401532736,768.0,77.734375,65.88541666666667,11.848958333333334,17.1875,0.13020833333333334,0.0,4.947916666666667,24.348958333333332,54.036458333333336,123.97916666666667,16.631263241343508,140.6104299080102,0.10911441683637893,79.5035261724029,0.0,239.26457009197742,0.0,180.09432209631612,570.1622532819545,109.00905583294649,68.75,14.652777777777779,0.18663194444444445,97.60222750517015,58.69727229586448,92.6380162448011
storage_tight,full_engine,17,1253.837104803099,3076.19731981379,40.759319850099764,781.0,78.36107554417414,63.38028169014085,14.98079385403329,13.188220230473751,0.5121638924455826,0.0,7.9385403329065305,27.65685019206146,53.137003841229195,126.04166666666669,15.757400269472903,141.79906693613958,0.11309209656736673,79.61625361262136,0.0,238.36759973051466,0.0,161.5117779989291,359.65572765080753,145.63204731556763,80.0,14.86111111111111,0.2517361111111111,100.0,67.60373760406651,93.48167628883735
storage_tight,full_engine,18,1390.326249261562,3142.1940998029672,44.24698809499843,819.0,74.48107448107449,62.51526251526251,11.965811965811966,18.803418803418804,0.2442002442002442,0.0,6.471306471306471,26.25152625152625,50.91575091575091,140.16666666666669,16.390497615027527,156.5571642816942,0.11260462381750021,79.82468669006703,0.0,221.27616905162637,0.0,169.16421921643277,538.6726351795703,88.60610850876331,77.41935483870968,16.5625,0.2170138888888889,97.23737243915802,64.04850514260438,92.69703529758108
storage_tight,full_engine,19,1327.023834539214,3285.854240723272,40.38596168061045,807.0,75.58859975216852,60.346964064436186,15.241635687732343,16.48079306071871,0.12391573729863693,0.0,7.806691449814126,32.2180916976456,47.21189591078067,193.64583333333337,16.11505360659665,209.76088693993003,0.15806866574688605,77.53867221859937,0.0,173.69744639339,0.0,173.6043491514819,498.2807928606155,119.99124782713687,65.51724137931035,22.916666666666668,0.2387152777777778,98.01155695418507,67.6733547186782,93.43088599646609
storage_tight,no_battery_guard,0,1479.8781350227534,3565.8112587772926,41.5018638852523,784.0,80.2295918367347,65.05102040816327,15.178571428571429,13.26530612244898,0.3826530612244898,0.0,6.122448979591836,32.6530612244898,49.48979591836735,160.18055555555554,15.136416984831895,175.31697254038744,0.11846716860756369,75.32702440855408,0.0,206.04413857071097,0.0,170.03570593903126,477.4262636499868,107.9825748025055,70.73170731707317,18.88888888888889,0.31539351851851855,99.30054785874523,67.03201453359048,92.86135008574439
storage_tight,no_battery_guard,1,1272.0011936673977,3027.9408298358308,42.00878633868031,778.0,72.23650385604113,59.383033419023135,12.853470437017995,11.696658097686376,0.12853470437017994,0.0,15.938303341902314,27.249357326478147,49.74293059125964,122.55555555555556,15.503434603908879,138.05899015946443,0.10853684009636554,80.39583333333333,0.0,236.3576765071898,0.0,150.6264576279289,450.42093324545726,94.57375822640576,70.96774193548387,14.444444444444445,0.25462962962962965,99.91193512794734,65.12345261953354,93.4335120081108
storage_tight,no_battery_guard,2,1250.5607354554486,2808.1618069140122,44.533072573539975,776.0,69.3298969072165,56.44329896907217,12.88659793814433,13.917525773195877,0.0,0.0,16.75257731958763,25.38659793814433,50.25773195876289,140.65972222222223,15.845593769774528,156.50531599199675,0.125148112806371,79.36434470847965,0.0,218.42523956354586,0.0,132.9136434542237,377.51272073012115,57.319384495215395,72.72727272727273,16.631944444444443,0.19820601851851852,98.38708280394484,60.13593698992807,90.6060413297246
storage_tight,no_battery_guard,3,1180.5022184961572,3268.694270065943,36.115406365990346,796.0,63.5678391959799,50.879396984924625,12.688442211055277,22.487437185929647,0.12562814070351758,0.0,13.819095477386934,31.281407035175878,40.20100502512563,174.18055555555557,13.97727448373433,188.1578300392899,0.15938795123907884,78.85416666666632,0.0,189.57133662736456,0.0,169.4156365146178,502.9205552795248,80.0508981469221,56.666666666666664,20.555555555555557,0.31539351851851855,90.435288635476,60.26202298005531,93.27091135764192
storage_tight,no_battery_guard,4,1168.354273982683,2724.9994455309497,42.875394925265255,808.0,69.8019801980198,58.91089108910891,10.891089108910892,17.574257425742573,0.3712871287128713,0.0,12.252475247524753,22.277227722772277,52.475247524752476,118.95833333333334,17.19408756672985,136.1524209000632,0.11653350694387171,80.39583333333333,0.0,239.34757909992425,0.0,140.95910009381714,366.26379297888235,100.05462627487935,72.72727272727273,14.0625,0.1736111111111111,97.72668145806985,55.0675043424888,92.96535610423362
storage_tight,no_battery_guard,5,1318.2563464269692,3497.893243708397,37.68715208213101,835.0,65.38922155688623,53.532934131736525,11.8562874251497,21.077844311377245,0.3592814371257485,0.0,13.173652694610778,28.023952095808383,44.790419161676645,171.43055555555554,16.125551060047254,187.5561066156028,0.14227589885985298,77.00520833333302,0.0,189.69389338438395,0.0,136.30073053922203,315.54927616867263,84.55074565012174,51.724137931034484,20.27777777777778,0.22858796296296297,99.2496170155458,62.045351813140364,93.3880027668551
storage_tight,no_battery_guard,6,1288.8513530508835,3410.0336237797114,37.79585468199311,767.0,66.10169491525424,53.0638852672751,13.03780964797914,19.687092568448502,0.1303780964797914,0.0,14.08083441981747,28.422425032594525,44.32855280312907,150.42361111111114,17.310356592490148,167.73396770360128,0.1301422133022187,78.48958333333297,0.0,216.5368656297194,0.0,144.91769555458208,359.99450789741894,128.90737386663196,66.66666666666667,17.77777777777778,0.2271412037037037,100.0,67.94240594602643,93.32117195590372
storage_tight,no_battery_guard,7,1382.7237420096037,2926.3724551927025,47.25043592984991,769.0,77.89336801040312,63.45903771131339,14.434330299089726,12.48374512353706,0.26007802340702213,0.0,9.362808842652797,29.258777633289988,49.93498049414824,136.16666666666669,15.010948150504042,151.17761481717073,0.10933320244972024,80.14816273847978,0.0,225.8084962939278,0.0,188.9621158301288,549.9820827715688,71.04543895855974,64.0,16.041666666666668,0.2951388888888889,99.87276142141735,65.46628599318993,93.38759992959616
storage_tight,no_battery_guard,8,1178.38421979933,2802.6378202327633,42.045540500893665,753.0,68.39309428950864,54.71447543160691,13.678618857901727,21.779548472775563,0.13280212483399734,0.0,9.694555112881806,26.427622841965473,45.28552456839309,133.72222222222223,15.408619299896912,149.13084152211914,0.12655536200876402,80.39583333333333,0.0,229.57749181120153,0.0,157.9150759643853,494.7718216107,41.29143896631238,50.0,15.79861111111111,0.21122685185185186,100.0,62.08243728788384,93.20770894618123
storage_tight,no_battery_guard,9,1257.1501967877152,2629.337667287438,47.81242867465772,747.0,81.52610441767068,68.94243641231593,12.583668005354752,13.520749665327978,0.2677376171352075,0.0,4.685408299866131,22.623828647925034,59.437751004016064,97.20833333333334,16.683520084411917,113.89185341774527,0.09059526356418116,78.58090871615858,0.0,261.316479915576,0.0,179.14400790765308,472.2894958521325,114.49979131950663,76.92307692307692,11.458333333333334,0.1996527777777778,100.0,65.0904366215765,93.26550636182263
storage_tight,no_battery_guard,10,1552.902952106841,3261.647398143676,47.61100028748219,774.0,81.26614987080103,66.9250645994832,14.34108527131783,13.695090439276486,0.5167958656330749,0.0,4.521963824289406,29.58656330749354,52.325581395348834,145.36111111111114,17.38239933085977,162.7435104419709,0.1047995370355726,79.94791666666627,0.0,215.673156224683,0.0,174.0093021561799,437.5968320628908,131.92507542605225,78.57142857142857,17.15277777777778,0.2662037037037037,99.67940567113928,63.34880792462959,93.45216712079669
storage_tight,no_battery_guard,11,1122.432530828669,2948.8212247765814,38.06377007184322,775.0,65.16129032258064,52.25806451612903,12.903225806451612,13.419354838709678,0.12903225806451613,0.0,21.29032258064516,29.548387096774192,42.58064516129032,166.81250000000003,14.797421928186456,181.60992192818648,0.1618003015237874,80.26041666666629,0.0,193.65396696068933,0.0,160.61963124167474,470.93067533734944,101.02125721338275,57.142857142857146,19.72222222222222,0.2387152777777778,98.83900926312846,65.22537352276146,93.31482766173724
storage_tight,no_battery_guard,12,997.1690425033405,2813.6630100289367,35.44024422786456,738.0,65.17615176151762,52.1680216802168,13.008130081300813,17.208672086720867,0.8130081300813008,0.0,16.802168021680217,25.880758807588077,45.25745257452574,116.73611111111111,14.941218472810915,131.67732958392202,0.13205116080755275,80.39583333333333,0.0,245.919892638288,0.0,144.64427013029334,452.556299925444,126.13257576992702,55.55555555555556,13.784722222222221,0.19675925925925927,94.427558867732,64.98736128703602,92.94430179913275
storage_tight,no_battery_guard,13,1124.5786714437318,3086.893770494354,36.430753859846455,812.0,64.90147783251231,52.0935960591133,12.807881773399014,21.67487684729064,0.24630541871921183,0.0,13.177339901477833,24.014778325123153,46.67487684729064,136.88194444444446,16.777543323375276,153.65948776781974,0.13663738399960226,80.39583333333333,0.0,224.79884556550087,0.0,125.19177587262267,335.69919422731067,100.92672514182307,50.0,16.180555555555557,0.20109953703703703,98.77851760725436,60.170887481709215,93.3122702909419
storage_tight,no_battery_guard,14,1348.403400604348,3159.553502300217,42.67702381436756,752.0,81.11702127659575,65.42553191489361,15.691489361702128,8.51063829787234,0.26595744680851063,0.0,10.106382978723405,29.78723404255319,53.058510638297875,132.5,16.637933612158665,149.13793361215866,0.11060335026247764,79.35840176969522,0.0,230.76484416560646,0.0,179.061081671811,438.7539848003502,106.90710437566214,84.61538461538461,15.625,0.2604166666666667,100.0,72.65441047608263,93.28002736789664
storage_tight,no_battery_guard,15,945.791901751955,2341.495585981719,40.3926408153109,776.0,75.25773195876289,60.18041237113402,15.077319587628866,3.479381443298969,0.12886597938144329,0.0,21.1340206185567,23.45360824742268,55.79896907216495,99.38194444444446,17.679806777590155,117.06175122203462,0.12377114987471675,80.39583333333333,0.0,259.9521376668422,0.0,146.22316284478487,338.26953575487164,135.529421610446,68.75,11.70138888888889,0.2271412037037037,98.98276847271886,64.83104699351819,93.23445996789226
storage_tight,no_battery_guard,16,1288.6512523717254,2912.442900275749,44.24640401532736,768.0,77.734375,65.88541666666667,11.848958333333334,17.1875,0.13020833333333334,0.0,4.947916666666667,24.348958333333332,54.036458333333336,123.97916666666667,16.631263241343508,140.6104299080102,0.10911441683637893,79.5035261724029,0.0,239.26457009197742,0.0,180.09432209631612,570.1622532819545,109.00905583294649,68.75,14.652777777777779,0.18663194444444445,97.60222750517015,58.69727229586448,92.6380162448011
storage_tight,no_battery_guard,17,1253.837104803099,3076.19731981379,40.759319850099764,781.0,78.36107554417414,63.38028169014085,14.98079385403329,13.188220230473751,0.5121638924455826,0.0,7.9385403329065305,27.65685019206146,53.137003841229195,126.04166666666669,15.757400269472903,141.79906693613958,0.11309209656736673,79.61625361262136,0.0,238.36759973051466,0.0,161.5117779989291,359.65572765080753,145.63204731556763,80.0,14.86111111111111,0.2517361111111111,100.0,67.60373760406651,93.48167628883735
storage_tight,no_battery_guard,18,1390.326249261562,3142.1940998029672,44.24698809499843,819.0,74.48107448107449,62.51526251526251,11.965811965811966,18.803418803418804,0.2442002442002442,0.0,6.471306471306471,26.25152625152625,50.91575091575091,140.16666666666669,16.390497615027527,156.5571642816942,0.11260462381750021,79.82468669006703,0.0,221.27616905162637,0.0,169.16421921643277,538.6726351795703,88.60610850876331,77.41935483870968,16.5625,0.2170138888888889,97.23737243915802,64.04850514260438,92.69703529758108
storage_tight,no_battery_guard,19,1327.023834539214,3285.854240723272,40.38596168061045,807.0,75.58859975216852,60.346964064436186,15.241635687732343,16.48079306071871,0.12391573729863693,0.0,7.806691449814126,32.2180916976456,47.21189591078067,193.64583333333337,16.11505360659665,209.76088693993003,0.15806866574688605,77.53867221859937,0.0,173.69744639339,0.0,173.6043491514819,498.2807928606155,119.99124782713687,65.51724137931035,22.916666666666668,0.2387152777777778,98.01155695418507,67.6733547186782,93.43088599646609
storage_tight,no_prices,0,1413.9666570839245,3565.8112587772926,39.65343520646042,784.0,76.40306122448979,64.28571428571429,12.11734693877551,16.581632653061224,0.8928571428571429,0.0,6.122448979591836,25.637755102040817,52.16836734693877,118.68055555555556,15.013004444074522,133.69355999963008,0.09455213058230895,72.49811277953165,0.0,243.58421777813567,0.0,172.25466155448757,478.55875580530653,107.9825748025055,70.73170731707317,13.993055555555555,0.23726851851851852,98.49091550505626,70.30486124589802,93.44351869341719
storage_tight,no_prices,1,1252.3919600016377,3027.9408298358308,41.36117679913646,778.0,70.4370179948586,58.868894601542415,11.568123393316196,13.881748071979434,0.3856041131105398,0.0,15.295629820051413,23.39331619537275,49.87146529562982,92.68055555555557,15.351844802380073,108.03240035793564,0.08626085427584058,80.39583333333333,0.0,266.38426630871913,0.0,149.88937962729628,451.3896207927645,94.57375822640576,70.96774193548387,10.902777777777779,0.22858796296296297,98.93501415505622,66.91836614044138,93.40897416720738
storage_tight,no_prices,2,1234.9224893915691,2808.1618069140122,43.97618706838937,776.0,66.23711340206185,56.05670103092783,10.18041237113402,17.912371134020617,0.5154639175257731,0.0,15.335051546391753,18.943298969072163,50.25773195876289,84.18055555555557,15.928433936323579,100.10898949187916,0.08106499829086569,79.16469497520697,0.0,274.238232730331,0.0,132.17666880914192,377.5942249672383,57.319384495215395,72.72727272727273,9.930555555555555,0.15914351851851852,98.90144676178535,66.90286209674261,93.47415610638393
storage_tight,no_prices,3,1150.5608589609726,3268.694270065943,35.19940269414555,796.0,60.552763819095475,50.25125628140704,10.301507537688442,27.01005025125628,0.628140703517588,0.0,11.809045226130653,22.487437185929647,42.085427135678394,101.84722222222223,13.97727448373433,115.82449670595656,0.10066785759647101,80.39583333333333,0.0,260.3421699606978,0.0,171.13108103381538,503.12626871928387,80.0508981469221,56.666666666666664,12.01388888888889,0.19386574074074073,90.435288635476,66.82227939403029,93.40631457995516
storage_tight,no_prices,4,1151.8417774672698,2724.9994455309497,42.26943162708939,808.0,66.83168316831683,58.539603960396036,8.292079207920793,21.163366336633665,0.6188118811881188,0.0,11.386138613861386,17.07920792079208,52.475247524752476,77.125,16.96813488116986,94.09313488116986,0.0816892881660073,80.39583333333333,0.0,281.40686511881825,0.0,140.6352335379094,366.3267315625461,100.05462627487935,72.72727272727273,9.097222222222221,0.14756944444444445,96.44242569046263,63.47465996802968,93.41713539502764
storage_tight,no_prices,5,1270.819307785796,3497.893243708397,36.330991806899696,835.0,62.75449101796407,52.69461077844311,10.059880239520957,24.790419161676645,1.1976047904191616,0.0,11.25748502994012,20.239520958083833,45.50898203592814,106.01388888888889,16.229661956429887,122.24355084531877,0.09619270819728813,78.64720647489119,0.0,252.08978248800216,0.0,134.66589275092846,307.48890038377505,84.55074565012174,51.724137931034484,12.534722222222221,0.15046296296296297,99.89039924708902,70.63537372900633,93.460589309785
storage_tight,no_prices,6,1242.300180373861,3410.0336237797114,36.43073111393208,767.0,63.363754889178615,52.28161668839635,11.082138200782268,23.076923076923077,0.7822685788787483,0.0,12.777053455019557,22.55541069100391,44.458930899608866,96.86111111111111,17.310356592490148,114.17146770360127,0.09190328513776937,80.39583333333333,0.0,261.03686562972007,0.0,143.83200169211304,358.7950482583299,128.90737386663196,66.66666666666667,11.42361111111111,0.1880787037037037,100.0,73.50974321676985,93.49958778680234
storage_tight,no_prices,7,1308.5259091865466,2926.3724551927025,44.714947574927876,769.0,73.34200260078023,62.02860858257477,11.31339401820546,17.29518855656697,0.6501950585175552,0.0,8.712613784135241,21.586475942782833,52.66579973992198,85.83333333333334,14.91791827791344,100.75125161124679,0.07699599289851237,80.14816273847978,0.0,273.6098594998524,0.0,189.52569101323024,550.527717903091,71.04543895855974,64.0,10.104166666666666,0.1996527777777778,99.25380316660558,68.50899813132041,93.48513383133746
storage_tight,no_prices,8,1141.5329147311907,2802.6378202327633,40.73066118248503,753.0,64.27622841965471,53.78486055776892,10.49136786188579,24.9667994687915,1.1952191235059761,0.0,9.56175298804781,20.45152722443559,45.94953519256308,89.5138888888889,15.408619299896912,104.92250818878581,0.09191369502778908,80.39583333333333,0.0,273.20249181120226,0.0,155.49024479465965,492.5812893845712,41.29143896631238,50.0,10.555555555555555,0.17650462962962962,100.0,67.11384843335829,93.4987838539397
storage_tight,no_prices,9,1221.860132824602,2629.337667287438,46.470263139885596,747.0,79.51807228915662,68.67469879518072,10.843373493975903,15.261044176706827,0.40160642570281124,0.0,4.819277108433735,19.812583668005356,60.24096385542169,74.45833333333334,16.683520084411917,91.14185341774527,0.07459270580099095,78.58090871615858,0.0,284.94147991557634,0.0,179.42825284241238,471.55517667143135,114.49979131950663,76.92307692307692,8.75,0.1996527777777778,100.0,69.51545320584339,93.33826659710886
storage_tight,no_prices,10,1431.3888026459013,3261.647398143676,43.88545504521909,774.0,76.22739018087856,64.72868217054264,11.498708010335918,17.441860465116278,1.550387596899225,0.0,4.780361757105943,21.834625322997415,55.16795865633075,87.06944444444446,17.349380958278946,104.4188254027234,0.0729493099357119,80.2777777777774,0.0,272.83117459726463,0.0,174.49193313350193,441.2213926848343,131.92507542605225,78.57142857142857,10.243055555555555,0.21412037037037038,99.49006174384604,69.35186309524413,93.440848507578
storage_tight,no_prices,11,1059.940406556534,2948.8212247765814,35.94454616816728,775.0,61.41935483870968,50.83870967741935,10.580645161290322,17.032258064516128,1.1612903225806452,0.0,20.387096774193548,22.06451612903226,43.225806451612904,108.95833333333334,14.797421928186456,123.7557552615198,0.11675727663177735,80.39583333333333,0.0,252.38313362735687,0.0,158.79876365666823,474.9509793139481,101.02125721338275,57.142857142857146,12.881944444444445,0.15625,98.83900926312846,69.28938565087314,93.402232152858
storage_tight,no_prices,12,987.8032347111248,2813.6630100289367,35.10737537474205,738.0,62.46612466124661,51.3550135501355,11.11111111111111,21.680216802168022,0.27100271002710025,0.0,15.582655826558266,21.680216802168022,44.85094850948509,86.61111111111111,14.663115502664553,101.27422661377567,0.10252469627050018,80.39583333333333,0.0,273.98966227510147,0.0,140.0042765510802,440.3181147942631,126.13257576992702,55.55555555555556,10.208333333333334,0.17939814814814814,92.66996562775805,67.90456143647837,93.4761165481726
storage_tight,no_prices,13,1087.8750284180842,3086.893770494354,35.241738436754346,812.0,61.206896551724135,50.98522167487685,10.22167487684729,25.61576354679803,0.9852216748768473,0.0,12.192118226600986,16.502463054187192,47.29064039408867,77.11111111111111,16.962138745295164,94.07324985640628,0.08647431680935021,80.39583333333333,0.0,282.0100834769152,0.0,125.22273044054873,333.1836591146565,100.92672514182307,50.0,9.097222222222221,0.14467592592592593,99.86533119985754,70.5970841030024,93.49957450474244
storage_tight,no_prices,14,1312.6407856751039,3159.553502300217,41.545135561701215,752.0,77.79255319148936,64.62765957446808,13.164893617021276,11.702127659574469,0.9308510638297872,0.0,9.574468085106384,25.132978723404257,53.8563829787234,91.91666666666669,16.637933612158665,108.55460027882535,0.08269939610553444,80.17044985133649,0.0,267.5565108322736,0.0,178.97058707359716,439.7764386644783,106.90710437566214,84.61538461538461,10.79861111111111,0.2517361111111111,100.0,74.53514130440807,93.43099193953519
storage_tight,no_prices,15,919.7619356917778,2341.495585981719,39.280959622486286,776.0,72.68041237113403,60.05154639175258,12.628865979381443,6.314432989690721,0.6443298969072165,0.0,20.36082474226804,19.587628865979383,56.05670103092783,66.69444444444444,17.682024109455256,84.3764685538997,0.09173729122681934,80.39583333333333,0.0,293.51242033497755,0.0,146.34631993286706,338.3301030617288,135.529421610446,68.75,7.8125,0.22280092592592593,98.99518250243032,65.743635650195,93.46735998907954
storage_tight,no_prices,16,1235.9158606897677,2912.442900275749,42.43571129146435,768.0,73.828125,64.58333333333333,9.244791666666666,20.182291666666668,0.5208333333333334,0.0,5.46875,19.140625,54.947916666666664,81.33333333333334,16.592905284216286,97.92623861754963,0.07923374214398118,80.18056932987675,0.0,277.57376138243865,0.0,176.40326425665066,568.3781788430476,109.00905583294649,68.75,9.583333333333334,0.1736111111111111,97.3771200070904,63.55733492991061,93.23998199288961
storage_tight,no_prices,17,1199.3979419457705,3076.19731981379,38.9896296385296,781.0,74.13572343149808,62.483994878361074,11.651728553137003,17.157490396927017,1.0243277848911652,0.0,7.682458386683739,22.02304737516005,53.905249679897565,80.75,15.282536962406708,96.03253696240671,0.08006728509689966,79.61625361262136,0.0,281.5091297042481,0.0,161.17120616151905,364.79318614298194,145.63204731556763,80.0,9.479166666666666,0.234375,96.98641083589052,68.3079534800215,93.19762763609826
storage_tight,no_prices,18,1331.7987409727634,3142.1940998029672,42.384356238727406,819.0,71.7948717948718,61.2942612942613,10.5006105006105,21.733821733821735,0.1221001221001221,0.0,6.349206349206349,22.1001221001221,51.77045177045177,100.41666666666669,16.371544802393423,116.78821146906012,0.08769208730724318,79.82468669006703,0.0,259.2951218642611,0.0,164.85678651537967,531.194721909051,88.60610850876331,77.41935483870968,11.840277777777779,0.1996527777777778,97.12493401635004,69.75464815418498,93.39772289195372
storage_tight,no_prices,19,1280.9666252029563,3285.854240723272,38.98428023152341,807.0,71.00371747211896,59.23172242874845,11.771995043370508,21.189591078066915,0.6195786864931846,0.0,7.1871127633209415,24.28748451053284,49.07063197026022,131.5,16.114923171971018,147.61492317197101,0.11523713441681817,77.53867221859937,0.0,228.80174349468314,0.0,170.6041243469976,489.9083754702031,119.99124782713687,65.51724137931035,15.555555555555555,0.1736111111111111,98.01076365240333,73.53295862137725,93.4999678741684
storage_tight,no_queue_pass,0,1360.373950358429,3565.8112587772926,38.15047549165285,784.0,77.8061224489796,63.775510204081634,14.03061224489796,14.540816326530612,1.0204081632653061,0.0,6.63265306122449,30.612244897959183,50.0,133.76388888888889,15.24303471755605,149.00692360644493,0.10953379662054308,80.39583333333333,0.0,232.37502083798688,0.0,175.8669750185119,489.6568333911943,107.9825748025055,70.73170731707317,15.729166666666666,0.3414351851851852,100.0,70.98430581977523,93.44661939406458
storage_tight,no_queue_pass,1,1225.752445346727,3027.9408298358308,40.48138699636297,778.0,71.33676092544987,59.897172236503856,11.439588688946015,12.853470437017995,0.12853470437017994,0.0,15.681233933161954,24.55012853470437,51.41388174807198,95.78472222222223,15.517099717921752,111.30182194014398,0.0908028553095484,79.94791666666627,0.0,263.98984472651057,0.0,153.6254114106238,434.1062220588784,94.57375822640576,70.96774193548387,11.25,0.26765046296296297,100.0,70.83275953935595,93.0472090995008
storage_tight,no_queue_pass,2,1200.8946003933659,2808.1618069140122,42.764437484927946,776.0,68.04123711340206,56.31443298969072,11.72680412371134,15.077319587628866,0.12886597938144329,0.0,16.75257731958763,23.582474226804123,50.77319587628866,122.32638888888891,16.105359888909316,138.43174877779822,0.11527385395225645,80.25844497520697,0.0,236.81130677774462,0.0,133.84019321890122,376.3099455844594,57.319384495215395,72.72727272727273,14.444444444444445,0.20688657407407407,100.0,68.3736626622305,92.79609880964004
storage_tight,no_queue_pass,3,1046.5457521455153,3268.694270065943,32.01724192224323,796.0,59.67336683417086,48.869346733668344,10.804020100502512,25.502512562814072,0.8793969849246231,0.0,13.944723618090451,25.0,42.71356783919598,127.30555555555557,13.97727448373433,141.2828300392899,0.13499919114825804,80.39583333333333,0.0,236.36300329403076,0.0,177.5367481467753,506.61167716747923,80.0508981469221,56.666666666666664,15.0,0.27199074074074076,90.435288635476,65.75388701581191,93.18428622547714
storage_tight,no_queue_pass,4,1111.0933062393729,2724.9994455309497,40.77407458051365,808.0,68.06930693069307,58.04455445544554,10.024752475247524,18.935643564356436,0.24752475247524752,0.0,12.747524752475247,20.04950495049505,53.34158415841584,104.66666666666669,17.391932732739658,122.05859939940635,0.1098544998102168,80.39583333333333,0.0,253.44140060058123,0.0,143.08427750235347,365.8273664144685,100.05462627487935,72.72727272727273,12.36111111111111,0.1736111111111111,98.85118146085405,56.62449814815642,93.48439829190102
storage_tight,no_queue_pass,5,1235.5170930982003,3497.893243708397,35.321749608010606,835.0,63.952095808383234,52.93413173652694,11.017964071856287,21.55688622754491,1.1976047904191616,0.0,13.293413173652695,26.347305389221557,45.50898203592814,152.85416666666669,16.247469305117274,169.10163597178396,0.13686709549905318,79.74095647489114,0.0,209.04419736153628,0.0,138.40216036703745,315.7601943607242,84.55074565012174,51.724137931034484,18.055555555555557,0.24739583333333334,100.0,65.24075360470823,93.46042950144611
storage_tight,no_queue_pass,6,1255.6007564143617,3410.0336237797114,36.82077348617585,767.0,65.97131681877444,53.455019556714475,12.516297262059974,19.947848761408082,0.2607561929595828,0.0,13.820078226857888,26.857887874837026,45.5019556714472,138.81944444444446,17.310356592490148,156.1298010369346,0.12434669240148982,80.31249999999962,0.0,226.6826989630526,0.0,151.1910919148267,366.02862106796726,128.90737386663196,66.66666666666667,16.38888888888889,0.24016203703703703,100.0,71.88262218953777,93.3564709412969
storage_tight,no_queue_pass,7,1266.1754554433119,2926.3724551927025,43.267747862940226,769.0,75.94278283485046,63.06892067620286,12.873862158647594,13.914174252275682,0.6501950585175552,0.0,9.492847854356308,26.788036410923276,50.71521456436931,110.54166666666669,15.030072200732198,125.57173886739888,0.09917404284498142,80.14816273847978,0.0,251.41437224369992,0.0,198.18244983264196,567.063878836642,71.04543895855974,64.0,12.98611111111111,0.3038194444444444,100.0,73.45190450407394,93.48703293385884
storage_tight,no_queue_pass,8,1113.0965705959557,2802.6378202327633,39.71603332261859,753.0,67.72908366533865,54.44887118193891,13.280212483399735,22.04515272244356,0.6640106241699867,0.0,9.56175298804781,24.169986719787516,46.613545816733065,116.43055555555557,15.408619299896912,131.83917485545248,0.11844360888190082,80.39583333333333,0.0,247.18165847786838,0.0,163.25879859755082,497.6088560566373,41.29143896631238,50.0,13.75,0.19386574074074073,100.0,64.38808521664198,93.44345420584024
storage_tight,no_queue_pass,9,1183.0715824171855,2629.337667287438,44.99504179840484,747.0,81.12449799196787,69.47791164658635,11.646586345381525,13.520749665327978,0.40160642570281124,0.0,4.953145917001339,20.34805890227577,61.57965194109772,77.95833333333333,16.683520084411917,94.64185341774524,0.07999672616966956,80.03924204949189,0.0,281.4414799155761,0.0,185.90544698248354,476.43109364335857,114.49979131950663,76.92307692307692,9.166666666666666,0.1996527777777778,100.0,69.01536249535934,93.48865418480722
storage_tight,no_queue_pass,10,1451.157194942885,3261.647398143676,44.49154116931193,774.0,79.58656330749353,66.14987080103359,13.436692506459949,14.599483204134367,1.1627906976744187,0.0,4.651162790697675,25.45219638242894,54.52196382428941,110.56944444444446,17.43830554950087,128.00774999394534,0.08821080889102678,78.85416666666632,0.0,250.40891667270887,0.0,178.6321795730617,439.37638090226125,131.92507542605225,78.57142857142857,13.020833333333334,0.2488425925925926,100.0,70.64403343409639,93.48243186380343
storage_tight,no_queue_pass,11,1044.79801981687,2948.8212247765814,35.43103973337786,775.0,62.70967741935484,51.354838709677416,11.35483870967742,14.96774193548387,0.25806451612903225,0.0,22.06451612903226,25.93548387096774,43.61290322580645,136.97916666666669,14.971236598287696,151.9504032649544,0.14543519453797196,79.27083333333157,0.0,223.3134856239217,0.0,170.33135709156102,486.739069278083,101.02125721338275,57.142857142857146,16.180555555555557,0.22135416666666666,99.99999999999999,72.6161811412884,93.39860803217127
storage_tight,no_queue_pass,12,976.32990829408,2813.6630100289367,34.69960349956902,738.0,64.76964769647697,52.1680216802168,12.601626016260163,18.56368563685637,0.13550135501355012,0.0,16.531165311653115,26.422764227642276,45.25745257452574,111.71527777777779,15.163990542134911,126.8792683199127,0.12995532272652188,80.39583333333333,0.0,250.13462056896375,0.0,152.7423020332939,459.49710413297856,126.13257576992702,55.55555555555556,13.159722222222221,0.24450231481481483,95.83546430251685,67.41222903448404,93.45142580502929
storage_tight,no_queue_pass,13,1088.0108794835842,3086.893770494354,35.24613933537931,812.0,63.669950738916256,51.724137931034484,11.945812807881774,22.660098522167488,0.12315270935960591,0.0,13.54679802955665,23.275862068965516,47.16748768472906,123.8402777777778,16.985012257506405,140.8252900352842,0.12943371494789263,80.39583333333333,0.0,237.65387663136977,0.0,126.95266062823634,335.78656887939985,100.92672514182307,50.0,14.618055555555555,0.21846064814814814,100.0,66.59800334595428,93.36023952791729
storage_tight,no_queue_pass,14,1356.5520992085026,3159.553502300217,42.93493046472883,752.0,80.98404255319149,66.09042553191489,14.893617021276595,8.377659574468085,0.39893617021276595,0.0,10.23936170212766,31.117021276595743,52.12765957446808,130.14583333333334,16.637933612158665,146.783766945492,0.10820356035800972,79.58333333333294,0.0,231.07734416560646,0.0,178.71296120128096,436.4088509975398,106.90710437566214,84.61538461538461,15.3125,0.3168402777777778,100.0,73.05652503582122,93.16226364144548
storage_tight,no_queue_pass,15,937.051760446206,2341.495585981719,40.01936907574089,776.0,74.0979381443299,60.6958762886598,13.402061855670103,4.381443298969073,0.3865979381443299,0.0,21.1340206185567,20.876288659793815,56.05670103092783,76.04861111111111,17.861499582589445,93.91011069370056,0.1002187015250709,80.39583333333333,0.0,280.47877819517635,0.0,147.35884845931056,340.7902486286671,135.529421610446,68.75,8.92361111111111,0.2271412037037037,100.0,68.82678606383301,93.47735776168646
storage_tight,no_queue_pass,16,1194.0535731050716,2912.442900275749,40.99835134937818,768.0,76.43229166666667,64.71354166666667,11.71875,17.838541666666668,0.5208333333333334,0.0,5.208333333333333,22.135416666666668,54.947916666666664,103.27083333333334,17.039839834047353,120.3106731673807,0.10075818696687061,80.39583333333333,0.0,259.564326832607,0.0,185.71076877764483,572.7391582871986,109.00905583294649,68.75,12.1875,0.18663194444444445,100.0,64.62937167498599,93.46352906014458
storage_tight,no_queue_pass,17,1223.3571461952686,3076.19731981379,39.76848748666492,781.0,77.59282970550576,63.508322663252244,14.084507042253522,13.572343149807939,0.6402048655569782,0.0,8.194622279129321,26.760563380281692,53.77720870678617,116.5,15.757400269472903,132.2574002694729,0.10811021187132737,80.2951388888885,0.0,247.68009973051463,0.0,164.4915478058698,363.22210881402253,145.63204731556763,80.0,13.715277777777779,0.2690972222222222,100.0,71.3015026967637,93.49053657860098
storage_tight,no_queue_pass,18,1345.3114307501246,3142.1940998029672,42.81439618368843,819.0,73.87057387057386,62.39316239316239,11.477411477411477,19.413919413919412,0.2442002442002442,0.0,6.471306471306471,25.396825396825395,51.15995115995116,124.85416666666667,16.64321227531319,141.49737894197986,0.10517815853469939,79.82468669006703,0.0,234.5859543913408,0.0,168.36921754020534,521.6045846331986,88.60610850876331,77.41935483870968,14.722222222222221,0.24739583333333334,98.73661365319549,66.01537992397317,93.34070578079503
storage_tight,no_queue_pass,19,1207.2999662815312,3285.854240723272,36.74234697689402,807.0,71.99504337050806,58.98389095415118,13.011152416356877,19.33085501858736,0.37174721189591076,0.0,8.302354399008674,27.633209417596035,48.57496902106568,152.16666666666669,16.44199327853708,168.60865994520375,0.13965763658928637,76.66666666666634,0.0,216.3080067214501,0.0,177.31092102045164,502.3986830590707,119.99124782713687,65.51724137931035,17.98611111111111,0.22569444444444445,100.0,73.69891474160612,93.06423783554135
storage_tight,no_storage_price,0,1413.9666570839245,3565.8112587772926,39.65343520646042,784.0,76.40306122448979,64.28571428571429,12.11734693877551,16.581632653061224,0.8928571428571429,0.0,6.122448979591836,25.637755102040817,52.16836734693877,118.68055555555556,15.013004444074522,133.69355999963008,0.09455213058230895,72.49811277953165,0.0,243.58421777813567,0.0,172.25466155448757,478.55875580530653,107.9825748025055,70.73170731707317,13.993055555555555,0.23726851851851852,98.49091550505626,70.30486124589802,93.44351869341719
storage_tight,no_storage_price,1,1252.3919600016377,3027.9408298358308,41.36117679913646,778.0,70.4370179948586,58.868894601542415,11.568123393316196,13.881748071979434,0.3856041131105398,0.0,15.295629820051413,23.39331619537275,49.87146529562982,92.68055555555557,15.351844802380073,108.03240035793564,0.08626085427584058,80.39583333333333,0.0,266.38426630871913,0.0,149.88937962729628,451.3896207927645,94.57375822640576,70.96774193548387,10.902777777777779,0.22858796296296297,98.93501415505622,66.91836614044138,93.40897416720738
storage_tight,no_storage_price,2,1234.9224893915691,2808.1618069140122,43.97618706838937,776.0,66.23711340206185,56.05670103092783,10.18041237113402,17.912371134020617,0.5154639175257731,0.0,15.335051546391753,18.943298969072163,50.25773195876289,84.18055555555557,15.928433936323579,100.10898949187916,0.08106499829086569,79.16469497520697,0.0,274.238232730331,0.0,132.17666880914192,377.5942249672383,57.319384495215395,72.72727272727273,9.930555555555555,0.15914351851851852,98.90144676178535,66.90286209674261,93.47415610638393
storage_tight,no_storage_price,3,1150.5608589609726,3268.694270065943,35.19940269414555,796.0,60.552763819095475,50.25125628140704,10.301507537688442,27.01005025125628,0.628140703517588,0.0,11.809045226130653,22.487437185929647,42.085427135678394,101.84722222222223,13.97727448373433,115.82449670595656,0.10066785759647101,80.39583333333333,0.0,260.3421699606978,0.0,171.13108103381538,503.12626871928387,80.0508981469221,56.666666666666664,12.01388888888889,0.19386574074074073,90.435288635476,66.82227939403029,93.40631457995516
storage_tight,no_storage_price,4,1151.8417774672698,2724.9994455309497,42.26943162708939,808.0,66.83168316831683,58.539603960396036,8.292079207920793,21.163366336633665,0.6188118811881188,0.0,11.386138613861386,17.07920792079208,52.475247524752476,77.125,16.96813488116986,94.09313488116986,0.0816892881660073,80.39583333333333,0.0,281.40686511881825,0.0,140.6352335379094,366.3267315625461,100.05462627487935,72.72727272727273,9.097222222222221,0.14756944444444445,96.44242569046263,63.47465996802968,93.41713539502764
storage_tight,no_storage_price,5,1270.819307785796,3497.893243708397,36.330991806899696,835.0,62.75449101796407,52.69461077844311,10.059880239520957,24.790419161676645,1.1976047904191616,0.0,11.25748502994012,20.239520958083833,45.50898203592814,106.01388888888889,16.229661956429887,122.24355084531877,0.09619270819728813,78.64720647489119,0.0,252.08978248800216,0.0,134.66589275092846,307.48890038377505,84.55074565012174,51.724137931034484,12.534722222222221,0.15046296296296297,99.89039924708902,70.63537372900633,93.460589309785
storage_tight,no_storage_price,6,1242.300180373861,3410.0336237797114,36.43073111393208,767.0,63.363754889178615,52.28161668839635,11.082138200782268,23.076923076923077,0.7822685788787483,0.0,12.777053455019557,22.55541069100391,44.458930899608866,96.86111111111111,17.310356592490148,114.17146770360127,0.09190328513776937,80.39583333333333,0.0,261.0368656297201,0.0,143.83200169211304,358.7950482583299,128.90737386663196,66.66666666666667,11.42361111111111,0.1880787037037037,100.0,73.47232417240424,93.49958778680234
storage_tight,no_storage_price,7,1308.5259091865466,2926.3724551927025,44.714947574927876,769.0,73.34200260078023,62.02860858257477,11.31339401820546,17.29518855656697,0.6501950585175552,0.0,8.712613784135241,21.586475942782833,52.66579973992198,85.83333333333334,14.91791827791344,100.75125161124679,0.07699599289851237,80.14816273847978,0.0,273.6098594998524,0.0,189.52569101323024,550.527717903091,71.04543895855974,64.0,10.104166666666666,0.1996527777777778,99.25380316660558,68.50899813132041,93.48513383133746
storage_tight,no_storage_price,8,1141.5329147311907,2802.6378202327633,40.73066118248503,753.0,64.27622841965471,53.78486055776892,10.49136786188579,24.9667994687915,1.1952191235059761,0.0,9.56175298804781,20.45152722443559,45.94953519256308,89.5138888888889,15.408619299896912,104.92250818878581,0.09191369502778908,80.39583333333333,0.0,273.20249181120226,0.0,155.49024479465965,492.5812893845712,41.29143896631238,50.0,10.555555555555555,0.17650462962962962,100.0,67.11384843335829,93.4987838539397
storage_tight,no_storage_price,9,1221.860132824602,2629.337667287438,46.470263139885596,747.0,79.51807228915662,68.67469879518072,10.843373493975903,15.261044176706827,0.40160642570281124,0.0,4.819277108433735,19.812583668005356,60.24096385542169,74.45833333333334,16.683520084411917,91.14185341774527,0.07459270580099095,78.58090871615858,0.0,284.94147991557634,0.0,179.42825284241238,471.55517667143135,114.49979131950663,76.92307692307692,8.75,0.1996527777777778,100.0,69.51545320584339,93.33826659710886
storage_tight,no_storage_price,10,1431.3888026459013,3261.647398143676,43.88545504521909,774.0,76.22739018087856,64.72868217054264,11.498708010335918,17.441860465116278,1.550387596899225,0.0,4.780361757105943,21.834625322997415,55.16795865633075,87.06944444444446,17.349380958278946,104.4188254027234,0.0729493099357119,80.2777777777774,0.0,272.83117459726463,0.0,174.49193313350193,441.2213926848343,131.92507542605225,78.57142857142857,10.243055555555555,0.21412037037037038,99.49006174384604,69.35186309524413,93.440848507578
storage_tight,no_storage_price,11,1059.940406556534,2948.8212247765814,35.94454616816728,775.0,61.41935483870968,50.83870967741935,10.580645161290322,17.032258064516128,1.1612903225806452,0.0,20.387096774193548,22.06451612903226,43.225806451612904,108.95833333333334,14.797421928186456,123.7557552615198,0.11675727663177735,80.39583333333333,0.0,252.38313362735687,0.0,158.79876365666823,474.9509793139481,101.02125721338275,57.142857142857146,12.881944444444445,0.15625,98.83900926312846,69.28938565087314,93.402232152858
storage_tight,no_storage_price,12,987.8032347111248,2813.6630100289367,35.10737537474205,738.0,62.46612466124661,51.3550135501355,11.11111111111111,21.680216802168022,0.27100271002710025,0.0,15.582655826558266,21.680216802168022,44.85094850948509,86.61111111111111,14.663115502664553,101.27422661377567,0.10252469627050018,80.39583333333333,0.0,273.98966227510147,0.0,140.0042765510802,440.3181147942631,126.13257576992702,55.55555555555556,10.208333333333334,0.17939814814814814,92.66996562775805,67.90456143647837,93.4761165481726
storage_tight,no_storage_price,13,1087.8750284180842,3086.893770494354,35.241738436754346,812.0,61.206896551724135,50.98522167487685,10.22167487684729,25.61576354679803,0.9852216748768473,0.0,12.192118226600986,16.502463054187192,47.29064039408867,77.11111111111111,16.962138745295164,94.07324985640628,0.08647431680935021,80.39583333333333,0.0,282.0100834769152,0.0,125.22273044054873,333.1836591146565,100.92672514182307,50.0,9.097222222222221,0.14467592592592593,99.86533119985754,70.5970841030024,93.49957450474244
storage_tight,no_storage_price,14,1312.6407856751039,3159.553502300217,41.545135561701215,752.0,77.79255319148936,64.62765957446808,13.164893617021276,11.702127659574469,0.9308510638297872,0.0,9.574468085106384,25.132978723404257,53.8563829787234,91.91666666666669,16.637933612158665,108.55460027882535,0.08269939610553444,80.17044985133649,0.0,267.5565108322736,0.0,178.97058707359716,439.7764386644783,106.90710437566214,84.61538461538461,10.79861111111111,0.2517361111111111,100.0,74.53514130440807,93.43099193953519
storage_tight,no_storage_price,15,919.7619356917778,2341.495585981719,39.280959622486286,776.0,72.68041237113403,60.05154639175258,12.628865979381443,6.314432989690721,0.6443298969072165,0.0,20.36082474226804,19.587628865979383,56.05670103092783,66.69444444444444,17.682024109455256,84.3764685538997,0.09173729122681934,80.39583333333333,0.0,293.51242033497755,0.0,146.34631993286706,338.3301030617288,135.529421610446,68.75,7.8125,0.22280092592592593,98.99518250243032,65.743635650195,93.46735998907954
storage_tight,no_storage_price,16,1235.9158606897677,2912.442900275749,42.43571129146435,768.0,73.828125,64.58333333333333,9.244791666666666,20.182291666666668,0.5208333333333334,0.0,5.46875,19.140625,54.947916666666664,81.33333333333334,16.592905284216286,97.92623861754963,0.07923374214398118,80.18056932987675,0.0,277.57376138243865,0.0,176.40326425665066,568.3781788430476,109.00905583294649,68.75,9.583333333333334,0.1736111111111111,97.3771200070904,63.55733492991061,93.23998199288961
storage_tight,no_storage_price,17,1199.3979419457705,3076.19731981379,38.9896296385296,781.0,74.13572343149808,62.483994878361074,11.651728553137003,17.157490396927017,1.0243277848911652,0.0,7.682458386683739,22.02304737516005,53.905249679897565,80.75,15.282536962406708,96.03253696240671,0.08006728509689966,79.61625361262136,0.0,281.5091297042481,0.0,161.17120616151905,364.79318614298194,145.63204731556763,80.0,9.479166666666666,0.234375,96.98641083589052,68.3079534800215,93.19762763609826
storage_tight,no_storage_price,18,1331.7987409727634,3142.1940998029672,42.384356238727406,819.0,71.7948717948718,61.2942612942613,10.5006105006105,21.733821733821735,0.1221001221001221,0.0,6.349206349206349,22.1001221001221,51.77045177045177,100.41666666666669,16.371544802393423,116.78821146906012,0.08769208730724318,79.82468669006703,0.0,259.2951218642611,0.0,164.85678651537967,531.194721909051,88.60610850876331,77.41935483870968,11.840277777777779,0.1996527777777778,97.12493401635004,69.75464815418498,93.39772289195372
storage_tight,no_storage_price,19,1280.9666252029563,3285.854240723272,38.98428023152341,807.0,71.00371747211896,59.23172242874845,11.771995043370508,21.189591078066915,0.6195786864931846,0.0,7.1871127633209415,24.28748451053284,49.07063197026022,131.5,16.114923171971018,147.61492317197101,0.11523713441681817,77.53867221859937,0.0,228.80174349468314,0.0,170.6041243469976,489.9083754702031,119.99124782713687,65.51724137931035,15.555555555555555,0.1736111111111111,98.01076365240333,73.53295862137725,93.4999678741684
