scenario,policy,seed,value_delivered,value_ideal,value_score_pct,items_generated,completion_rate_pct,delivered_pct,discarded_onboard_pct,dropped_pct,overflow_pct,expired_pct,backlog_pct,processed_onboard_pct,sent_raw_pct,energy_proc_wh,energy_radio_wh,energy_total_wh,wh_per_value,min_soc_pct,time_below_reserve_pct,spilled_solar_wh,stalled_job_steps,latency_mean_min,latency_p95_min,alert_latency_mean_min,alerts_delivered_pct,gpu_util_pct,cpu_util_pct,downlink_util_pct,storage_mean_pct,storage_peak_pct
downlink_starved,bent_pipe,0,45.35503130496002,3579.297223341972,1.2671490651623576,785.0,5.095541401273885,5.095541401273885,0.0,0.0,22.929936305732483,36.68789808917197,35.28662420382165,0.0,5.095541401273885,0.0,11.358416997210993,11.358416997210993,0.2504334507199169,79.89987929368662,0.0,362.9749163361115,0.0,990.5807084414737,1261.6546708725327,nan,0.0,0.0,0.0,100.0,83.0070988370985,99.99996963471827
downlink_starved,bent_pipe,1,97.74636435202906,3356.8328431294253,2.9118627265605665,819.0,5.982905982905983,5.982905982905983,0.0,0.0,22.1001221001221,35.53113553113553,36.385836385836384,0.0,5.982905982905983,0.0,9.190332419123116,9.190332419123116,0.09402224297595924,80.39583333333333,0.0,365.14300091419943,0.0,597.052682399802,1026.7241713910514,nan,0.0,0.0,0.0,100.0,81.70509975899827,99.99940343136268
downlink_starved,bent_pipe,2,101.96821699092729,2808.7517126447547,3.6303748932978053,777.0,8.622908622908623,8.622908622908623,0.0,0.0,21.364221364221365,32.17503217503217,37.83783783783784,0.0,8.622908622908623,0.0,10.835874545024772,10.835874545024772,0.10626717682029199,80.3626116418736,0.0,363.49745878829776,0.0,645.2561839914433,1119.8792979847153,166.23862424746423,9.090909090909092,0.0,0.0,100.0,74.78673201268327,99.99985993957799
downlink_starved,bent_pipe,3,155.8902495127763,3209.800702888139,4.856695600213066,790.0,8.860759493670885,8.860759493670885,0.0,0.0,20.0,31.39240506329114,39.74683544303797,0.0,8.860759493670885,0.0,9.558418722673716,9.558418722673716,0.06131505179155118,80.39583333333333,0.0,364.7749146106488,0.0,247.40288833214078,988.5094673265543,43.934939360903904,3.125,0.0,0.0,100.0,74.63064900829457,99.99790111272759
downlink_starved,bent_pipe,4,72.38679358988203,2788.446653689506,2.595954041082484,786.0,7.379134860050891,7.379134860050891,0.0,0.0,16.28498727735369,35.75063613231552,40.5852417302799,0.0,7.379134860050891,0.0,11.069425006146997,11.069425006146997,0.1529205046553442,80.39583333333333,0.0,363.2639083271755,0.0,716.2602718685785,922.3504695965845,nan,0.0,0.0,0.0,100.0,79.34257288739379,99.99960425861843
downlink_starved,bent_pipe,5,70.62718866687335,3515.953893543496,2.008763220603354,836.0,4.0669856459330145,4.0669856459330145,0.0,0.0,26.196172248803826,30.741626794258373,38.995215311004785,0.0,4.0669856459330145,0.0,10.151610096521775,10.151610096521775,0.1437351576374332,79.79303980822445,0.0,364.1817232368008,0.0,824.8866600897827,1034.2862974047293,nan,0.0,0.0,0.0,100.0,87.15248757094811,99.9998597411297
downlink_starved,bent_pipe,6,72.40877370998172,3464.411566669866,2.0900742396372953,772.0,5.829015544041451,5.829015544041451,0.0,0.0,26.683937823834196,33.54922279792746,33.93782383419689,0.0,5.829015544041451,0.0,10.412597413672646,10.412597413672646,0.14380297966898514,80.39583333333333,0.0,363.9207359196498,0.0,716.4781673498139,1091.978853124896,388.1444758337322,2.9411764705882355,0.0,0.0,100.0,79.34064515418596,99.99999560625085
downlink_starved,bent_pipe,7,72.49852720072647,2915.7612400654057,2.4864356588778924,766.0,5.3524804177545695,5.3524804177545695,0.0,0.0,17.232375979112273,35.639686684073105,41.775456919060055,0.0,5.3524804177545695,0.0,11.153353795177178,11.153353795177178,0.15384248792112587,80.39583333333333,0.0,363.1799795381453,0.0,881.0629257919051,1241.1304545481685,358.5363147798631,3.7037037037037037,0.0,0.0,100.0,78.80544530051752,99.99955659846988
downlink_starved,bent_pipe,8,105.88826406962848,2803.0844755878065,3.777562360029257,754.0,6.23342175066313,6.23342175066313,0.0,0.0,18.83289124668435,35.278514588859416,39.6551724137931,0.0,6.23342175066313,0.0,10.720428943245093,10.720428943245093,0.1012428434580409,80.00850581383921,0.0,363.61290439007746,0.0,445.86898428799003,960.6305161137817,217.88060207303403,7.142857142857143,0.0,0.0,100.0,80.38746830462416,99.99942637715623
downlink_starved,bent_pipe,9,69.7340747874961,2645.736361691224,2.6357151754500685,748.0,6.550802139037433,6.550802139037433,0.0,0.0,15.37433155080214,35.6951871657754,42.37967914438503,0.0,6.550802139037433,0.0,11.566277878444552,11.566277878444552,0.16586264195360748,79.92793728491827,0.0,362.76705545487795,0.0,823.6013490158361,1148.1126232237937,nan,0.0,0.0,0.0,100.0,76.95569163434591,99.99903478354751
downlink_starved,bent_pipe,10,75.60935449815032,3262.6290357493676,2.317436449859345,775.0,5.032258064516129,5.032258064516129,0.0,0.0,20.0,34.83870967741935,40.12903225806452,0.0,5.032258064516129,0.0,12.186564305968972,12.186564305968972,0.1611779969139546,80.39583333333333,0.0,362.14676902735346,0.0,720.1683833496444,900.8962788173937,nan,0.0,0.0,0.0,100.00000000000001,87.23148534546377,99.99668304757729
downlink_starved,bent_pipe,11,79.30489242764504,2961.8432516143666,2.6775519732321937,776.0,5.412371134020619,5.412371134020619,0.0,0.0,28.221649484536083,30.54123711340206,35.824742268041234,0.0,5.412371134020619,0.0,10.001442645861982,10.001442645861982,0.12611381643303962,80.39583333333333,0.0,364.33189068746054,0.0,778.8357871663087,1307.9413762113204,nan,0.0,0.0,0.0,100.0,79.40530471772311,99.99994362765176
downlink_starved,bent_pipe,12,76.7886443768773,2826.4514109491574,2.716786288255729,739.0,4.194857916102841,4.194857916102841,0.0,0.0,23.815967523680648,35.453315290933695,36.53585926928282,0.0,4.194857916102841,0.0,10.016559328457419,10.016559328457419,0.13044323688404139,80.02811585152637,0.0,364.3167740048651,0.0,659.366013275619,963.1430656377788,nan,0.0,0.0,0.0,100.0,83.07312409726882,99.99916810652326
downlink_starved,bent_pipe,13,69.45008378456215,3096.7460950354466,2.24267930444479,812.0,4.064039408866995,4.064039408866995,0.0,0.0,25.738916256157637,32.01970443349754,38.17733990147783,0.0,4.064039408866995,0.0,10.50087611382219,10.50087611382219,0.15120033758917362,79.81699420793693,0.0,363.8324572195003,0.0,958.6312474260136,1327.2700956501642,nan,0.0,0.0,0.0,100.0,84.52195222802537,99.99990722790928
downlink_starved,bent_pipe,14,81.16812668701597,3023.3751362560574,2.684685923147766,748.0,5.080213903743315,5.080213903743315,0.0,0.0,27.272727272727273,31.149732620320854,36.49732620320856,0.0,5.080213903743315,0.0,11.510440142923875,11.510440142923875,0.14180985335916516,80.26447602893285,0.0,362.82289319039864,0.0,789.7380163559135,1042.3408009605057,nan,0.0,0.0,0.0,100.0,84.80900932066324,99.9992718250545
downlink_starved,bent_pipe,15,85.56169003678002,2342.6333759005556,3.6523721943425476,777.0,5.276705276705277,5.276705276705277,0.0,0.0,19.69111969111969,35.13513513513514,39.897039897039896,0.0,5.276705276705277,0.0,10.983064541723472,10.983064541723472,0.1283642777159057,80.39583333333333,0.0,363.3502687915991,0.0,706.1361060548012,837.50362962269,nan,0.0,0.0,0.0,100.0,78.10704881504256,99.9999506033467
downlink_starved,bent_pipe,16,96.80522781036836,2912.899699954481,3.3233285654113356,769.0,5.981794538361508,5.981794538361508,0.0,0.0,25.747724317295187,31.079323797139143,37.19115734720416,0.0,5.981794538361508,0.0,11.16273781098007,11.16273781098007,0.11531131183169925,80.03491744745465,0.0,363.1705955223424,0.0,607.4676677742899,808.6042275452616,329.41180720466923,3.125,0.0,0.0,100.0,80.63155032624972,99.99949312927671
downlink_starved,bent_pipe,17,72.5593293951034,3108.7146783383114,2.3340620450213927,782.0,5.115089514066496,5.115089514066496,0.0,0.0,21.099744245524295,34.910485933503836,38.87468030690537,0.0,5.115089514066496,0.0,9.865759034697556,9.865759034697556,0.13596816724939767,80.39583333333333,0.0,364.467574298625,0.0,732.4376495870096,992.2698782418387,nan,0.0,0.0,0.0,100.0,84.1681614956698,99.99825923256178
downlink_starved,bent_pipe,18,88.05919819077167,3142.103176284946,2.802555907628983,823.0,6.804374240583232,6.804374240583232,0.0,0.0,22.35722964763062,35.23693803159174,35.60145808019441,0.0,6.804374240583232,0.0,10.599824134239125,10.599824134239125,0.12037157221526863,80.39583333333333,0.0,363.7335091990834,0.0,630.2581311439353,1075.554687118115,265.39856245609,9.375,0.0,0.0,100.0,80.88425449212633,99.99961109152706
downlink_starved,bent_pipe,19,51.79050519352154,3206.213143282686,1.6153169761039579,811.0,4.192355117139334,4.192355117139334,0.0,0.0,31.196054254007397,29.59309494451295,35.01849568434032,0.0,4.192355117139334,0.0,10.71928401557347,10.71928401557347,0.20697392264314776,80.39583333333333,0.0,363.61404931774905,0.0,689.8698981826303,1269.6659756056763,nan,0.0,0.0,0.0,100.0,85.36502620701708,99.99985399434767
downlink_starved,priority_rules,0,1242.2404260529524,3579.297223341972,34.70626630143553,785.0,83.18471337579618,61.910828025477706,21.273885350318473,0.0,0.0,10.445859872611464,6.369426751592357,63.94904458598726,24.585987261146496,277.5763888888889,8.243103855370961,285.8194927442599,0.230083876478253,73.3675057316917,0.0,95.62495170017114,0.0,248.95664595453607,691.2775861765339,159.05764744707517,56.09756097560975,32.46527777777778,1.0141782407407407,72.5726468520659,4.695394485889029,18.393255522288467
downlink_starved,priority_rules,1,1045.615660326033,3356.8328431294253,31.14887482306841,819.0,71.06227106227107,49.81684981684982,21.245421245421245,0.0,0.0,7.6923076923076925,21.245421245421245,63.24786324786325,21.245421245421245,251.65972222222223,5.032232050659259,256.6919542728815,0.24549360153313166,80.00868055555394,0.0,124.96082350488386,0.0,179.0062063496126,471.64787974256024,129.212572656019,57.89473684210526,29.305555555555557,1.1443865740740742,54.75571308158843,3.488818682450862,13.529824939926922
downlink_starved,priority_rules,2,978.0520397764901,2808.7517126447547,34.82159122051925,777.0,73.35907335907336,51.99485199485199,21.364221364221365,0.0,0.0,15.444015444015443,11.196911196911197,61.26126126126126,18.01801801801802,242.94444444444449,6.876032957407329,249.8204774018518,0.2554265695912685,78.50103301083213,0.0,126.13091148702401,0.0,280.3266077415542,796.9677706704338,145.94429545353222,50.0,28.333333333333332,1.0300925925925926,63.456188319976626,4.589165885242993,14.603398408077814
downlink_starved,priority_rules,3,891.6752723802869,3209.800702888139,27.779770612485958,790.0,64.30379746835443,41.64556962025316,22.658227848101266,0.0,0.0,13.037974683544304,22.658227848101266,64.17721518987342,14.810126582278482,257.56944444444446,5.500957351956394,263.07040179640086,0.29502937890623154,79.0190972222219,0.0,121.6518204258079,0.0,289.9679866873938,789.2249584007868,74.63918310921797,37.5,30.03472222222222,1.099537037037037,57.55091413716229,5.010504957785836,16.023631552787858
downlink_starved,priority_rules,4,1021.3554656162987,2788.446653689506,36.6281156666527,786.0,74.30025445292621,53.56234096692112,20.737913486005088,0.0,0.0,5.470737913486005,20.229007633587788,60.43256997455471,23.66412213740458,240.2777777777778,5.206051255319693,245.4838290330975,0.24035102106686185,80.39583333333333,0.0,130.8147820780002,0.0,168.61501399137947,404.0696440805616,131.29919628732694,65.38461538461539,28.020833333333332,1.021412037037037,47.0309094865244,2.9616448118342427,11.392103939771923
downlink_starved,priority_rules,5,1194.7030483653073,3515.953893543496,33.979485639990735,836.0,73.92344497607655,54.78468899521531,19.138755980861244,0.0,0.0,4.186602870813397,21.88995215311005,64.5933014354067,21.411483253588518,306.64583333333337,6.897306646602767,313.54313997993614,0.26244441278437525,76.91840277777618,0.0,64.69297113116092,0.0,201.29472290796855,412.5090813791781,124.62578327308908,53.333333333333336,35.86805555555556,1.1154513888888888,67.94298225624304,4.573369804988452,17.23887901928595
downlink_starved,priority_rules,6,1064.0139860472868,3464.411566669866,30.71269003613392,772.0,61.398963730569946,41.83937823834197,19.559585492227978,0.0,0.0,11.139896373056995,27.46113989637306,63.3419689119171,19.430051813471504,286.30555555555554,6.624557919799711,292.93011347535526,0.27530663818016476,73.6514497965783,0.0,91.58377541352023,0.0,192.1420756540372,520.1948724515017,114.81484867390002,50.0,33.541666666666664,0.9490740740740741,63.62060931215002,4.703026763766547,17.719722189449588
downlink_starved,priority_rules,7,1175.9894339143177,2915.7612400654057,40.33215812581205,766.0,80.67885117493472,58.09399477806789,22.58485639686684,0.0,0.0,10.704960835509139,8.616187989556137,62.9242819843342,22.845953002610965,240.56944444444446,6.857289001986966,247.42673344643143,0.21039877256623282,71.66079985824969,0.0,131.65659988688935,0.0,240.07887647468792,689.8570684775409,99.8980918824937,59.25925925925926,28.055555555555557,1.021412037037037,61.48185673937936,3.692740812477594,18.60524662163315
downlink_starved,priority_rules,8,949.089542225774,2803.0844755878065,33.85875632687631,754.0,71.35278514588859,46.94960212201592,24.40318302387268,0.0,0.0,9.416445623342176,19.23076923076923,64.45623342175067,18.56763925729443,246.47222222222223,5.121497111055471,251.5937193332777,0.2650895496575047,79.83506944444409,0.0,127.53128066670877,0.0,200.41073455399197,615.822850849146,55.15027746643131,46.42857142857143,28.75,1.0358796296296295,47.7732480497668,3.555537206645911,12.828498859702332
downlink_starved,priority_rules,9,1018.4478174630929,2645.736361691224,38.49392676495077,748.0,82.2192513368984,60.294117647058826,21.925133689839573,0.0,0.0,9.893048128342246,7.887700534759358,63.63636363636363,23.39572192513369,219.94444444444449,5.605198725324521,225.549643169769,0.2214641136269533,79.56470782518076,0.0,150.74202349688466,0.0,201.4739390366682,526.936912337397,156.62063541601475,65.38461538461539,25.555555555555557,1.099537037037037,48.461560272303565,2.9314537767088744,11.559232158045045
downlink_starved,priority_rules,10,1093.9329717513344,3262.6290357493676,33.52918642496166,775.0,67.35483870967742,45.54838709677419,21.806451612903224,0.0,0.0,9.935483870967742,22.70967741935484,65.93548387096774,16.64516129032258,284.25694444444446,5.46971949774828,289.7266639421927,0.2648486437686892,77.00520833333209,0.0,89.50944716890494,0.0,164.91199203123955,487.7669536667491,116.56089952406226,53.57142857142857,33.229166666666664,1.0691550925925926,44.883195627739106,4.1368311460202705,17.046402919020622
downlink_starved,priority_rules,11,627.2229733509996,2961.8432516143666,21.176778109683177,776.0,53.09278350515464,33.50515463917526,19.587628865979383,0.0,0.0,18.814432989690722,28.09278350515464,62.88659793814433,15.97938144329897,276.0625,6.0179907130065615,282.08049071300655,0.4497292074714103,79.21947397322305,0.0,96.57923150920166,0.0,309.3997010183858,983.6161599190507,123.49336467204391,28.571428571428573,32.291666666666664,1.0026041666666667,60.171226552965926,7.994809401999338,22.305357460465245
downlink_starved,priority_rules,12,805.3396775940726,2826.4514109491574,28.492960270759777,739.0,66.5764546684709,44.51962110960758,22.056833558863328,0.0,0.0,12.313937753721245,21.10960757780785,62.92286874154262,17.591339648173207,238.58333333333337,4.464262639190018,243.0475959725234,0.30179513407140274,79.46180555555424,0.0,136.95934847190767,0.0,195.5348258129212,577.4739677505576,142.14399266922095,48.148148148148145,27.84722222222222,0.9722222222222222,44.568823413314014,3.779541560176296,14.616976986597498
downlink_starved,priority_rules,13,1213.4816033815205,3096.7460950354466,39.185698993111366,812.0,81.77339901477832,61.94581280788177,19.82758620689655,0.0,0.0,11.822660098522167,6.403940886699507,61.330049261083744,24.261083743842363,269.14583333333337,7.13049655856933,276.2763298919027,0.22767245018138196,76.65255390607017,0.0,102.34867010808361,0.0,223.17273866686878,619.5634253973955,147.9764925399985,78.57142857142857,31.42361111111111,1.0807291666666667,67.90382517877278,4.51414215403447,17.84523754845833
downlink_starved,priority_rules,14,1126.4125810672033,3023.3751362560574,37.25679184032968,748.0,79.81283422459893,57.88770053475936,21.925133689839573,0.0,0.0,4.81283422459893,15.37433155080214,66.31016042780749,22.459893048128343,285.0416666666667,6.117613633420843,291.1592803000875,0.2584836898964968,79.02777777777746,0.0,84.19488636656504,0.0,175.74050616240098,412.85917938825935,135.2702066766333,72.72727272727273,33.333333333333336,1.0503472222222223,53.14839013503485,3.6789411541662265,10.935773167171105
downlink_starved,priority_rules,15,656.7381695872369,2342.6333759005556,28.0341847914966,777.0,69.24066924066923,46.58944658944659,22.65122265122265,0.0,0.0,5.148005148005148,25.61132561132561,62.29086229086229,23.037323037323038,236.44444444444446,3.4386848084180333,239.8831292528625,0.3652644849371709,77.87326388888857,0.0,140.67242630268004,0.0,147.72009094361718,328.12528317103516,145.410678381134,56.25,27.53472222222222,1.0734953703703705,31.308973878418374,3.0786877248739604,10.718915247672141
downlink_starved,priority_rules,16,826.4745148329232,2912.899699954481,28.37291359005043,769.0,66.57997399219767,45.77373211963589,20.806241872561767,0.0,0.0,7.152145643693108,26.26788036410923,64.36931079323797,19.63589076723017,230.83333333333334,4.644328996914583,235.47766233024794,0.28491823777270514,80.03124999999999,0.0,144.6542821141834,0.0,138.15482032457996,300.94961066550366,144.68884042516373,53.125,26.84027777777778,1.1197916666666667,41.60564438184918,3.110533052261083,10.567699125074217
downlink_starved,priority_rules,17,1028.6289649359128,3108.7146783383114,33.08856139495381,782.0,74.8081841432225,53.19693094629156,21.611253196930946,0.0,0.0,4.475703324808184,20.71611253196931,64.70588235294117,22.762148337595907,258.1388888888889,5.316640611550448,263.45552950043935,0.2561229933058064,80.39583333333333,0.0,117.53058161065813,0.0,159.6018865841044,362.31286100402883,173.11955091025447,74.19354838709677,30.104166666666668,1.0966435185185186,53.88982837358986,3.28028883455272,11.427760535455876
downlink_starved,priority_rules,18,1178.6375530014543,3142.103176284946,37.51110281473991,823.0,75.5771567436209,55.77156743620899,19.805589307411907,0.0,0.0,9.59902794653706,14.823815309842042,61.11786148238153,22.35722964763062,244.95833333333337,5.9074816261182335,250.8658149594516,0.21284390126600866,78.50694444444278,0.0,126.30085170720174,0.0,220.16291385318553,637.6920560958785,104.48749373684925,71.875,28.541666666666668,1.0850694444444444,55.73188339074538,4.439525333139183,14.90540633667216
downlink_starved,priority_rules,19,1143.3391343259848,3206.213143282686,35.660110018617644,811.0,76.57213316892725,54.50061652281134,22.071516646115906,0.0,0.0,11.960542540073982,11.467324290998768,63.50184956843403,20.71516646115906,281.9861111111111,7.381344566479543,289.3674556775906,0.25308978499032747,77.96006944444316,0.0,87.84087765572909,0.0,238.60154541434275,713.4617796140047,105.0217552047164,58.064516129032256,32.986111111111114,1.021412037037037,68.86042533956174,4.695248297007291,14.73138144051628
downlink_starved,process_all,0,1180.3307616468428,3579.297223341972,32.97660652346647,785.0,83.18471337579618,61.910828025477706,21.273885350318473,0.0,0.0,10.445859872611464,6.369426751592357,64.20382165605096,24.331210191082803,279.3263888888889,7.576655405335365,286.9030442942243,0.24307003902357519,73.3675057316917,0.0,94.5414001502067,0.0,243.76981162919506,621.6607449570736,183.0628659159323,56.09756097560975,32.673611111111114,1.0141782407407407,66.70520555105327,4.705152487937983,18.393255522288467
downlink_starved,process_all,1,1027.6120037062205,3356.8328431294253,30.612546162656816,819.0,71.06227106227107,49.81684981684982,21.245421245421245,0.0,0.0,7.6923076923076925,21.245421245421245,63.36996336996337,21.123321123321123,252.53472222222223,4.730102953943249,257.26482517616546,0.2503521020076696,80.00868055555394,0.0,124.38795260159986,0.0,181.15727118664267,471.25315079190904,133.7401048677171,57.89473684210526,29.40972222222222,1.1443865740740742,51.46824661206941,3.4454226521218247,12.929026968954748
downlink_starved,process_all,2,919.4736062227925,2808.7517126447547,32.73602298428169,777.0,70.3989703989704,49.034749034749034,21.364221364221365,0.0,0.0,18.404118404118403,11.196911196911197,61.38996138996139,15.186615186615187,245.2777777777778,6.026494300912727,251.30427207869053,0.27331319831033674,78.53417261410152,0.0,124.64711681018524,0.0,279.09906981694434,752.2654566977534,159.40160266257962,40.90909090909091,28.61111111111111,1.0300925925925926,55.61613209779875,4.592650490468414,14.603398408077814
downlink_starved,process_all,3,750.2711267441734,3209.800702888139,23.374383526961307,790.0,62.53164556962025,39.87341772151899,22.658227848101266,0.0,0.0,16.075949367088608,21.39240506329114,64.30379746835443,11.89873417721519,258.44444444444446,5.236336165124121,263.68078060956856,0.3514473251207468,79.0190972222219,0.0,121.04144161264016,0.0,289.0482349025835,734.8822534239966,167.72448569209988,31.25,30.13888888888889,1.099537037037037,54.78245217174785,5.03193082117572,16.023631552787858
downlink_starved,process_all,4,1012.7321219411542,2788.446653689506,36.318863070274894,786.0,74.17302798982189,53.30788804071247,20.865139949109416,0.0,0.0,5.470737913486005,20.356234096692113,60.55979643765903,23.536895674300254,241.1527777777778,4.87117545007087,246.02395322784866,0.24293092704147892,80.39583333333333,0.0,130.274657883249,0.0,169.76764655290032,402.39437309532593,133.35693729626308,65.38461538461539,28.125,1.021412037037037,44.005677326201166,2.969233347099357,10.598450188142003
downlink_starved,process_all,5,1157.4723261434358,3515.953893543496,32.92057749303693,836.0,73.92344497607655,54.78468899521531,19.138755980861244,0.0,0.0,4.186602870813397,21.88995215311005,64.5933014354067,21.411483253588518,306.64583333333337,6.897306646602767,313.54313997993614,0.27088607899994094,76.91840277777618,0.0,64.6929711311609,0.0,191.73586794702265,381.40889539920477,133.8245267762398,53.333333333333336,35.86805555555556,1.1154513888888888,67.94298225624304,4.570410314582875,17.630503990139445
downlink_starved,process_all,6,976.036701768393,3464.411566669866,28.173231816870977,772.0,67.2279792746114,47.66839378238342,19.559585492227978,0.0,0.0,11.26943005181347,21.502590673575128,63.47150259067357,17.875647668393782,287.18055555555554,6.361310294581872,293.5418658501374,0.3007487990137004,73.6514497965783,0.0,90.97202303873804,0.0,239.7600778239819,570.640565951111,159.32306860947222,47.05882352941177,33.645833333333336,0.9490740740740741,61.092444486799415,4.714541725521924,16.851330471433517
downlink_starved,process_all,7,1120.632682713607,2915.7612400654057,38.433623004346856,766.0,80.67885117493472,58.09399477806789,22.58485639686684,0.0,0.0,10.704960835509139,8.616187989556137,63.18537859007833,22.58485639686684,242.31944444444446,6.301712727297572,248.62115717174203,0.22185784959413019,71.66079985824969,0.0,130.46217616157872,0.0,227.51992480247145,616.5022001819992,114.59021486918074,59.25925925925926,28.26388888888889,1.021412037037037,56.50060818497924,3.7072763139741496,18.689717216666075
downlink_starved,process_all,8,890.0195471549132,2803.0844755878065,31.751435067552723,754.0,71.22015915119363,46.816976127320956,24.40318302387268,0.0,0.0,9.549071618037136,19.23076923076923,64.45623342175067,18.43501326259947,246.47222222222223,5.120192794572384,251.5924150167946,0.28268189819094325,79.83506944444409,0.0,127.53258498319185,0.0,194.82973776954833,563.8494893924461,85.15029615222457,46.42857142857143,28.75,1.0358796296296295,47.761081405223074,3.5652928367921968,12.828498859702332
downlink_starved,process_all,9,1008.9492222225056,2645.736361691224,38.13491158195214,748.0,82.2192513368984,60.294117647058826,21.925133689839573,0.0,0.0,9.893048128342246,7.887700534759358,63.63636363636363,23.39572192513369,219.94444444444449,5.605198725324521,225.549643169769,0.22354905301669195,79.56470782518076,0.0,150.74202349688468,0.0,202.01181916276772,520.7560734852432,160.81823587248115,65.38461538461539,25.555555555555557,1.099537037037037,48.46156027230355,2.932519455032021,11.559232158045045
downlink_starved,process_all,10,1078.716710208756,3262.6290357493676,33.06280604963089,775.0,67.35483870967742,45.54838709677419,21.806451612903224,0.0,0.0,9.935483870967742,22.70967741935484,65.93548387096774,16.64516129032258,284.25694444444446,5.4697194977482795,289.7266639421927,0.26858457016590026,77.00520833333209,0.0,89.50944716890496,0.0,154.82801653048506,460.1798384560366,119.9480885573294,53.57142857142857,33.229166666666664,1.0691550925925926,44.883195627739106,4.142513163447405,16.157400707903175
downlink_starved,process_all,11,609.9714073204824,2961.8432516143666,20.594317642839965,776.0,56.57216494845361,36.98453608247423,19.587628865979383,0.0,0.0,22.68041237113402,20.74742268041237,62.88659793814433,6.958762886597938,276.0625,6.0179907130065615,282.08049071300655,0.4624487104275035,79.21947397322305,0.0,96.57923150920168,0.0,499.4258568098457,981.0077855732804,180.95972060047882,9.523809523809524,32.291666666666664,1.0026041666666667,60.171226552965926,7.984381511250286,22.294653647115314
downlink_starved,process_all,12,781.1589457954634,2826.4514109491574,27.637444704317083,739.0,66.5764546684709,44.51962110960758,22.056833558863328,0.0,0.0,12.313937753721245,21.10960757780785,62.92286874154262,17.591339648173207,238.58333333333337,4.464262639190018,243.0475959725234,0.3111371856914794,79.46180555555424,0.0,136.9593484719077,0.0,191.44391558772895,534.1091504521861,159.495096109651,48.148148148148145,27.84722222222222,0.9722222222222222,44.568823413314014,3.781604985975285,13.794965867503349
downlink_starved,process_all,13,1158.654838473036,3096.7460950354466,37.41523531201138,812.0,81.65024630541872,61.82266009852217,19.82758620689655,0.0,0.0,11.945812807881774,6.403940886699507,61.330049261083744,24.137931034482758,269.14583333333337,7.129210733651277,276.27504406698466,0.2384446470970432,76.65255390607017,0.0,102.34995593300164,0.0,223.43509125363687,555.6035838966593,173.52625564440487,78.57142857142857,31.42361111111111,1.0807291666666667,67.89158024888204,4.512648420966314,18.004471636140487
downlink_starved,process_all,14,1116.6435853861224,3023.3751362560574,36.933676274420186,748.0,79.81283422459893,57.88770053475936,21.925133689839573,0.0,0.0,4.81283422459893,15.37433155080214,66.31016042780749,22.459893048128343,285.0416666666667,6.117613633420843,291.1592803000875,0.26074504354888495,79.02777777777746,0.0,84.19488636656506,0.0,176.35664531610124,406.710649291912,139.48287951999498,72.72727272727273,33.333333333333336,1.0503472222222223,53.14839013503485,3.6752928025824922,10.935773167171105
downlink_starved,process_all,15,654.0407911486927,2342.6333759005556,27.9190417876321,777.0,69.24066924066923,46.58944658944659,22.65122265122265,0.0,0.0,5.148005148005148,25.61132561132561,62.29086229086229,23.037323037323038,236.44444444444446,3.4386848084180333,239.8831292528625,0.36677089945958175,77.87326388888857,0.0,140.67242630268004,0.0,148.39390784051,328.4819169647928,147.31715101112857,56.25,27.53472222222222,1.0734953703703705,31.308973878418378,3.0811657708891578,11.063310099235958
downlink_starved,process_all,16,818.8093891725789,2912.899699954481,28.109769422729325,769.0,66.57997399219767,45.77373211963589,20.806241872561767,0.0,0.0,7.152145643693108,26.26788036410923,64.49934980494149,19.50585175552666,231.70833333333334,4.349241619615158,236.0575749529485,0.28829368357816315,80.03124999999999,0.0,144.0743694914828,0.0,139.83237213259892,302.6348956489078,147.05336945608872,53.125,26.944444444444443,1.1197916666666667,38.962140769239326,3.13816162501395,10.56769912507422
downlink_starved,process_all,17,1017.863595878524,3108.7146783383114,32.74226492933081,782.0,74.55242966751918,52.94117647058823,21.611253196930946,0.0,0.0,4.731457800511509,20.71611253196931,64.70588235294117,22.634271099744247,258.1388888888889,5.314749355132528,263.4536382440214,0.25883000365744785,80.39583333333333,0.0,117.53247286707605,0.0,159.5163325177922,359.7009595145447,167.60077237548393,70.96774193548387,30.104166666666668,1.0966435185185186,53.870658470784925,3.278837070123826,11.601994492296642
downlink_starved,process_all,18,1040.2715375390744,3142.103176284946,33.10749135771651,823.0,75.5771567436209,55.77156743620899,19.805589307411907,0.0,0.0,9.59902794653706,14.823815309842042,61.11786148238153,22.35722964763062,244.95833333333337,5.9074816261182335,250.8658149594516,0.24115416591413627,78.50694444444278,0.0,126.30085170720174,0.0,221.04449978203357,613.1551339152695,140.28918508191447,71.875,28.541666666666668,1.0850694444444444,55.73188339074538,4.438346075678404,14.90540633667216
downlink_starved,process_all,19,1061.9961287498193,3206.213143282686,33.12306703547765,811.0,75.83230579531443,53.76078914919852,22.071516646115906,0.0,0.0,12.700369913686806,11.467324290998768,63.74845869297164,19.852034525277436,283.7361111111111,6.724062394865232,290.46017350597634,0.2735039852244149,77.71818827080367,0.0,86.7481598273434,0.0,241.35098280962134,673.9324989369402,146.88197842727527,54.83870967741935,33.19444444444444,1.021412037037037,62.728652259761056,4.637576666806696,14.731381440516286
downlink_starved,value_aware,0,1275.6737823420592,3579.297223341972,35.64034230023985,785.0,72.48407643312102,57.32484076433121,15.159235668789808,23.56687898089172,0.0,0.0,3.949044585987261,43.439490445859875,30.191082802547772,254.15972222222226,11.358416997210993,265.51813921943324,0.2081395282201051,68.99771406502524,0.0,111.73186078055372,0.0,238.22258151518497,689.0390132020171,159.0578235991634,56.09756097560975,30.0,0.44994212962962965,100.0,14.309576151552115,26.483160147657298
downlink_starved,value_aware,1,1069.0770235059986,3356.8328431294253,31.847788479969285,819.0,63.73626373626374,48.96214896214896,14.774114774114775,23.80952380952381,0.0,0.0,12.454212454212454,35.8974358974359,33.82173382173382,231.48611111111111,9.190332419123116,240.67644353023422,0.22512544768846002,77.395833333333,0.0,143.0527231364185,0.0,196.4693787495788,521.1238747747356,129.23778919499688,57.89473684210526,27.395833333333332,0.2835648148148148,100.0,12.072503406835766,23.335473957224572
downlink_starved,value_aware,2,1013.0308743030105,2808.7517126447547,36.066942825257,777.0,62.41956241956242,47.87644787644788,14.543114543114543,30.244530244530246,0.0,0.0,7.335907335907336,39.25353925353925,25.61132561132561,219.28472222222223,10.507718024440347,229.79244024666258,0.226836561526089,76.30208333333303,0.0,146.30478197554646,0.0,265.2062109182445,798.6347345060107,145.95023958054875,50.0,25.868055555555557,0.4152199074074074,96.97157327522682,11.645148357262162,18.891534682713733
downlink_starved,value_aware,3,934.5121509188612,3209.800702888139,29.11433566819269,790.0,56.075949367088604,40.25316455696203,15.822784810126583,27.468354430379748,0.0,0.0,16.455696202531644,42.91139240506329,21.0126582278481,236.04861111111114,9.322915428051157,245.3715265391623,0.2625664377909909,76.2326388888886,0.0,141.10069568304615,0.0,258.29728067949105,780.5639994420511,74.63913025165043,37.5,27.8125,0.5049189814814815,97.53616888467214,11.19631694753652,20.642247548158945
downlink_starved,value_aware,4,1040.88364408825,2788.446653689506,37.32844028810862,786.0,68.06615776081425,53.05343511450382,15.012722646310433,22.391857506361323,0.0,0.0,9.541984732824428,32.31552162849873,39.44020356234097,211.12500000000003,11.069425006146997,222.19442500614701,0.21346711159130147,78.47222222222048,0.0,153.88890832717252,0.0,184.93281829267903,457.8911646026237,131.33344690876123,65.38461538461539,25.03472222222222,0.1736111111111111,100.0,13.964696370236117,25.157015912250202
downlink_starved,value_aware,5,1215.8799046331299,3515.953893543496,34.58179320456689,836.0,63.995215311004785,50.0,13.995215311004785,24.401913875598087,0.0,0.0,11.602870813397129,41.6267942583732,27.870813397129186,287.0972222222223,10.151610096521775,297.24883231874406,0.24447219761266933,70.37326388888735,0.0,81.77200101457619,0.0,188.77996134876705,435.0491255470134,124.6268158943223,53.333333333333336,33.958333333333336,0.38483796296296297,100.0,13.791019968322901,25.310561513739394
downlink_starved,value_aware,6,1167.3957620360109,3464.411566669866,33.69679784201158,772.0,63.082901554404145,47.020725388601036,16.06217616580311,16.83937823834197,0.0,0.0,20.077720207253886,43.652849740932645,26.295336787564768,266.60416666666674,10.060232965254063,276.6643996319208,0.23699280794835237,75.05769979657825,0.0,108.58004481250977,0.0,212.40545128107513,614.5248452356564,114.83582401108426,50.0,31.52777777777778,0.3689236111111111,96.61597933330354,12.428319628634618,22.098472987819534
downlink_starved,value_aware,7,1190.9351771169352,2915.7612400654057,40.84474272969691,766.0,74.41253263707571,57.31070496083551,17.10182767624021,16.318537859007833,0.0,0.0,9.26892950391645,41.90600522193211,33.942558746736296,217.30555555555557,11.153353795177178,228.45890935073274,0.19183152344512608,69.59829985824975,0.0,152.2910906492546,0.0,239.71481174082314,687.2554863466178,99.92960657657142,59.25925925925926,25.625,0.42824074074074076,100.0,13.58084248335554,25.085126251742377
downlink_starved,value_aware,8,978.6569161371045,2803.0844755878065,34.91357198330173,754.0,64.72148541114058,47.3474801061008,17.374005305039788,19.76127320954907,0.0,0.0,15.517241379310345,36.47214854111406,32.09549071618037,219.70833333333337,10.254450920230417,229.9627842535638,0.2349779380921958,78.92447574133462,0.0,149.66221574642233,0.0,207.18983761011714,638.1857479699564,55.14998249661869,46.42857142857143,26.006944444444443,0.2604166666666667,95.65336400733958,11.568167209900492,21.59000293955505
downlink_starved,value_aware,9,1027.5160259580878,2645.736361691224,38.836674766085636,748.0,75.93582887700535,61.096256684491976,14.83957219251337,15.775401069518717,0.0,0.0,8.288770053475936,35.82887700534759,41.44385026737968,190.59027777777783,11.566277878444552,202.1565556562224,0.19674297096020996,75.69614197213596,0.0,173.9545554548754,0.0,221.7044349667316,578.6916848247712,156.62757735039455,65.38461538461539,22.5,0.33130787037037035,100.0,13.397276017440664,22.12025579591787
downlink_starved,value_aware,10,1129.8725594973835,3262.6290357493676,34.63073941649857,775.0,60.645161290322584,45.806451612903224,14.838709677419354,24.64516129032258,0.0,0.0,14.709677419354838,37.03225806451613,29.93548387096774,256.8680555555556,12.063836741028965,268.9318922965846,0.23801966871044042,72.73437499999837,0.0,112.40144103673545,0.0,172.38214688487218,485.8262018182318,116.63287632997063,53.57142857142857,30.45138888888889,0.22424768518518517,98.99292727746167,14.343128257487448,30.092535076789886
downlink_starved,value_aware,11,922.0424468595367,2961.8432516143666,31.13069695220951,776.0,60.95360824742268,45.618556701030926,15.335051546391753,26.675257731958762,0.0,0.0,12.371134020618557,50.25773195876289,16.237113402061855,256.2222222222223,9.989161275358288,266.2113834975806,0.2887192280618888,76.44965277777617,0.0,113.1358387246275,0.0,319.47691848635765,917.0406602253497,123.49399598076089,28.571428571428573,30.104166666666668,0.6973379629629629,99.87720401007576,12.852659807304867,22.130724026840102
downlink_starved,value_aware,12,832.3686376786017,2826.4514109491574,29.44924630418755,739.0,61.84032476319351,43.978349120433016,17.861975642760488,16.508795669824085,0.0,0.0,21.650879566982407,40.8660351826793,29.22868741542625,217.26388888888889,9.501693523658801,226.7655824125477,0.27243407806062436,80.39583333333333,0.0,152.9080286985496,0.0,199.86441120567437,604.487619770602,142.14469694663546,48.148148148148145,25.65972222222222,0.3587962962962963,94.85985368912193,11.514099424654447,21.403586016812806
downlink_starved,value_aware,13,1230.5615125297081,3096.7460950354466,39.73724273044163,812.0,72.16748768472907,58.004926108374384,14.16256157635468,20.935960591133004,0.0,0.0,6.896551724137931,38.793103448275865,34.11330049261084,248.6041666666667,9.932994825618282,258.537161492285,0.21009690199135284,72.87572489091335,0.0,121.08783850770172,0.0,219.61089275146404,622.558572681382,147.97858863160235,78.57142857142857,29.375,0.3862847222222222,94.59205801450781,13.201188074140958,23.362640930291082
downlink_starved,value_aware,14,1139.77715952128,3023.3751362560574,37.698833527244744,748.0,72.72727272727273,57.0855614973262,15.641711229946525,18.449197860962567,0.0,0.0,8.823529411764707,39.57219251336898,37.16577540106952,257.45833333333337,11.510440142923875,268.96877347625724,0.23598364928564397,77.37847222222187,0.0,106.23955985706183,0.0,189.28121510710855,432.61191578518105,135.27214039084163,72.72727272727273,30.48611111111111,0.2864583333333333,100.0,13.884039151283897,22.876804665987596
downlink_starved,value_aware,15,681.5284829820663,2342.6333759005556,29.09240899549948,777.0,64.73616473616474,47.747747747747745,16.98841698841699,18.91891891891892,0.0,0.0,16.344916344916346,32.818532818532816,39.63963963963964,209.7777777777778,10.983064541723472,220.76084231950128,0.32392019971571806,76.64930555555524,0.0,158.8224910138184,0.0,166.43517997367968,354.8095192876814,145.41248420845238,56.25,24.86111111111111,0.19675925925925927,100.0,13.296935941431869,26.637550075234643
downlink_starved,value_aware,16,842.699339253577,2912.899699954481,28.929912666294197,769.0,63.32899869960988,47.20416124837451,16.124837451235372,11.703511053315994,0.0,0.0,24.96749024707412,36.28088426527958,35.37061118335501,205.52083333333337,11.123620649295546,216.64445398262893,0.2570839252995289,78.67680595843987,0.0,163.42499046180194,0.0,162.37388954166966,334.97938180996096,144.6895767561492,53.125,24.305555555555557,0.2821180555555556,99.64957376633852,13.94529757096871,23.443892677145083
downlink_starved,value_aware,17,1036.621665888152,3108.7146783383114,33.34566768418429,782.0,69.18158567774935,52.55754475703325,16.624040920716112,12.148337595907929,0.0,0.0,18.67007672634271,38.107416879795394,36.44501278772378,236.20833333333337,9.624892260946565,245.83322559427992,0.23714845414084226,78.07073959508271,0.0,137.36121885015052,0.0,174.2116919257481,414.6795150746733,164.6195137773246,70.96774193548387,27.95138888888889,0.2951388888888889,97.55855811089779,12.272334712589856,21.10670964206014
downlink_starved,value_aware,18,1218.227047191171,3142.103176284946,38.77107080333171,823.0,68.89428918590522,54.434993924665854,14.459295261239369,17.98298906439854,0.0,0.0,13.122721749696233,39.85419198055893,32.56379100850547,219.10416666666669,10.47391855428901,229.5780852209557,0.18845262527234713,80.39583333333333,0.0,148.2969147790304,0.0,209.8131963474991,661.925675695581,104.49111739034662,71.875,25.833333333333332,0.4383680555555556,98.8121918028487,11.933263356389268,21.397491312457213
downlink_starved,value_aware,19,1157.3672070739956,3206.213143282686,36.09763778489859,811.0,68.6806411837238,52.28113440197287,16.399506781750926,24.167694204685574,0.0,0.0,7.151664611590629,39.08754623921085,32.059186189889026,261.9861111111111,10.622270027801257,272.60838113891236,0.23554182239888133,76.60763888888856,0.0,104.93328552774034,0.0,244.39605611009034,752.6175289043827,106.69505270272965,58.064516129032256,31.041666666666668,0.25752314814814814,99.09495832341725,12.990773211481978,21.437482405895114
energy_starved,bent_pipe,0,230.57841614613605,3565.8112587772926,6.466366260372423,784.0,21.556122448979593,21.556122448979593,0.0,0.0,16.45408163265306,30.612244897959183,31.377551020408163,0.0,21.556122448979593,0.0,15.24303471755605,15.24303471755605,0.06610781257121358,74.22854958660582,0.0,153.09029861578585,0.0,500.8550448316457,884.3981489425254,321.4373905956974,19.51219512195122,0.0,0.0,100.0,75.04006531111058,99.99898279539528
energy_starved,bent_pipe,1,281.199618362838,3027.9408298358308,9.286826730299222,778.0,22.750642673521853,22.750642673521853,0.0,0.0,10.025706940874036,31.876606683804628,35.347043701799485,0.0,22.750642673521853,0.0,15.517099717921752,15.517099717921752,0.0551817950830207,78.6111111111115,0.0,152.81623361542017,0.0,417.53293336333587,782.4119756472,261.1848688137157,9.67741935483871,0.0,0.0,100.0,70.67021077965195,99.99909462567867
energy_starved,bent_pipe,2,469.7800140896898,2808.1618069140122,16.729093492156977,776.0,26.288659793814432,26.288659793814432,0.0,0.0,10.56701030927835,29.123711340206185,34.02061855670103,0.0,26.288659793814432,0.0,16.105359888909316,16.105359888909316,0.034282769393919985,73.7904504476126,0.0,152.22797344443262,0.0,246.2262024073133,535.4243267273408,128.14488619655694,13.636363636363637,0.0,0.0,100.0,61.00794093456043,99.99903433792733
energy_starved,bent_pipe,3,387.92242389716375,3268.694270065943,11.867809952422922,796.0,22.8643216080402,22.8643216080402,0.0,0.0,15.326633165829145,29.396984924623116,32.41206030150754,0.0,22.8643216080402,0.0,14.026460090250566,14.026460090250566,0.036157899688647306,78.6111111111115,0.0,154.30687324309133,0.0,307.94802593959463,707.5438023241919,65.23704841183232,6.666666666666667,0.0,0.0,90.75352768323764,68.6280044176474,99.99982417335337
energy_starved,bent_pipe,4,299.5912554080903,2724.9994455309497,10.994176747427439,808.0,25.247524752475247,25.247524752475247,0.0,0.0,8.910891089108912,32.054455445544555,33.78712871287129,0.0,25.247524752475247,0.0,17.59405651578076,17.59405651578076,0.058726869353429204,78.6111111111115,0.0,150.73927681756118,0.0,466.9628187966077,617.692664213282,354.5634768826066,9.090909090909092,0.0,0.0,100.0,73.72329736044104,99.99781679862589
energy_starved,bent_pipe,5,298.5640331730038,3497.893243708397,8.53553874778843,835.0,14.37125748502994,14.37125748502994,0.0,0.0,17.84431137724551,31.377245508982035,36.40718562874252,0.0,14.37125748502994,0.0,16.247469305117274,16.247469305117274,0.05441870922108904,73.05738641096696,0.0,152.08586402822465,0.0,575.2674903269797,748.4487793902507,nan,0.0,0.0,0.0,100.0,85.38747172776242,99.99996490294807
energy_starved,bent_pipe,6,335.50183372712854,3410.0336237797114,9.838666439753617,767.0,24.641460234680572,24.641460234680572,0.0,0.0,19.035202086049544,26.597131681877446,29.726205997392437,0.0,24.641460234680572,0.0,17.310356592490148,17.310356592490148,0.05159541573942354,78.6111111111115,0.0,151.02297674085176,0.0,393.1458104518188,697.7201838917197,274.3303465734468,18.181818181818183,0.0,0.0,100.0,72.86574227753613,99.99987380136355
energy_starved,bent_pipe,7,212.2711298951186,2926.3724551927025,7.253729084226925,769.0,20.93628088426528,20.93628088426528,0.0,0.0,11.443433029908972,30.5591677503251,37.06111833550065,0.0,20.93628088426528,0.0,15.030072200732198,15.030072200732198,0.07080601214191695,73.55403179945556,0.0,153.3032611326097,0.0,563.8797264336035,946.3992767555937,333.0729408807691,4.0,0.0,0.0,100.0,74.09919841961977,99.98206477346423
energy_starved,bent_pipe,8,363.70603658424915,2802.6378202327633,12.977275692156429,753.0,18.725099601593627,18.725099601593627,0.0,0.0,11.02257636122178,32.13811420982736,38.114209827357236,0.0,18.725099601593627,0.0,15.408619299896912,15.408619299896912,0.04236558580277413,78.6111111111115,0.0,152.92471403344499,0.0,404.4828941788255,777.7369101583082,133.60497073049552,17.857142857142858,0.0,0.0,100.0,71.06325588006676,99.99869253207383
energy_starved,bent_pipe,9,235.88473989067236,2629.337667287438,8.971260816950277,747.0,28.91566265060241,28.91566265060241,0.0,0.0,7.49665327978581,23.96251673360107,39.62516733601071,0.0,28.91566265060241,0.0,16.683520084411917,16.683520084411917,0.07072742430114122,73.4319523622865,0.0,151.64981324893,0.0,506.93050498242076,889.3205048978908,362.80793032216366,19.23076923076923,0.0,0.0,100.0,69.30395575319166,99.99625700706588
energy_starved,bent_pipe,10,236.81828128075023,3261.647398143676,7.260695359514712,774.0,17.441860465116278,17.441860465116278,0.0,0.0,14.082687338501293,33.72093023255814,34.75452196382429,0.0,17.441860465116278,0.0,17.43830554950087,17.43830554950087,0.07363580824584906,78.6111111111115,0.0,150.89502778384107,0.0,772.070576148142,1006.929764480874,nan,0.0,0.0,0.0,100.0,85.11389802303182,99.99672074815135
energy_starved,bent_pipe,11,367.3402138579705,2948.8212247765814,12.457188342633494,775.0,21.419354838709676,21.419354838709676,0.0,0.0,16.258064516129032,29.419354838709676,32.903225806451616,0.0,21.419354838709676,0.0,14.971236598287696,14.971236598287696,0.040755779066639894,75.64856257779182,0.0,153.3620967350542,0.0,338.2097872077346,640.4579758161647,101.58011377063825,4.761904761904762,0.0,0.0,99.99999999999999,71.23095668702562,99.99987074427239
energy_starved,bent_pipe,12,335.5617312498143,2813.6630100289367,11.92615213882217,738.0,21.680216802168022,21.680216802168022,0.0,0.0,11.924119241192411,31.43631436314363,34.959349593495936,0.0,21.680216802168022,0.0,15.822942636629634,15.822942636629634,0.047153596978107115,78.6111111111115,0.0,152.51039069671228,0.0,393.7285257534633,694.6145615556638,211.4292110703921,18.51851851851852,0.0,0.0,100.0,72.24040790899768,99.99964237270069
energy_starved,bent_pipe,13,308.2441794395442,3086.893770494354,9.985577812422747,812.0,14.901477832512315,14.901477832512315,0.0,0.0,12.931034482758621,34.97536945812808,37.19211822660098,0.0,14.901477832512315,0.0,16.985012257506405,16.985012257506405,0.055102458993350326,74.21977439748807,0.0,151.3483210758355,0.0,507.70904194573075,605.4684065761289,nan,0.0,0.0,0.0,100.0,81.29352395794957,99.99978009868248
energy_starved,bent_pipe,14,271.63386955761894,3159.553502300217,8.597223289932078,752.0,19.01595744680851,19.01595744680851,0.0,0.0,16.75531914893617,28.19148936170213,36.037234042553195,0.0,19.01595744680851,0.0,16.637933612158665,16.637933612158665,0.06125132200654907,73.58374794993114,0.0,151.69539972118326,0.0,592.9480772213806,954.4980848551112,374.1863656759291,7.6923076923076925,0.0,0.0,100.0,81.45839794327684,99.99995038334552
energy_starved,bent_pipe,15,305.94187790978765,2341.495585981719,13.066088176353121,776.0,28.8659793814433,28.8659793814433,0.0,0.0,9.02061855670103,28.737113402061855,33.376288659793815,0.0,28.8659793814433,0.0,17.861499582589445,17.861499582589445,0.05838200283210729,78.6111111111115,0.0,150.4718337507525,0.0,471.15604912243106,685.1301426222685,329.21210348667444,12.5,0.0,0.0,100.0,68.35280533494628,99.99762460128147
energy_starved,bent_pipe,16,328.9828594338583,2912.442900275749,11.295770275966968,768.0,27.473958333333332,27.473958333333332,0.0,0.0,11.588541666666666,24.088541666666668,36.848958333333336,0.0,27.473958333333332,0.0,17.039839834047353,17.039839834047353,0.05179552473758346,75.19407531629416,0.0,151.29349349929458,0.0,504.587590494947,913.1238541752991,284.7643360186656,18.75,0.0,0.0,100.0,71.47618150594559,99.99992005934799
energy_starved,bent_pipe,17,301.023278951841,3076.19731981379,9.785564697457794,781.0,19.590268886043535,19.590268886043535,0.0,0.0,14.084507042253522,31.49807938540333,34.82714468629962,0.0,19.590268886043535,0.0,15.757400269472903,15.757400269472903,0.052346118626904733,74.03834545029893,0.0,152.57593306386903,0.0,622.2340362445083,920.3543323599783,nan,0.0,0.0,0.0,100.0,78.8688789864505,99.99972487381544
energy_starved,bent_pipe,18,322.9801648345198,3142.1940998029672,10.278810110895837,819.0,22.954822954822955,22.954822954822955,0.0,0.0,11.965811965811966,31.013431013431013,34.065934065934066,0.0,22.954822954822955,0.0,16.856170836252446,16.856170836252446,0.05218949233272196,73.12273040157187,0.0,151.47716249708947,0.0,434.4708847373856,838.3787305564405,222.37697864349084,22.580645161290324,0.0,0.0,100.0,74.40408320628184,99.99495242926007
energy_starved,bent_pipe,19,268.0427583370811,3285.854240723272,8.157475612128199,807.0,18.21561338289963,18.21561338289963,0.0,0.0,19.206939281288722,28.748451053283766,33.82899628252788,0.0,18.21561338289963,0.0,16.44199327853708,16.44199327853708,0.0613409344857592,74.71381852804129,0.0,151.89134005480486,0.0,541.6524469234568,915.584382488537,297.0953397955424,6.896551724137931,0.0,0.0,100.0,82.16839988631315,99.99982987311475
energy_starved,priority_rules,0,1197.2989423986035,3565.8112587772926,33.57718217562514,784.0,66.70918367346938,51.275510204081634,15.433673469387756,0.0,0.0,5.612244897959184,27.678571428571427,36.607142857142854,32.90816326530612,190.30555555555557,8.547855708931849,198.85341126448742,0.1660850137110414,21.709410859945237,7.916666666666666,0.0,0.0,140.76358658271576,343.26167476295484,107.96496628945145,70.73170731707317,22.395833333333332,0.4542824074074074,56.07712550235761,18.22864555545939,63.30585087235712
energy_starved,priority_rules,1,1214.7306793181638,3027.9408298358308,40.11738496831935,778.0,77.12082262210797,60.15424164524421,16.966580976863753,0.0,0.0,3.341902313624679,19.53727506426735,39.588688946015424,41.0025706940874,193.06250000000003,6.525318819842887,199.5878188198429,0.16430623035871034,26.52030196693234,2.5,0.0,0.0,155.25741287897304,503.04448613274076,94.57325856502729,70.96774193548387,22.708333333333332,0.4817708333333333,42.05243852565021,6.925381934413675,32.132476828167846
energy_starved,priority_rules,2,1166.8410741592304,2808.1618069140122,41.55177494709655,776.0,70.10309278350516,53.865979381443296,16.237113402061855,0.0,0.0,5.025773195876289,24.871134020618555,40.077319587628864,33.634020618556704,194.8402777777778,4.285757713060683,199.1260354908385,0.1706539475689259,25.368644552313135,4.270833333333333,0.0,0.0,117.52812179644306,349.35669273965044,57.28818608415077,72.72727272727273,22.881944444444443,0.5483217592592593,26.610754075803033,12.901070913160204,46.75101116684918
energy_starved,priority_rules,3,1056.321721004745,3268.694270065943,32.316320638437524,796.0,60.92964824120603,42.336683417085425,18.592964824120603,0.0,0.0,6.28140703517588,32.78894472361809,41.58291457286432,23.492462311557787,190.2013888888889,8.392529412096636,198.59391830098554,0.1880051449780738,25.42217320206578,5.659722222222222,0.0,0.0,168.0302471391525,467.331342447695,80.0504328134845,56.666666666666664,22.291666666666668,0.6148726851851852,54.3010599561398,16.133417966855582,59.48789450287548
energy_starved,priority_rules,4,1161.2375328795617,2724.9994455309497,42.614230061001045,808.0,72.89603960396039,57.301980198019805,15.594059405940595,0.0,0.0,3.712871287128713,23.39108910891089,36.757425742574256,40.47029702970297,189.75,8.224068299852663,197.97406829985266,0.17048541981667556,27.256182463211022,2.256944444444444,0.811111111112119,0.0,124.0574167456667,335.6177009326248,100.01399545523815,72.72727272727273,22.32638888888889,0.4600694444444444,46.743445961289204,6.6086306486200375,31.23024211995906
energy_starved,priority_rules,5,1152.7235613355465,3497.893243708397,32.95479538745018,835.0,54.97005988023952,43.83233532934132,11.137724550898204,0.0,0.0,3.3532934131736525,41.67664670658683,27.78443113772455,31.856287425149702,182.27777777777777,16.247469305117274,198.52524708289505,0.17222277199997849,20.838357961684594,13.020833333333334,0.0,0.0,154.23532662627846,323.4571722179079,84.51701834582074,51.724137931034484,21.493055555555557,0.3616898148148148,100.0,26.643437653738165,67.8241231424254
energy_starved,priority_rules,6,1200.1098050760925,3410.0336237797114,35.19348890600909,767.0,62.05997392438071,47.979139504563236,14.08083441981747,0.0,0.0,3.259452411994785,34.680573663624514,35.202086049543674,30.63885267275098,188.02083333333337,11.302825910995601,199.32365924432898,0.16608785162928566,25.223569916164212,5.0,0.0,0.0,123.31595165551855,316.9203973080861,128.88847276848975,66.66666666666667,22.15277777777778,0.4036458333333333,65.29516506840288,15.118499982903526,58.065694514539246
energy_starved,priority_rules,7,1166.6068358230139,2926.3724551927025,39.86528897758479,769.0,64.36931079323797,47.854356306892065,16.514954486345903,0.0,0.0,7.672301690507152,27.958387516254877,36.54096228868661,30.81924577373212,189.83333333333334,8.785852380360257,198.6191857136936,0.17025374754775238,25.298028072699523,4.861111111111112,0.0,0.0,149.1215098244922,374.12046523952216,71.01328328288362,64.0,22.395833333333332,0.3559027777777778,58.45515752034944,13.52706396154965,47.766338649691306
energy_starved,priority_rules,8,1041.6203865963628,2802.6378202327633,37.16571506588228,753.0,61.48738379814077,42.09827357237716,19.389110225763613,0.0,0.0,5.843293492695883,32.669322709163346,37.71580345285525,27.49003984063745,186.78472222222226,8.964708870163415,195.74943109238566,0.18792780326815964,25.56293021999206,5.555555555555555,2.805555555555962,0.0,121.27602824863004,378.0484011231672,41.29152107687083,50.0,22.01388888888889,0.38917824074074076,58.179832311279135,11.067694592298917,30.026172781109803
energy_starved,priority_rules,9,1249.0874727303149,2629.337667287438,47.505783995364084,747.0,87.28246318607765,69.74564926372155,17.536813922356092,0.0,0.0,4.28380187416332,8.433734939759036,37.61713520749665,50.870147255689425,187.97222222222226,6.916147983515461,194.88837020573771,0.15602459752457642,22.072623731183445,4.236111111111112,3.8819444444448123,0.0,170.817945930378,473.2923698453897,114.47350490176677,76.92307692307692,22.15277777777778,0.39351851851851855,41.45496842706172,4.11507924327806,17.60924876093263
energy_starved,priority_rules,10,1385.3323783888925,3261.647398143676,42.47339486105506,774.0,71.44702842377261,56.07235142118863,15.37467700258398,0.0,0.0,5.426356589147287,23.126614987080103,31.65374677002584,41.21447028423773,181.42361111111114,17.43830554950087,198.86191666061202,0.1435481619883046,26.1798446993911,6.701388888888888,0.0,0.0,198.72055982057006,458.9298993881374,131.90122593226317,78.57142857142857,21.42361111111111,0.3052662037037037,100.0,15.7769414290731,42.407405246875555
energy_starved,priority_rules,11,883.9607415040101,2948.8212247765814,29.976749152400167,775.0,56.0,41.67741935483871,14.32258064516129,0.0,0.0,7.096774193548387,36.903225806451616,35.096774193548384,25.032258064516128,189.87500000000003,8.589796957522031,198.46479695752205,0.22451765970946314,25.915153218948486,6.284722222222222,0.0,0.0,150.02010770715657,449.2192946235044,101.02120387405814,57.142857142857146,22.36111111111111,0.4253472222222222,57.375333701589284,23.267146047028856,60.44585478514368
energy_starved,priority_rules,12,990.4892309559353,2813.6630100289367,35.202837988254636,738.0,70.05420054200542,52.710027100271006,17.344173441734416,0.0,0.0,7.994579945799458,21.951219512195124,36.856368563685635,39.70189701897019,190.3125,8.450892397278407,198.7633923972784,0.2006719368422098,27.06101267120407,4.444444444444445,0.0,0.0,156.60933608023944,484.3960930088811,126.13116999113477,55.55555555555556,22.46527777777778,0.3342013888888889,53.409107214449776,6.948528042068022,30.78348150270324
energy_starved,priority_rules,13,1149.3113036815612,3086.893770494354,37.231968092556144,812.0,68.22660098522168,54.679802955665025,13.54679802955665,0.0,0.0,4.802955665024631,26.970443349753694,30.665024630541872,41.87192118226601,187.48611111111114,11.496948664394465,198.9830597755056,0.17313243082018595,23.83610812780581,8.61111111111111,0.0,0.0,119.48847123319855,327.4473895723217,100.9267141548372,50.0,22.118055555555557,0.35300925925925924,67.68878638467554,12.883717407470224,43.660258014261444
energy_starved,priority_rules,14,1189.5864027352798,3159.553502300217,37.65045921422876,752.0,69.68085106382979,55.18617021276596,14.49468085106383,0.0,0.0,2.7925531914893615,27.52659574468085,32.712765957446805,38.56382978723404,186.23611111111114,12.544177980428262,198.7802890915394,0.1671003372554303,21.014332995583356,10.13888888888889,0.0,0.0,167.62727757325828,410.1123590051465,106.90729685315186,84.61538461538461,21.944444444444443,0.39641203703703703,75.3950476834529,25.986736782906082,57.04507804674946
energy_starved,priority_rules,15,908.1493604198697,2341.495585981719,38.78501270114972,776.0,76.15979381443299,57.86082474226804,18.298969072164947,0.0,0.0,0.7731958762886598,23.067010309278352,38.53092783505155,40.97938144329897,193.54861111111111,5.427429600751062,198.97604071186217,0.21910056801655234,27.563080295052835,1.284722222222222,0.0,0.0,134.13401153796988,330.858960550958,135.48206466405324,68.75,22.77777777777778,0.4615162037037037,30.386192243575483,5.181344306778556,31.001164447672938
energy_starved,priority_rules,16,1250.5266619269162,2912.442900275749,42.9373795382741,768.0,81.90104166666667,65.49479166666667,16.40625,0.0,0.0,8.333333333333334,9.765625,40.885416666666664,43.229166666666664,190.58333333333337,8.432644884914556,199.01597821824794,0.15914572977723437,25.039188090683695,5.555555555555555,0.0,0.0,188.32529142519132,604.1933706345902,108.98888213427331,68.75,22.395833333333332,0.5121527777777778,49.48781776730824,9.60384418782564,33.82010713825641
energy_starved,priority_rules,17,1154.5257171320939,3076.19731981379,37.53093826900481,781.0,71.70294494238156,56.33802816901409,15.364916773367478,0.0,0.0,1.6645326504481435,26.632522407170296,34.955185659411015,39.820742637644045,187.91666666666669,10.993756055867015,198.9104227225337,0.1722875634304953,25.24188805503611,7.256944444444445,0.0,0.0,156.60016806754086,337.0975961673754,145.63041930710742,80.0,22.15277777777778,0.3819444444444444,69.76884427544447,12.142660287516186,34.93659151127069
energy_starved,priority_rules,18,1126.9107597304837,3142.1940998029672,35.86381757260467,819.0,65.32356532356532,49.572649572649574,15.750915750915752,0.0,0.0,6.715506715506716,27.96092796092796,36.99633699633699,31.257631257631257,189.81944444444446,9.313252966406376,199.13269741085082,0.1767067140777644,27.180050650901123,5.381944444444445,0.0,0.0,146.82597604640142,472.3619060504125,88.60560138719035,77.41935483870968,22.32638888888889,0.47453703703703703,55.25129673209309,19.33591667937947,49.68083941663158
energy_starved,priority_rules,19,1025.3999306988362,3285.854240723272,31.206494737061995,807.0,61.090458488228,46.84014869888476,14.250309789343246,0.0,0.0,5.5762081784386615,33.333333333333336,30.23543990086741,33.95291201982652,187.70833333333337,12.553819700608194,200.26215303394156,0.1953015082587901,22.962604338218533,9.375,0.0,0.0,167.66607698886483,509.94253472692475,119.98992669549405,65.51724137931035,22.15277777777778,0.3385416666666667,76.35217633251074,39.84263021899703,86.40044890573535
energy_starved,process_all,0,625.8638362527248,3565.8112587772926,17.551793710678112,784.0,44.005102040816325,23.979591836734695,20.025510204081634,0.0,0.0,17.98469387755102,38.01020408163265,60.45918367346939,11.73469387755102,250.04861111111114,1.1818259213932374,251.23043703250437,0.4014138898593545,0.0,50.38194444444445,0.0,2155.0,90.89798813898301,250.0242967107427,96.75048218054522,39.02439024390244,29.20138888888889,0.9910300925925926,7.753219377189231,10.433551891104324,46.67679392237199
energy_starved,process_all,1,1187.610568609376,3027.9408298358308,39.22172312309571,778.0,77.50642673521851,57.455012853470436,20.051413881748072,0.0,0.0,3.341902313624679,19.151670951156813,60.02570694087404,26.86375321336761,228.29166666666669,2.5546793309157576,230.84634599758243,0.19437882425372005,0.0,52.22222222222223,0.0,1220.0,128.74060486976182,398.255084306423,95.96540157890581,70.96774193548387,26.59722222222222,1.015625,16.46363932278649,3.3231427541086447,18.04167584206869
energy_starved,process_all,2,1148.5738551345407,2808.1618069140122,40.90127044341327,776.0,73.06701030927834,52.06185567010309,21.00515463917526,0.0,0.0,5.025773195876289,21.90721649484536,60.18041237113402,24.22680412371134,243.36805555555557,2.265769515707476,245.63382507126306,0.21385984364278446,0.0,41.076388888888886,0.0,1937.0,108.1263647853174,351.260467571916,58.34363816879494,72.72727272727273,28.40277777777778,0.9968171296296297,14.068419031528503,3.9212889769812613,15.890854781582672
energy_starved,process_all,3,1104.818578017028,3268.694270065943,33.799997391458064,796.0,70.10050251256281,47.73869346733668,22.36180904522613,0.0,0.0,6.532663316582915,23.366834170854272,62.185929648241206,19.974874371859297,256.8263888888889,2.5238313882267094,259.3502202771156,0.2347446227258485,0.0,54.13194444444444,0.0,2782.0,153.30077385012422,449.1393181218222,81.06220471761306,56.666666666666664,29.96527777777778,1.0662615740740742,16.329608488920254,6.468344530385792,26.867576924796452
energy_starved,process_all,4,1114.435032503868,2724.9994455309497,40.89670676196145,808.0,74.5049504950495,54.7029702970297,19.801980198019802,0.0,0.0,3.712871287128713,21.782178217821784,60.148514851485146,25.61881188118812,238.11111111111114,2.3690546052727655,240.4801657163839,0.21578661716698078,0.0,49.201388888888886,0.811111111112119,1861.0,111.92739286368212,337.47077794257365,100.71513397979793,72.72727272727273,27.743055555555557,1.0561342592592593,13.465084661674652,3.5005852513489546,17.30245703977983
energy_starved,process_all,5,271.4870423680778,3497.893243708397,7.76144448823294,835.0,34.25149700598802,15.688622754491018,18.562874251497007,0.0,0.0,20.35928143712575,45.38922155688623,61.67664670658683,6.706586826347305,290.14583333333337,1.0692821970955466,291.21511553042893,1.0726667209980656,0.0,81.80555555555556,0.0,5014.0,238.1669325966047,335.7079202975132,272.9041879776561,10.344827586206897,33.923611111111114,1.0807291666666667,6.581223063205096,19.670785322875386,45.28074991781628
energy_starved,process_all,6,1127.192796787349,3410.0336237797114,33.05518130164237,767.0,70.66492829204694,51.238591916558015,19.42633637548892,0.0,0.0,3.650586701434159,25.684485006518905,59.84354628422425,23.33767926988266,255.5069444444445,2.7160253524225055,258.222969796867,0.2290850070483392,0.0,59.34027777777777,0.0,2897.0,161.01896082860898,355.5481003321236,135.46798167017272,63.63636363636363,29.895833333333332,0.9129050925925926,15.690175635092432,9.475006281710085,37.1436177655584
energy_starved,process_all,7,1252.8947812016784,2926.3724551927025,42.813920660662276,769.0,80.75422626788037,59.16775032509753,21.586475942782833,0.0,0.0,7.672301690507152,11.573472041612483,60.33810143042913,25.097529258777634,238.36805555555554,3.006463384762679,241.3745189403182,0.19265346345270168,0.0,45.06944444444444,0.0,1849.0,168.48519927467552,492.7178884114633,72.46159494751913,64.0,27.8125,0.9881365740740741,20.002986975779255,6.79001398288799,29.668814517233
energy_starved,process_all,8,1111.6686716654326,2802.6378202327633,39.665084929636286,753.0,75.1660026560425,51.39442231075697,23.771580345285525,0.0,0.0,5.843293492695883,18.99070385126162,63.081009296148736,22.04515272244356,241.125,2.6238309119471603,243.74883091194715,0.2192639201991524,0.0,64.02777777777777,2.805555555555962,2393.0,132.49410288316795,471.2636101523286,42.48574938221508,50.0,28.125,1.015625,17.028332395523034,3.3296143246676504,13.066909306284847
energy_starved,process_all,9,1114.7761474302863,2629.337667287438,42.39760306557916,747.0,82.99866131191432,61.71352074966533,21.285140562248998,0.0,0.0,4.28380187416332,12.717536813922356,62.11512717536814,26.50602409638554,218.27777777777783,2.507404391533008,220.78518216931084,0.19805337840987297,0.0,28.125,3.8819444444448123,567.0,158.33993170467622,411.2279870364243,115.90898359509058,76.92307692307692,25.381944444444443,1.0561342592592593,15.029228717000654,2.4376009990083647,11.140916198992036
energy_starved,process_all,10,1471.301374751462,3261.647398143676,45.10914869549767,774.0,85.91731266149871,65.11627906976744,20.801033591731265,0.0,0.0,5.426356589147287,8.656330749354005,63.049095607235145,26.227390180878555,271.16666666666674,3.6490702655416802,274.81573693220844,0.18678412298678876,0.0,76.5625,0.0,3702.0,156.45791273726758,394.7663763993903,133.60437927818907,78.57142857142857,31.70138888888889,1.015625,20.92560114389168,6.60077925487482,23.140887770409545
energy_starved,process_all,11,983.0806801860416,2948.8212247765814,33.33809021469333,775.0,68.38709677419355,49.806451612903224,18.580645161290324,0.0,0.0,7.096774193548387,24.516129032258064,60.0,21.29032258064516,264.15277777777777,2.65521088760927,266.80798866538703,0.27139989020524274,0.0,65.17361111111111,0.0,3542.0,143.15786115541422,442.2884178044162,103.05077461366602,57.142857142857146,30.90277777777778,0.9519675925925926,17.73541464111892,9.223073466552446,27.543213995741496
energy_starved,process_all,12,950.7078163172222,2813.6630100289367,33.788972344184344,738.0,70.05420054200542,48.9159891598916,21.13821138211382,0.0,0.0,8.130081300813009,21.81571815718157,61.24661246612466,21.54471544715447,233.49305555555554,2.2311709581568686,235.7242265137124,0.24794602765215767,0.0,68.36805555555556,0.0,1587.0,119.90433393002834,418.8207241978745,129.63720736461718,55.55555555555556,27.256944444444443,0.9447337962962963,14.100859804621773,3.1860977503222694,12.814755473325315
energy_starved,process_all,13,951.4323402994079,3086.893770494354,30.82167418242707,812.0,70.56650246305419,50.98522167487685,19.58128078817734,0.0,0.0,4.802955665024631,24.63054187192118,59.60591133004926,23.891625615763548,264.86111111111114,2.7050894686668956,267.566200579778,0.2812246223368623,0.0,72.46527777777779,0.0,3848.0,148.39325981595877,333.3652364237493,160.6633987799337,50.0,30.9375,1.0387731481481481,15.926332154817258,5.619399729804548,19.725496910687635
energy_starved,process_all,14,664.1232395246645,3159.553502300217,21.01952820362655,752.0,50.930851063829785,28.98936170212766,21.94148936170213,0.0,0.0,14.095744680851064,34.973404255319146,63.962765957446805,11.303191489361701,273.45833333333337,1.5891158846830487,275.0474492180164,0.41415121900398666,0.0,74.0625,0.0,3872.0,134.33397047830357,329.7026631581656,113.23787369623136,42.30769230769231,31.979166666666668,1.0069444444444444,9.551161350480175,12.771623549713857,30.98747705431847
energy_starved,process_all,15,886.4459391335301,2341.495585981719,37.85810848590047,776.0,77.57731958762886,55.670103092783506,21.90721649484536,0.0,0.0,0.7731958762886598,21.649484536082475,60.56701030927835,27.190721649484537,230.2013888888889,2.1347346950056822,232.3361235838946,0.2620984690967111,0.0,28.47222222222222,0.0,992.0,121.59771379192473,307.15977048556493,136.2553253566277,68.75,26.805555555555557,1.048900462962963,11.951598381395266,2.5490864349874007,12.384885700503988
energy_starved,process_all,16,1229.0658598081102,2912.442900275749,42.20051351708021,768.0,81.77083333333333,61.979166666666664,19.791666666666668,0.0,0.0,8.333333333333334,9.895833333333334,62.109375,23.958333333333332,225.37500000000003,3.0807071916333193,228.45570719163334,0.18587751451114373,0.0,55.3125,0.0,1345.0,154.60361993552866,538.6690321798874,110.8704059127091,68.75,26.21527777777778,1.0763888888888888,18.079437492585754,3.128483056995481,14.955400024284211
energy_starved,process_all,17,1227.4763598758782,3076.19731981379,39.902393515841844,781.0,82.4583866837388,61.7157490396927,20.742637644046095,0.0,0.0,1.6645326504481435,15.877080665813061,62.35595390524968,27.40076824583867,251.2013888888889,2.9508469616261683,254.15223585051507,0.20705265222070332,0.0,60.729166666666664,0.0,2584.0,141.62353963198956,339.04529672467464,147.03957672632677,80.0,29.305555555555557,1.048900462962963,18.726737349833638,4.284029137854965,14.131593819670831
energy_starved,process_all,18,1328.7403969102797,3142.1940998029672,42.287024757433,819.0,79.36507936507937,60.195360195360195,19.16971916971917,0.0,0.0,6.95970695970696,13.675213675213675,60.317460317460316,24.90842490842491,246.02083333333337,3.113120737943706,249.1339540712771,0.18749633461177842,0.0,67.98611111111111,0.0,2278.0,148.4907403986913,491.1238242975971,90.08059330641144,77.41935483870968,28.680555555555557,1.0633680555555556,18.46873034324225,3.953026112150485,18.331178431212066
energy_starved,process_all,19,399.71959857615076,3285.854240723272,12.164860924815876,807.0,36.926889714993806,14.49814126394052,22.428748451053284,0.0,0.0,22.55266418835192,40.520446096654275,61.71003717472119,5.8240396530359355,284.6527777777778,0.9151196802228808,285.5678974580007,0.7144205549971226,0.0,80.69444444444444,0.0,4795.0,78.75749976356302,177.24756895936,76.08071833367018,20.689655172413794,33.333333333333336,0.9693287037037037,5.565746589967607,21.01130155075906,52.62202702969339
energy_starved,value_aware,0,1488.236109959342,3565.8112587772926,41.73625584629665,784.0,80.61224489795919,65.3061224489796,15.306122448979592,11.607142857142858,0.0,0.0,7.780612244897959,32.78061224489796,50.12755102040816,169.65972222222223,15.24303471755605,184.90275693977827,0.1242428910993362,26.13995222386346,3.576388888888889,20.91327172591061,0.0,171.9146025389517,476.6292914588712,107.9825748025055,70.73170731707317,20.03472222222222,0.28501157407407407,100.0,25.600117670853244,45.672152762988574
energy_starved,value_aware,1,1287.5025258528156,3027.9408298358308,42.52072937378441,778.0,73.90745501285348,59.768637532133674,14.138817480719794,9.768637532133676,0.0,0.0,16.323907455012854,29.177377892030847,49.3573264781491,143.82638888888889,15.427436408865256,159.25382529775413,0.12369204883094706,47.63657407407683,0.0,28.539230257809372,0.0,152.19113385898115,453.1688408397235,94.57375822640576,70.96774193548387,16.979166666666668,0.25028935185185186,99.42216451085292,19.850168380548237,33.230276225734514
energy_starved,value_aware,2,1265.3866988408927,2808.1618069140122,45.061032299683276,776.0,69.71649484536083,56.829896907216494,12.88659793814433,13.402061855670103,0.0,0.0,16.88144329896907,23.969072164948454,50.25773195876289,137.2638888888889,15.954600449962495,153.2184893388514,0.12108432108477285,31.90319971134146,0.0,43.13959083435279,0.0,135.52215515257768,391.80282000843664,57.319384495215395,72.72727272727273,16.25,0.15914351851851852,99.06391760266942,20.95935947273844,37.512742758435564
energy_starved,value_aware,3,1220.953413239814,3268.694270065943,37.35294011498917,796.0,64.07035175879398,51.381909547738694,12.688442211055277,21.35678391959799,0.0,0.0,14.57286432160804,30.527638190954775,38.94472361809045,160.15972222222226,13.97727448373433,174.1369967059566,0.14262378467322687,24.718698280044194,5.0,31.923450992687535,0.0,170.1804149171538,497.9616515967763,80.0508981469221,56.666666666666664,18.88888888888889,0.31105324074074076,90.435288635476,24.397450463868555,62.52901691122038
energy_starved,value_aware,4,1201.181751302419,2724.9994455309497,44.080073237166324,808.0,71.2871287128713,58.78712871287129,12.5,16.336633663366335,0.0,0.0,12.376237623762377,22.64851485148515,52.103960396039604,126.70833333333336,17.59405651578076,144.30238984911412,0.12013368475890492,51.867606579912724,0.0,33.58927681756007,0.0,141.33899996626138,367.9660513834939,100.05462627487935,72.72727272727273,15.0,0.14756944444444445,100.0,22.939458955838553,38.47256967544905
energy_starved,value_aware,5,1355.645488744372,3497.893243708397,38.75605669734916,835.0,66.58682634730539,54.25149700598802,12.335329341317365,18.562874251497007,0.0,0.0,14.850299401197605,28.263473053892216,43.11377245508982,181.29166666666669,16.247469305117274,197.53913597178396,0.14571592471033779,24.48106967665779,8.26388888888889,8.072222222222592,0.0,140.83642840601516,324.35052893644587,90.55423306277739,48.275862068965516,21.458333333333332,0.2170138888888889,100.0,35.176430042820805,66.26490382692033
energy_starved,value_aware,6,1360.162305198474,3410.0336237797114,39.88706433020031,767.0,68.70925684485006,54.4980443285528,14.211212516297262,16.949152542372882,0.0,0.0,14.341590612777054,28.94393741851369,43.67666232073012,159.3402777777778,17.310356592490148,176.65063437026794,0.12987467282038168,24.38691196174932,2.7777777777777777,29.2422184526883,0.0,148.1423089255752,376.6515488747232,128.90737386663196,66.66666666666667,18.854166666666668,0.20109953703703703,100.0,25.971691244115423,52.27890976829999
energy_starved,value_aware,7,1423.119382075549,2926.3724551927025,48.63083574854918,769.0,79.32379713914175,64.36931079323797,14.95448634590377,10.533159947984394,0.0,0.0,10.143042912873861,30.039011703511054,50.455136540962286,153.47916666666669,15.030072200732198,168.5092388673989,0.11840836474423988,30.234306953722903,0.0,22.141843627041624,0.0,188.6316616556886,548.9351395224967,71.04543895855974,64.0,18.125,0.2560763888888889,100.0,24.725853521948604,39.57629893116922
energy_starved,value_aware,8,1223.4050593737838,2802.6378202327633,43.651914298087156,753.0,69.45551128818062,55.37848605577689,14.077025232403718,20.185922974767596,0.0,0.0,10.358565737051793,26.56042496679947,45.418326693227094,147.61805555555557,15.408619299896912,163.02667485545248,0.13325649882378274,45.107253993975,0.0,25.01468103559742,0.0,158.62021689546467,491.8477426659,41.29143896631238,50.0,17.46527777777778,0.18952546296296297,100.0,20.129950280965616,34.958287759329785
energy_starved,value_aware,9,1308.221723984491,2629.337667287438,49.75480100028845,747.0,83.80187416331995,70.01338688085676,13.788487282463185,11.646586345381525,0.0,0.0,4.551539491298527,25.167336010709505,59.17001338688085,126.10416666666669,16.626782892265098,142.7309495589318,0.10910302660638578,53.9262687251293,0.0,33.62162253933327,0.0,180.80200951259573,475.69353599920044,114.49979131950663,76.92307692307692,14.895833333333334,0.20399305555555555,99.65992073699223,20.103721056549645,33.17921343582401
energy_starved,value_aware,10,1584.0557833366013,3261.647398143676,48.56612594721752,774.0,83.59173126614986,68.21705426356588,15.37467700258398,11.24031007751938,0.0,0.0,5.167958656330749,31.65374677002584,52.97157622739018,179.9652777777778,17.43830554950087,197.40358332727868,0.12461908564323063,26.225509269353235,3.854166666666667,8.361111111111462,0.0,178.26272938929432,442.03408416510973,131.92507542605225,78.57142857142857,21.28472222222222,0.24450231481481483,100.0,28.714782739870458,45.886979693443735
energy_starved,value_aware,11,1117.1681943854062,2948.8212247765814,37.885246653772604,775.0,65.16129032258064,52.25806451612903,12.903225806451612,11.741935483870968,0.0,0.0,23.096774193548388,27.483870967741936,42.83870967741935,163.5625,14.797421928186456,178.35992192818645,0.15965359811045154,24.536483488088585,7.881944444444445,27.38624353451967,0.0,162.27879400171338,476.4638547256558,101.02125721338275,57.142857142857146,19.375,0.16927083333333334,98.83900926312846,27.61615228164998,55.27903026297142
energy_starved,value_aware,12,1064.4509133332224,2813.6630100289367,37.83149970480208,738.0,66.80216802168022,52.710027100271006,14.092140921409214,16.124661246612465,0.0,0.0,17.073170731707318,27.642276422764226,44.3089430894309,138.29861111111111,15.822942636629634,154.12155374774073,0.14478972380710764,43.35693224648322,0.0,29.1603906967117,0.0,144.3096981537068,450.264118756214,126.13257576992702,55.55555555555556,16.354166666666668,0.19241898148148148,100.0,22.697890739285878,42.84324512209764
energy_starved,value_aware,13,1201.197085253377,3086.893770494354,38.91280926913821,812.0,66.7487684729064,53.44827586206897,13.300492610837438,19.704433497536947,0.0,0.0,13.54679802955665,24.261083743842363,46.05911330049261,159.09027777777777,16.89300539044975,175.98328316822753,0.1465065852462555,36.63143489625011,0.0,13.68333333333429,0.0,132.40079654018245,353.5741685263351,100.92672514182307,50.0,18.854166666666668,0.1490162037037037,99.45830555985623,25.176685713058635,40.79691043398947
energy_starved,value_aware,14,1378.9403701548556,3159.553502300217,43.643520173054824,752.0,83.11170212765957,66.62234042553192,16.48936170212766,4.787234042553192,0.0,0.0,12.101063829787234,32.84574468085106,52.659574468085104,174.83333333333334,16.637933612158665,191.471266945492,0.13885391354811788,24.883992128373027,7.222222222222221,14.277777777778795,0.0,180.99384701621096,437.0197233078298,111.21645816604665,84.61538461538461,20.65972222222222,0.2690972222222222,100.0,31.316043400914925,49.98417508238798
energy_starved,value_aware,15,958.8981537455962,2341.495585981719,40.952379303485166,776.0,76.15979381443299,59.922680412371136,16.237113402061855,1.288659793814433,0.0,0.0,22.551546391752577,25.9020618556701,55.28350515463917,124.75694444444446,17.861499582589445,142.6184440270339,0.14873158684261245,47.525462962966806,0.0,49.91627819519579,0.0,148.9762643013764,342.0934969951042,135.529421610446,68.75,14.722222222222221,0.2271412037037037,100.0,25.45238707704416,41.37259442407998
energy_starved,value_aware,16,1309.5843322371488,2912.442900275749,44.96515046228573,768.0,78.125,66.14583333333333,11.979166666666666,16.276041666666668,0.0,0.0,5.598958333333333,24.088541666666668,54.427083333333336,129.16666666666669,17.039839834047353,146.20650650071403,0.11164344510059236,52.05943489734106,0.0,25.226826832628795,0.0,182.60346558566872,569.8670731029667,109.00905583294649,68.75,15.277777777777779,0.1736111111111111,100.0,22.461202972177873,38.21344224851213
energy_starved,value_aware,17,1366.4169547212691,3076.19731981379,44.419028191728025,781.0,80.92189500640205,65.30089628681178,15.620998719590268,11.139564660691422,0.0,0.0,7.9385403329065305,29.833546734955185,52.752880921895006,158.41666666666669,15.757400269472903,174.17406693613958,0.12746772962259442,39.16103063548748,0.0,11.558333333333678,0.0,164.2522749281767,380.5746813909345,145.63204731556763,80.0,18.71527777777778,0.2517361111111111,100.0,20.59222094846189,34.815744029662106
energy_starved,value_aware,18,1430.4501027086528,3142.1940998029672,45.5239255524778,819.0,75.21367521367522,63.24786324786325,11.965811965811966,18.07081807081807,0.0,0.0,6.715506715506716,26.373626373626372,50.91575091575091,151.8125,16.856170836252446,168.66867083625243,0.1179130055056566,27.05660156559536,1.4583333333333333,21.99920713689717,0.0,171.2265834685547,545.6297343433353,88.60610850876331,77.41935483870968,17.95138888888889,0.2126736111111111,100.0,23.244417923359844,36.46267642253971
energy_starved,value_aware,19,1343.0070828658647,3285.854240723272,40.872387649497384,807.0,75.46468401486989,60.84262701363073,14.622057001239158,14.49814126394052,0.0,0.0,10.037174721189592,29.615861214374224,47.95539033457249,182.95833333333334,16.333927384017066,199.29226071735042,0.14839256118595995,21.776787693310585,13.29861111111111,6.891666666667014,0.0,177.7944623796617,483.504328055383,119.99124782713687,65.51724137931035,21.666666666666668,0.1996527777777778,99.34274456454692,36.14599032605692,68.0625370901004
event_surge,bent_pipe,0,266.16148691699414,7585.55971920315,3.508791661651488,1118.0,19.23076923076923,19.23076923076923,0.0,0.0,13.059033989266547,35.24150268336315,32.46869409660108,0.0,19.23076923076923,0.0,15.24303471755605,15.24303471755605,0.057269873617401997,80.39583333333333,0.0,359.0902986157663,0.0,499.5294306804626,938.8898221240928,329.3268823291129,14.942528735632184,0.0,0.0,100.0,80.44853760152662,99.98961092709993
event_surge,bent_pipe,1,296.4669324932322,8487.727611665385,3.49288933454666,1204.0,16.44518272425249,16.44518272425249,0.0,0.0,13.455149501661129,40.4485049833887,29.651162790697676,0.0,16.44518272425249,0.0,15.517099717921752,15.517099717921752,0.05234006905062162,80.39583333333333,0.0,358.8162336154006,0.0,464.2090809828873,849.5767319876084,280.6546565579372,12.322274881516588,0.0,0.0,100.0,80.11508341130998,99.99974759188164
event_surge,bent_pipe,2,442.05729540550647,6839.5242563927095,6.463275497448935,1118.0,17.88908765652952,17.88908765652952,0.0,0.0,9.570661896243292,40.96601073345259,31.5742397137746,0.0,17.88908765652952,0.0,16.105359888909316,16.105359888909316,0.036432743122439826,80.34283783570866,0.0,358.22797344441307,0.0,298.3101737123221,653.5889337120569,165.35646213774677,10.759493670886076,0.0,0.0,100.0,72.12014932124019,99.9960780623143
event_surge,bent_pipe,3,642.9614765518049,7689.448029797223,8.36160767405252,1158.0,19.94818652849741,19.94818652849741,0.0,0.0,12.26252158894646,37.13298791018998,30.65630397236615,0.0,19.94818652849741,0.0,15.053136459472757,15.053136459472757,0.023412190323131885,80.39583333333333,0.0,359.2801968738496,0.0,220.067694621339,680.1767420317626,81.00253399796688,13.541666666666666,0.0,0.0,97.39629440387984,71.18714840312056,99.99870561957896
event_surge,bent_pipe,4,336.0033648248438,7921.263852268599,4.241789834189333,1148.0,18.72822299651568,18.72822299651568,0.0,0.0,12.020905923344948,40.940766550522646,28.310104529616726,0.0,18.72822299651568,0.0,17.59405651578076,17.59405651578076,0.05236273906052226,80.39583333333333,0.0,356.73927681754157,0.0,456.98272621569436,607.8078370067844,358.8278214845949,4.371584699453552,0.0,0.0,100.0,79.94597081271651,99.99955789637545
event_surge,bent_pipe,5,289.43465000179367,7743.281885927445,3.737880840006729,1168.0,11.558219178082192,11.558219178082192,0.0,0.0,13.527397260273972,45.54794520547945,29.366438356164384,0.0,11.558219178082192,0.0,16.247469305117274,16.247469305117274,0.05613519081083273,79.79303980822445,0.0,358.0858640282051,0.0,547.7210049671071,668.6922618230172,373.33862931012635,1.6574585635359116,0.0,0.0,100.0,85.09047731739533,99.99974237710316
event_surge,bent_pipe,6,367.08764327466827,6849.718787566753,5.359163706705542,1072.0,22.388059701492537,22.388059701492537,0.0,0.0,8.302238805970148,36.473880597014926,32.83582089552239,0.0,22.388059701492537,0.0,17.310356592490148,17.310356592490148,0.04715592286918226,80.39583333333333,0.0,357.0229767408322,0.0,374.1351002694644,681.1489277133619,262.2041761877421,11.920529801324504,0.0,0.0,100.0,71.15575086876672,99.99895365490025
event_surge,bent_pipe,7,233.05634196431905,8272.109646299994,2.8173749131645285,1174.0,18.398637137989777,18.398637137989777,0.0,0.0,14.395229982964224,36.20102214650767,31.00511073253833,0.0,18.398637137989777,0.0,15.030072200732198,15.030072200732198,0.06449115297207103,80.1655238495909,0.0,359.30326113259014,0.0,478.96652092382783,947.2175670284713,293.4144038482513,8.121827411167512,0.0,0.0,100.0,77.1920970270003,99.99916835208049
event_surge,bent_pipe,8,357.1215975199516,7685.071479130712,4.646952191527919,1105.0,17.737556561085974,17.737556561085974,0.0,0.0,11.040723981900452,39.00452488687783,32.217194570135746,0.0,17.737556561085974,0.0,15.408619299896912,15.408619299896912,0.0431467024310566,80.39583333333333,0.0,358.9247140334255,0.0,342.88138593478146,735.1925364259274,185.80865390799866,10.0,0.0,0.0,100.0,72.91156410884184,99.99880976665587
event_surge,bent_pipe,9,300.1638859369487,7617.751909098469,3.940321101537054,1055.0,17.251184834123222,17.251184834123222,0.0,0.0,12.890995260663507,39.62085308056872,30.23696682464455,0.0,17.251184834123222,0.0,16.683520084411917,16.683520084411917,0.055581370264897206,80.07396427171409,0.0,357.6498132489104,0.0,568.072700019194,953.4608592413704,350.74218825420763,7.222222222222222,0.0,0.0,100.0,78.38816292410091,99.99874204294794
event_surge,bent_pipe,10,290.81733778249463,7834.6655728532905,3.7119304592931397,1156.0,12.197231833910035,12.197231833910035,0.0,0.0,12.629757785467127,44.29065743944636,30.88235294117647,0.0,12.197231833910035,0.0,17.43830554950087,17.43830554950087,0.05996308776660064,80.39583333333333,0.0,356.89502778382143,0.0,746.5783950048841,975.1887978186717,nan,0.0,0.0,0.0,100.0,84.93314391521857,99.99931413740596
event_surge,bent_pipe,11,615.7942062417044,7249.792492438669,8.4939563012867,1137.0,18.46965699208443,18.46965699208443,0.0,0.0,9.850483729111698,39.489885664028144,32.189973614775724,0.0,18.46965699208443,0.0,14.971236598287696,14.971236598287696,0.024312077714500873,80.39583333333333,0.0,359.3620967350347,0.0,289.69756784706493,628.3969127561711,97.37225347541128,13.77245508982036,0.0,0.0,99.99999999999999,70.39973716078659,99.99854781547108
event_surge,bent_pipe,12,416.6743227535736,6992.972080477944,5.958472563000645,1117.0,20.948970456580124,20.948970456580124,0.0,0.0,10.384959713518352,36.436884512085946,32.22918531781558,0.0,20.948970456580124,0.0,15.822942636629634,15.822942636629634,0.037974364563826316,80.39583333333333,0.0,358.51039069669275,0.0,277.2947044951172,608.4592056027138,147.2679769518538,13.836477987421384,0.0,0.0,100.0,71.89556470875618,99.99965806484857
event_surge,bent_pipe,13,274.6796688019455,8291.38410577952,3.3128325174379474,1201.0,11.656952539550375,11.656952539550375,0.0,0.0,11.490424646128227,46.54454621149043,30.308076602830972,0.0,11.656952539550375,0.0,16.985012257506405,16.985012257506405,0.061835709688995016,80.39583333333333,0.0,357.348321075816,0.0,489.5095968613881,633.2253674785975,374.5291207816157,3.4313725490196076,0.0,0.0,100.0,83.84621128245952,99.99823288947393
event_surge,bent_pipe,14,226.50078607670562,7987.521370628323,2.835683005614148,1155.0,11.86147186147186,11.86147186147186,0.0,0.0,13.506493506493506,43.54978354978355,31.082251082251084,0.0,11.86147186147186,0.0,16.637933612158665,16.637933612158665,0.07345640560613395,80.18781096244759,0.0,357.69539972116365,0.0,672.7482680017097,962.8438105255966,367.5382734252637,1.6483516483516483,0.0,0.0,100.0,86.53917283632369,99.99746794355636
event_surge,bent_pipe,15,302.47639378364505,7361.344769164905,4.108982845779127,1177.0,18.606627017841973,18.606627017841973,0.0,0.0,13.678844519966015,35.853865760407814,31.860662701784197,0.0,18.606627017841973,0.0,17.861499582589445,17.861499582589445,0.05905088777065161,80.39583333333333,0.0,356.4718337507329,0.0,484.7661332848002,802.4491394842958,348.6973550348063,10.112359550561798,0.0,0.0,100.0,84.54328606275185,99.9994465184975
event_surge,bent_pipe,16,297.37844370370635,8028.442437545546,3.704061479135682,1151.0,21.372719374456995,21.372719374456995,0.0,0.0,9.556907037358819,37.61946133796698,31.450912250217204,0.0,21.372719374456995,0.0,17.039839834047353,17.039839834047353,0.05730018498255722,80.39583333333333,0.0,357.293493499275,0.0,493.9333029065255,939.684508092208,285.51035718069124,14.925373134328359,0.0,0.0,100.0,76.19133327695556,99.99970538049786
event_surge,bent_pipe,17,237.7323818368575,8039.355028129741,2.9571076411606505,1164.0,17.52577319587629,17.52577319587629,0.0,0.0,13.487972508591065,36.855670103092784,32.13058419243986,0.0,17.52577319587629,0.0,15.757400269472903,15.757400269472903,0.06628209479803357,80.39583333333333,0.0,358.57593306384945,0.0,511.84817935203677,853.9811999920914,364.5075958936825,6.030150753768845,0.0,0.0,100.0,80.12870375232504,99.9988252984804
event_surge,bent_pipe,18,344.05877725836734,7352.486253787173,4.679488888281117,1130.0,21.061946902654867,21.061946902654867,0.0,0.0,9.469026548672566,38.584070796460175,30.884955752212388,0.0,21.061946902654867,0.0,16.856170836252446,16.856170836252446,0.048992125620427,79.84204780117813,0.0,357.4771624970699,0.0,420.624095393006,842.9393345918915,233.0518330836211,15.976331360946746,0.0,0.0,100.0,75.42543236858651,99.99965220259854
event_surge,bent_pipe,19,312.7348753254976,8019.742933437865,3.899562341600343,1189.0,16.063919259882255,16.063919259882255,0.0,0.0,11.774600504625736,41.37931034482759,30.782169890664424,0.0,16.063919259882255,0.0,16.44199327853708,16.44199327853708,0.05257486316939896,80.39583333333333,0.0,357.8913400547853,0.0,486.764112044044,887.6743384981332,248.0307283904625,9.895833333333334,0.0,0.0,100.0,82.11362537418583,99.99531475339583
event_surge,priority_rules,0,2655.9543358922406,7585.55971920315,35.01329413001107,1118.0,84.88372093023256,52.50447227191413,32.379248658318424,0.0,0.0,5.813953488372093,9.30232558139535,77.54919499105546,16.457960644007155,274.7430555555556,3.379759306666724,278.1228148622223,0.10471671560903918,79.19987278648782,0.0,100.8632962488759,0.0,141.9452855594572,429.68846298636976,112.95396897040449,70.6896551724138,31.493055555555557,2.1252893518518516,22.172483165534693,3.1216640344331283,14.282094340683528
event_surge,priority_rules,1,3004.9892619836564,8487.727611665385,35.403931410966244,1204.0,81.22923588039868,50.91362126245847,30.3156146179402,0.0,0.0,3.0730897009966776,15.69767441860465,74.00332225913621,18.18936877076412,258.30555555555554,4.082254336534287,262.3878098920898,0.08731738685777603,80.39583333333333,0.0,114.82746788567536,0.0,125.28132823053161,348.53826742101313,106.18144389035064,68.24644549763033,29.479166666666668,2.225115740740741,26.308101454161665,3.0306696914309934,14.231607115930384
event_surge,priority_rules,2,2029.261991464209,6839.5242563927095,29.669636591573095,1118.0,74.4186046511628,40.69767441860465,33.72093023255814,0.0,0.0,5.545617173524151,20.03577817531306,73.7030411449016,15.921288014311271,249.28472222222223,2.6179984789631185,251.90272070118536,0.12413513965213806,79.21874999999848,0.0,133.3333904099143,0.0,112.8229697217861,348.1069045223246,109.83169824121767,58.860759493670884,28.506944444444443,2.0471643518518516,16.255448478155145,2.95492973478908,13.430483597536
event_surge,priority_rules,3,2254.3961138649,7689.448029797223,29.318048644440225,1158.0,74.87046632124353,39.637305699481864,35.233160621761655,0.0,0.0,7.68566493955095,17.443868739205527,76.94300518134715,13.12607944732297,237.20833333333334,2.7018441433986538,239.910177476732,0.10641882143126741,80.39583333333333,0.0,138.88148918992246,0.0,131.55912052350905,452.8907328341912,106.49183603909256,55.208333333333336,26.944444444444443,2.265625,17.481380596816212,2.8019602304468045,11.671173122519324
event_surge,priority_rules,4,2687.5127560060923,7921.263852268599,33.92782775739008,1148.0,76.82926829268293,45.99303135888502,30.83623693379791,0.0,0.0,4.529616724738676,18.641114982578397,74.39024390243902,16.72473867595819,267.86805555555554,3.7779089330213433,271.6459644885769,0.10107708842739391,79.5659722222219,0.0,104.76375773363245,0.0,113.97180512766273,327.4593420795829,95.36344046221438,63.387978142076506,30.694444444444443,2.0905671296296298,21.472642932758554,2.854732620786586,11.709555135379455
event_surge,priority_rules,5,2397.107414564131,7743.281885927445,30.95725365391395,1168.0,76.96917808219177,45.54794520547945,31.421232876712327,0.0,0.0,4.366438356164384,18.664383561643834,73.20205479452055,17.551369863013697,285.5625,2.7803926175096643,288.3428926175097,0.12028784812295924,75.58159722222106,0.0,91.84460738247746,0.0,110.13847027801079,312.8796925284504,115.63090119762872,62.430939226519335,32.8125,2.0703125,17.11277347441399,3.071984211501544,15.043365763194334
event_surge,priority_rules,6,2065.3965393950425,6849.718787566753,30.153012166631438,1072.0,78.63805970149254,46.735074626865675,31.902985074626866,0.0,0.0,2.332089552238806,19.029850746268657,73.32089552238806,19.21641791044776,230.47222222222226,3.152950062793146,233.6251722850154,0.1131139555184132,80.39583333333333,0.0,144.7498277149724,0.0,126.92057822955148,352.1788633635902,120.2789745233462,62.913907284768214,26.319444444444443,1.9560185185185186,18.214240971563857,2.9273127316205905,9.423564755896024
event_surge,priority_rules,7,2890.8217548406515,8272.109646299994,34.946608283095934,1174.0,83.73083475298127,51.53321976149915,32.19761499148211,0.0,0.0,8.517887563884157,7.751277683134583,75.46848381601363,17.632027257240203,271.44444444444446,4.155477022476253,275.5999214669207,0.09533618633021267,78.31597222222071,0.0,108.67091186640118,0.0,147.12354029218082,525.4339277502368,98.20723911337745,62.43654822335025,31.07638888888889,2.1672453703703702,27.647751567512877,3.42324496003829,15.408443156719724
event_surge,priority_rules,8,2116.5530733395813,7685.071479130712,27.541098076800097,1105.0,75.20361990950227,44.07239819004525,31.131221719457013,0.0,0.0,5.429864253393665,19.36651583710407,74.47963800904978,16.199095022624434,273.1388888888889,3.59094065655711,276.729829545446,0.13074551875460924,72.89062499999855,0.0,102.20767045454302,0.0,126.01569079343896,396.08023701413896,113.33285351495219,55.294117647058826,31.354166666666668,2.0341435185185186,23.30475292215918,2.933744829552354,16.223958581071567
event_surge,priority_rules,9,2773.1873186029616,7617.751909098469,36.4042745378821,1055.0,89.0995260663507,58.95734597156398,30.14218009478673,0.0,0.0,4.170616113744076,6.729857819905213,74.31279620853081,20.9478672985782,280.0625,3.659158085007464,283.72165808500745,0.10230886899769066,76.23440454418093,0.0,92.64639747053539,0.0,145.75142484245887,384.2839541561161,133.78904038393085,78.33333333333333,32.25694444444444,1.8967013888888888,21.932769981955804,3.422359996484881,13.850727272865711
event_surge,priority_rules,10,2786.141735011297,7834.6655728532905,35.56171873711028,1156.0,88.92733564013841,57.61245674740484,31.314878892733564,0.0,0.0,5.017301038062284,6.055363321799308,75.08650519031141,19.80968858131488,282.33333333333337,5.351439111370012,287.68477244470336,0.1032556128891759,79.02273967303927,0.0,93.64856088861734,0.0,149.720931286454,376.85761054613306,147.05317097959792,78.45303867403315,32.395833333333336,2.126736111111111,30.68783888537372,3.2247251685257994,13.183592925640099
event_surge,priority_rules,11,2202.2347418895706,7249.792492438669,30.376521040932413,1137.0,73.35092348284961,40.19349164467898,33.15743183817062,0.0,0.0,8.003518029903255,18.645558487247143,75.81354441512752,12.576956904133684,247.22916666666669,2.982614055632768,250.21178072229947,0.11361721616816003,78.1076388888886,0.0,127.92016372213293,0.0,126.73543798314503,411.3376259732857,105.75399900969904,54.49101796407186,28.194444444444443,2.165798611111111,19.922295904226765,3.0726473772054823,11.913241854429494
event_surge,priority_rules,12,2107.8681520188916,6992.972080477944,30.1426650608739,1117.0,72.87376902417189,39.74932855863921,33.12444046553268,0.0,0.0,6.445837063563116,20.680393912264996,73.8585496866607,14.68218442256043,248.75694444444446,3.024515933611645,251.7814603780561,0.11944839155945439,79.99999999999969,0.0,123.78103962193147,0.0,114.62353316708644,368.32658329003436,100.69214564718848,53.459119496855344,28.4375,2.058738425925926,19.11475003777099,3.221279705630006,16.353703476424723
event_surge,priority_rules,13,2998.00067746208,8291.38410577952,36.15802427211543,1201.0,76.43630308076602,43.88009991673605,32.556203164029974,0.0,0.0,4.6627810158201495,18.90091590341382,75.77019150707744,14.904246461282264,289.77083333333337,3.5332702644059752,293.30410359773936,0.09783323459620838,73.51742610467313,0.0,84.62645195780374,0.0,95.6753001309447,304.96555820909435,90.26246817082637,68.62745098039215,33.229166666666664,2.2178819444444446,20.802282688047356,3.169640550212248,11.367054636568911
event_surge,priority_rules,14,3167.495494969093,7987.521370628323,39.65554955028469,1155.0,88.65800865800865,56.45021645021645,32.20779220779221,0.0,0.0,2.4242424242424243,8.917748917748918,76.45021645021644,19.22077922077922,293.2986111111111,3.9106019565337293,297.20921306764484,0.0938309820928553,74.62673611110995,0.0,82.6102313767871,0.0,144.93569617333733,358.09454906331985,114.56511559595072,80.21978021978022,33.71527777777778,2.1021412037037037,23.504132470368436,3.566415989442534,14.579718099509085
event_surge,priority_rules,15,2483.676968877315,7361.344769164905,33.7394463479133,1177.0,83.68734069668649,50.29736618521665,33.38997451146984,0.0,0.0,0.42480883602378927,15.88785046728972,75.36108751062022,18.181818181818183,268.8541666666667,3.582951729395777,272.4371183960625,0.10969104348509982,79.25347222222192,0.0,105.66704827059166,0.0,125.48931856528364,302.5117364118481,129.22887697512863,77.52808988764045,30.729166666666668,2.2352430555555554,20.05963560242316,2.357157533370646,10.56129915652093
event_surge,priority_rules,16,2909.096832446594,8028.442437545546,36.23488435119132,1151.0,83.57949609035622,53.60556038227628,29.97393570807993,0.0,0.0,8.601216333622936,7.819287576020852,72.63249348392702,18.766290182450042,249.16666666666669,3.8897610620243395,253.05642772869103,0.0869879699108767,80.39583333333333,0.0,124.04773893796325,0.0,138.88662315464862,428.7248502707796,106.8927538821846,71.64179104477611,28.47222222222222,2.0833333333333335,22.827450844063666,2.90997476235365,15.059246649369276
event_surge,priority_rules,17,2825.647804619433,8039.355028129741,35.147692753118605,1164.0,85.91065292096219,52.66323024054983,33.24742268041237,0.0,0.0,2.0618556701030926,12.027491408934708,74.65635738831615,18.127147766323024,245.18055555555554,3.321762678961189,248.50231823451674,0.087945255536893,80.02604166666634,0.0,129.99073732102653,0.0,138.52054890062476,347.6236304534106,122.25632487316778,77.38693467336684,27.95138888888889,2.1643518518518516,21.080651770942826,2.473563812569869,10.952453918515616
event_surge,priority_rules,18,2452.238391873836,7352.486253787173,33.35250563182922,1130.0,80.17699115044248,46.991150442477874,33.1858407079646,0.0,0.0,6.902654867256637,12.920353982300885,73.1858407079646,17.345132743362832,248.84722222222223,3.014132990338479,251.8613552125607,0.10270671727804782,80.39583333333333,0.0,129.21503367631567,0.0,137.925508203885,494.6994580322605,99.30515854739623,63.905325443786985,28.47222222222222,2.0167824074074074,17.881481029226425,3.1287132264271826,13.394857156218146
event_surge,priority_rules,19,2773.287039453214,8019.742933437865,34.58074731909611,1189.0,80.57190916736754,48.02354920100925,32.548359966358284,0.0,0.0,6.812447434819176,12.615643397813288,76.03027754415476,15.979814970563499,289.92361111111114,3.5617354912227546,293.4853466023339,0.10582580974387633,77.79363098155063,0.0,84.58409784209783,0.0,140.02617772820815,448.8215814185713,104.4793140971182,65.10416666666667,33.263888888888886,2.188946759259259,21.66243125687288,3.6320058869161698,12.757643134676167
event_surge,process_all,0,2627.2280249827636,7585.55971920315,34.63459681599803,1118.0,84.7942754919499,52.41502683363149,32.379248658318424,0.0,0.0,5.813953488372093,9.391771019677996,77.54919499105546,16.457960644007155,274.7430555555556,3.378113141776284,278.1211686973319,0.10586106955796368,79.19987278648782,0.0,100.8649424137664,0.0,142.6917708021533,428.4731727715449,114.57057669338016,70.6896551724138,31.493055555555557,2.1252893518518516,22.161683709121046,3.121966269207274,14.282094340683528
event_surge,process_all,1,2945.289543742046,8487.727611665385,34.7005662586779,1204.0,81.22923588039868,50.83056478405316,30.398671096345517,0.0,0.0,3.0730897009966776,15.69767441860465,74.33554817275747,17.857142857142858,263.2638888888889,3.187613644446782,266.4515025333357,0.09046699775221557,80.39583333333333,0.0,110.76377524442955,0.0,125.40341327044825,348.01594563582705,108.0285000484235,68.24644549763033,30.069444444444443,2.225115740740741,20.542586581210085,2.856766567333761,13.468718179693415
event_surge,process_all,2,2004.4558248156713,6839.5242563927095,29.30694811034793,1118.0,74.32915921288014,40.608228980322004,33.72093023255814,0.0,0.0,5.545617173524151,20.125223613595708,73.79248658318426,15.831842576028622,250.15972222222223,2.493963566457924,252.65368578868015,0.12604602339486032,79.21874999999848,0.0,132.58242532241954,0.0,115.30960566309798,350.2638611039359,111.20969419169823,58.860759493670884,28.61111111111111,2.0471643518518516,15.485301686274953,3.0029898732745948,13.451476923862645
event_surge,process_all,3,2191.6560012554282,7689.448029797223,28.50212385547814,1158.0,74.78411053540587,39.37823834196891,35.40587219343696,0.0,0.0,7.772020725388601,17.443868739205527,77.11571675302245,12.953367875647668,238.95833333333334,2.3327169693788257,241.29105030271216,0.11009531156554468,80.39583333333333,0.0,137.5006163639423,0.0,132.749907717918,450.30264873998385,108.97490452508225,54.6875,27.15277777777778,2.265625,15.093066439823144,2.8062079993556814,10.890158774768025
event_surge,process_all,4,2628.0509660216403,7921.263852268599,33.17716736918167,1148.0,76.82926829268293,45.73170731707317,31.097560975609756,0.0,0.0,4.529616724738676,18.641114982578397,74.82578397212544,16.28919860627178,273.7013888888889,2.6817005886934924,276.3830894775824,0.10516656375807386,77.7951388888886,0.0,100.02663274462701,0.0,114.79996735735816,328.33120382499095,97.83041883844255,63.387978142076506,31.38888888888889,2.0905671296296298,15.242082383264915,2.8881992549119704,11.70955513537946
event_surge,process_all,5,2381.78753120554,7743.281885927445,30.75940623489601,1168.0,76.96917808219177,45.54794520547945,31.421232876712327,0.0,0.0,4.366438356164384,18.664383561643834,73.20205479452055,17.551369863013697,285.5625,2.7803926175096643,288.3428926175097,0.12106155097367781,75.58159722222106,0.0,91.84460738247742,0.0,110.51852866900171,312.8647185537177,116.56594065243766,62.430939226519335,32.8125,2.0703125,17.112773474413995,3.071862201738119,15.043365763194329
event_surge,process_all,6,2014.0993596018698,6849.718787566753,29.404117483738982,1072.0,78.54477611940298,46.64179104477612,31.902985074626866,0.0,0.0,2.425373134328358,19.029850746268657,73.60074626865672,18.936567164179106,233.09722222222226,2.7201581638302255,235.8173803860525,0.11708329048506667,80.39583333333333,0.0,142.5576196139353,0.0,127.50865008682,351.11251162336663,122.87908617739419,62.25165562913907,26.631944444444443,1.9560185185185186,15.714050425803057,2.9395181069689764,9.423564755896024
event_surge,process_all,7,2844.4573900494042,8272.109646299994,34.38611807233107,1174.0,83.64565587734242,51.36286201022146,32.28279386712095,0.0,0.0,8.603066439522998,7.751277683134583,75.72402044293015,17.461669505962522,274.65277777777777,3.56057542374251,278.2133532015203,0.09780893683792821,78.31597222222071,0.0,106.05748013180155,0.0,147.20660670275242,521.3309930810667,97.94896006664987,61.92893401015228,31.458333333333332,2.1672453703703702,23.689676111928826,3.463897373976374,15.408443156719729
event_surge,process_all,8,2078.5797953109286,7685.071479130712,27.04698064234589,1105.0,74.93212669683258,43.619909502262445,31.312217194570135,0.0,0.0,5.610859728506787,19.457013574660632,74.84162895927602,15.746606334841628,278.09722222222223,2.7233285107007545,280.820550732923,0.13510212663782575,72.89062499999855,0.0,98.11694926706596,0.0,125.72577446332636,395.74770955580055,112.9440586740437,54.705882352941174,31.944444444444443,2.0341435185185186,17.674059289134195,2.945932099818977,16.22395858107156
event_surge,process_all,9,2711.523343253974,7617.751909098469,35.594797200147624,1055.0,88.90995260663507,58.76777251184834,30.14218009478673,0.0,0.0,4.265402843601896,6.8246445497630335,74.31279620853081,20.9478672985782,280.0625,3.6582094689229097,283.7207094689229,0.10463517128657383,76.23498284944789,0.0,92.64734608661999,0.0,146.25134783409004,382.672392512029,134.7730729558533,77.22222222222223,32.25694444444444,1.8967013888888888,21.927084035106727,3.4200416102039246,12.888758105919441
event_surge,process_all,10,2738.90551426418,7834.6655728532905,34.958805692413286,1156.0,88.840830449827,57.52595155709343,31.314878892733564,0.0,0.0,5.017301038062284,6.141868512110727,75.60553633217994,19.290657439446367,290.5,3.92957541545357,294.42957541545354,0.10749898960810024,78.10950054201656,0.0,86.90375791786711,0.0,150.81297593843655,376.39711261225153,148.81611320562087,78.45303867403315,33.36805555555556,2.126736111111111,22.53415851843498,3.334653451135029,14.08952603994126
event_surge,process_all,11,2180.857386922729,7249.792492438669,30.08165253277666,1137.0,73.26297273526825,40.105540897097626,33.15743183817062,0.0,0.0,8.003518029903255,18.733509234828496,75.98944591029024,12.401055408970976,248.97916666666669,2.677771940939339,251.65693860760604,0.11539357874413941,78.1076388888886,0.0,126.47500583682634,0.0,127.1021121327827,408.2901612455646,107.04440774098607,54.49101796407186,28.40277777777778,2.165798611111111,17.886110631940742,3.1050998951634856,10.944747988034296
event_surge,process_all,12,2090.9050689067953,6992.972080477944,29.900091761325747,1117.0,72.78424350940018,39.57027752909579,33.21396598030439,0.0,0.0,6.5353625783348255,20.680393912264996,74.21665174574754,14.32408236347359,252.25694444444446,2.453946930408608,254.71089137485308,0.1218184867226065,79.99999999999969,0.0,120.85160862513445,0.0,114.31161118425614,366.3391454176377,98.66155385225564,52.83018867924528,28.854166666666668,2.058738425925926,15.508789905663908,3.2332669759700923,15.448211517312206
event_surge,process_all,13,2925.7398737797594,8291.38410577952,35.28650749324674,1201.0,76.35303913405495,43.63030807660283,32.72273105745212,0.0,0.0,4.746044962531224,18.90091590341382,76.01998334721065,14.654454621149043,292.39583333333337,3.087113550213081,295.48294688354645,0.10099426457274632,73.62166672673303,0.0,82.44760867199653,0.0,96.37991457534677,305.5990677024009,92.55435714826633,68.13725490196079,33.541666666666664,2.2178819444444446,18.175515586388542,3.1428001528975487,11.36705463656891
event_surge,process_all,14,3131.063591201298,7987.521370628323,39.199439299340476,1155.0,88.65800865800865,56.45021645021645,32.20779220779221,0.0,0.0,2.4242424242424243,8.917748917748918,76.45021645021644,19.22077922077922,293.2986111111111,3.9106019565337293,297.20921306764484,0.09492276487224403,74.62673611110995,0.0,82.61023137678713,0.0,145.58805401048016,357.2496104066901,116.34594157094064,80.21978021978022,33.71527777777778,2.1021412037037037,23.504132470368436,3.562233756956001,14.579718099509085
event_surge,process_all,15,2458.8782010666514,7361.344769164905,33.402568119976735,1177.0,83.68734069668649,50.12744265080714,33.55989804587936,0.0,0.0,0.42480883602378927,15.88785046728972,75.70093457943925,17.84197111299915,273.8125,2.746013840678231,276.55851384067824,0.11247344977100057,79.25347222222192,0.0,101.54565282597581,0.0,125.85238899274468,301.4579813163752,130.1488239550159,77.52808988764045,31.319444444444443,2.2352430555555554,15.373926629065998,2.380468636256881,10.05929656702669
event_surge,process_all,16,2856.579721713821,8028.442437545546,35.58074612772754,1151.0,83.49261511728932,53.431798436142486,30.06081668114683,0.0,0.0,8.601216333622936,7.90616854908775,72.80625543006082,18.592528236316248,252.375,3.2665225657511243,255.64152256575113,0.08949217157236472,80.39583333333333,0.0,121.46264410090308,0.0,139.68629451326498,425.8353065014026,109.02679176100803,71.64179104477611,28.854166666666668,2.0833333333333335,19.169913552968236,2.9442302580950606,15.059246649369278
event_surge,process_all,17,2800.524711291973,8039.355028129741,34.83519139897322,1164.0,85.82474226804123,52.491408934707906,33.333333333333336,0.0,0.0,2.147766323024055,12.027491408934708,74.74226804123711,17.9553264604811,246.05555555555554,3.162762868645846,249.21831842420139,0.0889898658702529,80.02604166666634,0.0,129.27473713134182,0.0,138.69491044984835,345.9599214761267,123.42397817232663,77.38693467336684,28.055555555555557,2.1643518518518516,20.071603275656614,2.473921906675606,10.95245391851561
event_surge,process_all,18,2429.8311495478233,7352.486253787173,33.04774828101512,1130.0,80.17699115044248,46.991150442477874,33.1858407079646,0.0,0.0,6.902654867256637,12.920353982300885,73.36283185840708,17.256637168141594,249.72222222222223,2.885244873419241,252.60746709564148,0.10396091396830194,80.39583333333333,0.0,128.46892179323493,0.0,138.32357988723996,492.3014746699206,100.75239929769022,63.905325443786985,28.57638888888889,2.0167824074074074,17.1168464145722,3.128403704418613,13.394857156218142
event_surge,process_all,19,2697.640613387909,8019.742933437865,33.63749481470596,1189.0,80.40370058873002,47.77123633305298,32.63246425567704,0.0,0.0,6.812447434819176,12.7838519764508,76.1143818334735,15.895710681244744,290.79861111111114,3.406513775919536,294.2051248870307,0.10906016295385797,77.79363098155065,0.0,83.86431955740107,0.0,141.20063409636853,448.9103702666901,107.18710200883432,64.58333333333333,33.36805555555556,2.188946759259259,20.718374701966972,3.591584988164425,12.757643134676167
event_surge,value_aware,0,2744.234514572898,7585.55971920315,36.17708667727917,1118.0,77.28085867620752,54.91949910554562,22.361359570661897,16.726296958855098,0.0,0.0,5.992844364937389,42.39713774597495,36.314847942754916,182.80555555555557,15.023761857834792,197.82931741339036,0.07208907123747757,72.7610780601249,0.0,180.72623814215314,0.0,167.12115881673782,465.34733047765826,112.98704450175744,70.6896551724138,21.25,0.8969907407407407,98.5614881564974,21.056542818026422,34.38325315891872
event_surge,value_aware,1,3084.144924945882,8487.727611665385,36.33652098716136,1204.0,77.15946843853821,52.57475083056478,24.58471760797342,10.215946843853821,0.0,0.0,12.624584717607974,47.840531561461795,34.053156146179404,172.39583333333334,15.517099717921752,187.9129330512551,0.06092869745884345,79.66145833333172,0.0,190.1148447265108,0.0,147.08598201617878,393.9533499054201,106.41479178638899,68.24644549763033,19.82638888888889,1.2196180555555556,100.0,21.489638611565763,36.175900289612265
event_surge,value_aware,2,2127.185054078048,6839.5242563927095,31.101359894876143,1118.0,65.83184257602862,43.64937388193202,22.182468694096602,18.87298747763864,0.0,0.0,15.295169946332736,40.608228980322004,30.948121645796064,143.93055555555554,16.105359888909316,160.03591544446485,0.07523365921439622,78.76538941965144,0.0,225.2835289999686,0.0,138.6970844646781,358.48479175798633,109.85334871056479,58.860759493670884,16.59722222222222,0.9403935185185185,100.0,24.04823275276158,39.16810717401216
event_surge,value_aware,3,2325.702062538784,7689.448029797223,30.2453707148615,1158.0,60.880829015544045,41.278065630397236,19.602763385146805,29.879101899827287,0.0,0.0,9.24006908462867,36.09671848013817,27.54749568221071,141.67361111111114,14.58734255161793,156.26095366272907,0.0671887238609366,79.11458333333299,0.0,221.73904633725905,0.0,148.9821750906212,479.76300378358246,106.52443920846756,55.208333333333336,16.38888888888889,0.8347800925925926,94.38253041501929,18.393102008954074,33.219565804923676
event_surge,value_aware,4,2755.1575321072796,7921.263852268599,34.781792192393894,1148.0,68.20557491289199,48.86759581881533,19.337979094076655,22.99651567944251,0.0,0.0,8.797909407665506,36.58536585365854,34.58188153310105,160.99305555555557,17.59405651578076,178.58711207133632,0.0648192018024988,80.39583333333333,0.0,198.37122126198486,0.0,141.41677358630452,363.32674462564944,96.39291210354435,63.387978142076506,18.71527777777778,0.7884837962962963,100.0,25.47647439318948,37.89511897487236
event_surge,value_aware,5,2501.6677722495115,7743.281885927445,32.30759010331285,1168.0,67.97945205479452,46.917808219178085,21.061643835616437,23.20205479452055,0.0,0.0,8.818493150684931,38.784246575342465,32.10616438356164,183.31944444444446,16.22485887006723,199.5443033145117,0.07976450971148759,76.73795272171347,0.0,180.91403001880906,0.0,133.17187109469742,330.83125373299777,115.65170847813883,62.430939226519335,21.354166666666668,0.8217592592592593,99.86083718870039,23.167194700037548,38.462431508588985
event_surge,value_aware,6,2122.2589536431956,6849.718787566753,30.983154483588546,1072.0,69.02985074626865,48.041044776119406,20.988805970149254,21.73507462686567,0.0,0.0,9.235074626865671,37.3134328358209,34.701492537313435,123.77083333333334,17.14778628693489,140.91861962026823,0.0664002945438675,80.39583333333333,0.0,236.33138037971992,0.0,149.4837146952078,375.56890490612466,121.57528532588871,62.25165562913907,14.270833333333334,0.8116319444444444,99.06084947073947,20.727452189500074,32.78159454888683
event_surge,value_aware,7,2920.2757904247355,8272.109646299994,35.302672658974444,1174.0,77.85349233390119,53.15161839863714,24.701873935264054,13.969335604770016,0.0,0.0,8.17717206132879,46.33730834752981,34.07155025553663,174.86111111111114,15.030072200732198,189.89118331184335,0.06502508562187029,74.36284722222074,0.0,193.7754833548115,0.0,166.9678227438785,558.9934230932614,96.08615778161399,61.92893401015228,20.17361111111111,1.1255787037037037,100.0,23.42198240811429,40.90506263083581
event_surge,value_aware,8,2206.874846377808,7685.071479130712,28.716386729397552,1105.0,65.15837104072398,45.339366515837106,19.81900452488688,25.429864253393664,0.0,0.0,9.411764705882353,36.56108597285068,31.67420814479638,176.68055555555557,15.408619299896912,192.08917485545248,0.08704126342766227,68.4288194444417,0.0,186.55665847787037,0.0,147.88322261233918,446.6908313999047,111.62983122971995,54.705882352941174,20.625,0.7146990740740741,100.0,21.300119624758917,38.25824165099584
event_surge,value_aware,9,2850.1616408022464,7617.751909098469,37.41473435749566,1055.0,83.98104265402844,60.18957345971564,23.791469194312796,13.364928909952607,0.0,0.0,2.654028436018957,46.540284360189574,38.00947867298578,182.61111111111111,16.683520084411917,199.29463119552304,0.06992397495723322,73.10805888867154,0.0,177.6637021377984,0.0,169.29223865838156,435.78778439015986,134.759953794455,77.77777777777777,21.180555555555557,0.9780092592592593,100.0,22.761957841898944,36.04621735424699
event_surge,value_aware,10,2889.726136804797,7834.6655728532905,36.883847943906474,1156.0,81.66089965397924,58.73702422145329,22.92387543252595,14.792387543252595,0.0,0.0,3.546712802768166,45.24221453287197,37.0242214532872,188.12500000000003,17.43830554950087,205.5633055495009,0.07113591247674238,77.13776221646536,0.0,171.39502778382047,0.0,168.9396575121036,404.66877887116794,147.06801671028842,78.45303867403315,21.805555555555557,1.0329861111111112,100.0,25.274841453307744,42.09789157064565
event_surge,value_aware,11,2292.6804264587627,7249.792492438669,31.624083432042564,1137.0,66.13896218117854,42.39226033421284,23.7467018469657,16.27088830255057,0.0,0.0,17.590149516270888,42.39226033421284,29.11169744942832,152.32638888888889,14.615424967621832,166.94181385651072,0.0728151258805687,77.84722222222194,0.0,213.37763058792194,0.0,151.81862263718725,454.6270371820538,105.77819482650675,54.49101796407186,17.569444444444443,0.9881365740740741,97.62336512197957,20.500443869829727,37.395810609724535
event_surge,value_aware,12,2198.2627024057188,6992.972080477944,31.435313584942495,1117.0,64.36884512085945,41.53983885407341,22.829006266786035,20.590868397493285,0.0,0.0,15.04028648164727,41.27126230975828,29.00626678603402,153.52083333333334,15.46950715135157,168.9903404846849,0.07687449743824816,80.39583333333333,0.0,206.50965951530316,0.0,138.64433145761026,421.6955354352413,97.60834431154593,52.83018867924528,17.743055555555557,0.9331597222222222,97.76631001328495,22.0811318502964,43.91498467484869
event_surge,value_aware,13,3046.3975944623444,8291.38410577952,36.74172557436881,1201.0,68.02664446294754,45.87843463780183,22.148209825145713,22.231473771856788,0.0,0.0,9.74188176519567,41.63197335553705,29.39217318900916,184.09722222222223,16.94165155313292,201.03887377535514,0.06599232947820007,76.99898877980361,0.0,178.28057066907724,0.0,121.26542813440112,349.9844907897809,91.58521187317514,68.13725490196079,21.354166666666668,0.9837962962962963,99.74471196301718,24.45687892205804,42.550338248417376
event_surge,value_aware,14,3221.99502116624,7987.521370628323,40.33785791189423,1155.0,84.32900432900433,57.22943722943723,27.0995670995671,6.666666666666667,0.0,0.0,9.004329004329005,51.86147186147186,35.324675324675326,192.05555555555557,16.637933612158665,208.69348916771423,0.06477151199699095,77.53156096244767,0.0,171.58428861005123,0.0,163.79560402477884,395.60547259301285,114.58133036795877,80.21978021978022,22.15277777777778,1.244212962962963,100.0,25.528731272762446,36.94532046900063
event_surge,value_aware,15,2551.073705168362,7361.344769164905,34.65499559067336,1177.0,81.81818181818181,52.67629566694987,29.141886151231947,1.6142735768903993,0.0,0.0,16.567544604927782,50.12744265080714,37.128292268479186,162.5138888888889,17.861499582589445,180.37538847147835,0.07070567506773554,78.62847222222192,0.0,196.74961152850983,0.0,151.1832523519352,345.238094804901,129.23917875643355,77.52808988764045,18.61111111111111,1.2876157407407407,100.0,26.031851006332325,40.5338215089397
event_surge,value_aware,16,2978.7334146409294,8028.442437545546,37.10225785154395,1151.0,75.93397046046915,55.43006081668115,20.50390964378801,20.156385751520418,0.0,0.0,3.909643788010426,39.96524761077324,36.22936576889661,156.18750000000003,16.83119321056207,173.0186932105621,0.05808465180541126,78.58780987166934,0.0,201.89797345609284,0.0,159.31377397663542,479.108340620807,107.53099467398754,71.64179104477611,18.055555555555557,0.9418402777777778,98.77553647500615,21.83838298324787,41.130767456174524
event_surge,value_aware,17,2905.007644325196,8039.355028129741,36.134834624924025,1164.0,78.95189003436425,54.553264604811,24.398625429553263,16.666666666666668,0.0,0.0,4.381443298969073,44.58762886597938,34.62199312714777,154.3263888888889,15.67132049069334,169.99770937958226,0.05851885096125832,79.28819444444414,0.0,208.12729062040583,0.0,162.047121401028,381.76776227172275,122.26644184154559,77.38693467336684,17.743055555555557,1.1009837962962963,99.4537183970231,21.239597467977685,33.98166499354717
event_surge,value_aware,18,2536.3990080828207,7352.486253787173,34.49716083149905,1130.0,70.0,49.73451327433628,20.265486725663717,24.24778761061947,0.0,0.0,5.752212389380531,38.4070796460177,33.097345132743364,137.8263888888889,16.854625638857122,154.68101452774604,0.06098449574961167,79.66843669006707,0.0,226.36065213890873,0.0,158.95147515686884,503.62080135875715,99.33178693645759,63.905325443786985,15.902777777777779,0.8839699074074074,99.99083304618627,20.99009705880741,39.10156685417906
event_surge,value_aware,19,2828.4594601074427,8019.742933437865,35.26870478995456,1189.0,71.15222876366694,50.04205214465938,21.110176619007568,21.530698065601346,0.0,0.0,7.317073170731708,39.949537426408746,32.548359966358284,188.13194444444446,16.171530526934248,204.3034749713787,0.07223136051722585,75.10579837382156,0.0,174.52985836194247,0.0,162.4190630187104,472.3841538449124,104.73319546069025,65.10416666666667,21.875,0.9129050925925926,98.3550488859773,24.376695471301765,36.87349906129062
nominal,bent_pipe,0,230.57841614613605,3565.8112587772926,6.466366260372423,784.0,21.556122448979593,21.556122448979593,0.0,0.0,16.45408163265306,30.612244897959183,31.377551020408163,0.0,21.556122448979593,0.0,15.24303471755605,15.24303471755605,0.06610781257121358,80.39583333333333,0.0,359.0902986157663,0.0,500.8550448316457,884.3981489425254,321.4373905956974,19.51219512195122,0.0,0.0,100.0,75.04006531111058,99.99898279539528
nominal,bent_pipe,1,281.199618362838,3027.9408298358308,9.286826730299222,778.0,22.750642673521853,22.750642673521853,0.0,0.0,10.025706940874036,31.876606683804628,35.347043701799485,0.0,22.750642673521853,0.0,15.517099717921752,15.517099717921752,0.0551817950830207,80.39583333333333,0.0,358.8162336154006,0.0,417.53293336333587,782.4119756472,261.1848688137157,9.67741935483871,0.0,0.0,100.0,70.67021077965195,99.99909462567867
nominal,bent_pipe,2,469.7800140896898,2808.1618069140122,16.729093492156977,776.0,26.288659793814432,26.288659793814432,0.0,0.0,10.56701030927835,29.123711340206185,34.02061855670103,0.0,26.288659793814432,0.0,16.105359888909316,16.105359888909316,0.034282769393919985,80.34283783570866,0.0,358.22797344441307,0.0,246.2262024073133,535.4243267273408,128.14488619655694,13.636363636363637,0.0,0.0,100.0,61.00794093456043,99.99903433792733
nominal,bent_pipe,3,387.92242389716375,3268.694270065943,11.867809952422922,796.0,22.8643216080402,22.8643216080402,0.0,0.0,15.326633165829145,29.396984924623116,32.41206030150754,0.0,22.8643216080402,0.0,14.026460090250566,14.026460090250566,0.036157899688647306,80.39583333333333,0.0,360.30687324307183,0.0,307.94802593959463,707.5438023241919,65.23704841183232,6.666666666666667,0.0,0.0,90.75352768323764,68.6280044176474,99.99982417335337
nominal,bent_pipe,4,299.5912554080903,2724.9994455309497,10.994176747427439,808.0,25.247524752475247,25.247524752475247,0.0,0.0,8.910891089108912,32.054455445544555,33.78712871287129,0.0,25.247524752475247,0.0,17.59405651578076,17.59405651578076,0.058726869353429204,80.39583333333333,0.0,356.73927681754157,0.0,466.9628187966077,617.692664213282,354.5634768826066,9.090909090909092,0.0,0.0,100.0,73.72329736044104,99.99781679862589
nominal,bent_pipe,5,298.5640331730038,3497.893243708397,8.53553874778843,835.0,14.37125748502994,14.37125748502994,0.0,0.0,17.84431137724551,31.377245508982035,36.40718562874252,0.0,14.37125748502994,0.0,16.247469305117274,16.247469305117274,0.05441870922108904,79.79303980822445,0.0,358.0858640282051,0.0,575.2674903269797,748.4487793902507,nan,0.0,0.0,0.0,100.0,85.38747172776242,99.99996490294807
nominal,bent_pipe,6,335.50183372712854,3410.0336237797114,9.838666439753617,767.0,24.641460234680572,24.641460234680572,0.0,0.0,19.035202086049544,26.597131681877446,29.726205997392437,0.0,24.641460234680572,0.0,17.310356592490148,17.310356592490148,0.05159541573942354,80.39583333333333,0.0,357.0229767408322,0.0,393.1458104518188,697.7201838917197,274.3303465734468,18.181818181818183,0.0,0.0,100.0,72.86574227753613,99.99987380136355
nominal,bent_pipe,7,212.2711298951186,2926.3724551927025,7.253729084226925,769.0,20.93628088426528,20.93628088426528,0.0,0.0,11.443433029908972,30.5591677503251,37.06111833550065,0.0,20.93628088426528,0.0,15.030072200732198,15.030072200732198,0.07080601214191695,80.1655238495909,0.0,359.30326113259014,0.0,563.8797264336035,946.3992767555937,333.0729408807691,4.0,0.0,0.0,100.0,74.09919841961977,99.98206477346423
nominal,bent_pipe,8,363.70603658424915,2802.6378202327633,12.977275692156429,753.0,18.725099601593627,18.725099601593627,0.0,0.0,11.02257636122178,32.13811420982736,38.114209827357236,0.0,18.725099601593627,0.0,15.408619299896912,15.408619299896912,0.04236558580277413,80.39583333333333,0.0,358.9247140334255,0.0,404.4828941788255,777.7369101583082,133.60497073049552,17.857142857142858,0.0,0.0,100.0,71.06325588006676,99.99869253207383
nominal,bent_pipe,9,235.88473989067236,2629.337667287438,8.971260816950277,747.0,28.91566265060241,28.91566265060241,0.0,0.0,7.49665327978581,23.96251673360107,39.62516733601071,0.0,28.91566265060241,0.0,16.683520084411917,16.683520084411917,0.07072742430114122,80.07396427171409,0.0,357.6498132489104,0.0,506.93050498242076,889.3205048978908,362.80793032216366,19.23076923076923,0.0,0.0,100.0,69.30395575319166,99.99625700706588
nominal,bent_pipe,10,236.81828128075023,3261.647398143676,7.260695359514712,774.0,17.441860465116278,17.441860465116278,0.0,0.0,14.082687338501293,33.72093023255814,34.75452196382429,0.0,17.441860465116278,0.0,17.43830554950087,17.43830554950087,0.07363580824584906,80.39583333333333,0.0,356.89502778382143,0.0,772.070576148142,1006.929764480874,nan,0.0,0.0,0.0,100.0,85.11389802303182,99.99672074815135
nominal,bent_pipe,11,367.3402138579705,2948.8212247765814,12.457188342633494,775.0,21.419354838709676,21.419354838709676,0.0,0.0,16.258064516129032,29.419354838709676,32.903225806451616,0.0,21.419354838709676,0.0,14.971236598287696,14.971236598287696,0.040755779066639894,80.39583333333333,0.0,359.3620967350347,0.0,338.2097872077346,640.4579758161647,101.58011377063825,4.761904761904762,0.0,0.0,99.99999999999999,71.23095668702562,99.99987074427239
nominal,bent_pipe,12,335.5617312498143,2813.6630100289367,11.92615213882217,738.0,21.680216802168022,21.680216802168022,0.0,0.0,11.924119241192411,31.43631436314363,34.959349593495936,0.0,21.680216802168022,0.0,15.822942636629634,15.822942636629634,0.047153596978107115,80.39583333333333,0.0,358.51039069669275,0.0,393.7285257534633,694.6145615556638,211.4292110703921,18.51851851851852,0.0,0.0,100.0,72.24040790899768,99.99964237270069
nominal,bent_pipe,13,308.2441794395442,3086.893770494354,9.985577812422747,812.0,14.901477832512315,14.901477832512315,0.0,0.0,12.931034482758621,34.97536945812808,37.19211822660098,0.0,14.901477832512315,0.0,16.985012257506405,16.985012257506405,0.055102458993350326,80.39583333333333,0.0,357.348321075816,0.0,507.70904194573075,605.4684065761289,nan,0.0,0.0,0.0,100.0,81.29352395794957,99.99978009868248
nominal,bent_pipe,14,271.63386955761894,3159.553502300217,8.597223289932078,752.0,19.01595744680851,19.01595744680851,0.0,0.0,16.75531914893617,28.19148936170213,36.037234042553195,0.0,19.01595744680851,0.0,16.637933612158665,16.637933612158665,0.06125132200654907,80.18781096244759,0.0,357.69539972116365,0.0,592.9480772213806,954.4980848551112,374.1863656759291,7.6923076923076925,0.0,0.0,100.0,81.45839794327684,99.99995038334552
nominal,bent_pipe,15,305.94187790978765,2341.495585981719,13.066088176353121,776.0,28.8659793814433,28.8659793814433,0.0,0.0,9.02061855670103,28.737113402061855,33.376288659793815,0.0,28.8659793814433,0.0,17.861499582589445,17.861499582589445,0.05838200283210729,80.39583333333333,0.0,356.4718337507329,0.0,471.15604912243106,685.1301426222685,329.21210348667444,12.5,0.0,0.0,100.0,68.35280533494628,99.99762460128147
nominal,bent_pipe,16,328.9828594338583,2912.442900275749,11.295770275966968,768.0,27.473958333333332,27.473958333333332,0.0,0.0,11.588541666666666,24.088541666666668,36.848958333333336,0.0,27.473958333333332,0.0,17.039839834047353,17.039839834047353,0.05179552473758346,80.39583333333333,0.0,357.293493499275,0.0,504.587590494947,913.1238541752991,284.7643360186656,18.75,0.0,0.0,100.0,71.47618150594559,99.99992005934799
nominal,bent_pipe,17,301.023278951841,3076.19731981379,9.785564697457794,781.0,19.590268886043535,19.590268886043535,0.0,0.0,14.084507042253522,31.49807938540333,34.82714468629962,0.0,19.590268886043535,0.0,15.757400269472903,15.757400269472903,0.052346118626904733,80.39583333333333,0.0,358.57593306384945,0.0,622.2340362445083,920.3543323599783,nan,0.0,0.0,0.0,100.0,78.8688789864505,99.99972487381544
nominal,bent_pipe,18,322.9801648345198,3142.1940998029672,10.278810110895837,819.0,22.954822954822955,22.954822954822955,0.0,0.0,11.965811965811966,31.013431013431013,34.065934065934066,0.0,22.954822954822955,0.0,16.856170836252446,16.856170836252446,0.05218949233272196,79.84204780117813,0.0,357.4771624970699,0.0,434.4708847373856,838.3787305564405,222.37697864349084,22.580645161290324,0.0,0.0,100.0,74.40408320628184,99.99495242926007
nominal,bent_pipe,19,268.0427583370811,3285.854240723272,8.157475612128199,807.0,18.21561338289963,18.21561338289963,0.0,0.0,19.206939281288722,28.748451053283766,33.82899628252788,0.0,18.21561338289963,0.0,16.44199327853708,16.44199327853708,0.0613409344857592,80.39583333333333,0.0,357.8913400547853,0.0,541.6524469234568,915.584382488537,297.0953397955424,6.896551724137931,0.0,0.0,100.0,82.16839988631315,99.99982987311475
nominal,priority_rules,0,1468.910845430401,3565.8112587772926,41.19429601930437,784.0,85.0765306122449,63.64795918367347,21.428571428571427,0.0,0.0,5.612244897959184,9.311224489795919,64.15816326530613,26.913265306122447,275.5347222222223,3.5169370931337243,279.051659315356,0.18997181495626575,76.10487482062766,0.0,102.39278512907475,0.0,146.39728430796103,436.6591634203553,107.96496628945145,70.73170731707317,32.22222222222222,1.0141782407407407,23.072420671476387,3.0487821966501834,13.772941945973082
nominal,priority_rules,1,1203.6362911791937,3027.9408298358308,39.75098454101735,778.0,78.40616966580977,57.58354755784062,20.822622107969153,0.0,0.0,3.341902313624679,18.251928020565554,61.95372750642674,27.506426735218508,233.16666666666669,3.5895883129114865,236.75625497957816,0.19670082791175214,78.24652777777746,0.0,141.8687450204089,0.0,128.6904560284033,398.48807489610743,94.57325856502729,70.96774193548387,27.15277777777778,1.0590277777777777,23.133113649876382,2.6508339054463623,13.356377870317605
nominal,priority_rules,2,1153.4603220672368,2808.1618069140122,41.07527989403199,776.0,73.32474226804123,52.06185567010309,21.262886597938145,0.0,0.0,5.025773195876289,21.649484536082475,61.34020618556701,24.22680412371134,244.4027777777778,2.265769515707476,246.6685472934853,0.21385091673669782,79.45312499999966,0.0,129.28284159539044,0.0,107.83966064830712,353.1096376786225,57.28818608415077,72.72727272727273,28.506944444444443,1.0300925925925926,14.068419031528503,2.934474420649371,10.095958753286572
nominal,priority_rules,3,1164.7493439997254,3268.694270065943,35.63347464662786,796.0,71.85929648241206,48.869346733668344,22.98994974874372,0.0,0.0,6.28140703517588,21.85929648241206,64.69849246231156,20.728643216080403,272.18055555555554,3.2201984877263987,275.40075404328195,0.236446369737854,78.61979166666507,0.0,104.96730151226099,0.0,150.05774244442532,450.9173228635687,80.0504328134845,56.666666666666664,31.770833333333332,1.1053240740740742,20.835219344083068,3.568305273649874,15.09329082660626
nominal,priority_rules,4,1130.6158743754238,2724.9994455309497,41.49049924504223,808.0,74.75247524752476,54.95049504950495,19.801980198019802,0.0,0.0,3.712871287128713,21.534653465346533,60.76732673267327,25.99009900990099,236.79166666666669,2.878319339345428,239.66998600601212,0.21198179809602524,80.39583333333333,0.0,136.0522362161969,0.0,111.78064145563184,337.0410514405349,100.0234165352709,72.72727272727273,27.569444444444443,1.0850694444444444,16.359611763005063,2.350733916863693,11.897356840508229
nominal,priority_rules,5,1363.9789546425939,3497.893243708397,38.99429912836706,835.0,72.57485029940119,53.293413173652695,19.281437125748504,0.0,0.0,3.3532934131736525,24.07185628742515,64.55089820359281,22.275449101796408,309.7986111111112,3.3379778409610044,313.1365889520722,0.22957582144962346,75.33854166666546,0.0,65.09952215902511,0.0,111.61999501193071,315.56283677695905,84.51701834582074,51.724137931034484,36.25,1.1038773148148149,20.544601613185883,3.5245087803153323,17.41744213730302
nominal,priority_rules,6,1271.533680662494,3410.0336237797114,37.28801005935873,767.0,72.7509778357236,53.0638852672751,19.687092568448502,0.0,0.0,3.259452411994785,23.989569752281618,62.71186440677966,25.16297262059974,270.3541666666667,5.4490362103285985,275.8032028769953,0.21690593577772663,77.20450549276717,0.0,108.71068601188026,0.0,122.76742611287705,339.656188510828,128.88847276848975,66.66666666666667,31.631944444444443,0.9678819444444444,31.47847464154832,3.352717514891281,13.091782141957264
nominal,priority_rules,7,1386.1186445013675,2926.3724551927025,47.366446538333456,769.0,83.09492847854357,61.1183355006502,21.976592977893368,0.0,0.0,7.672301690507152,9.232769830949286,62.54876462938881,25.747724317295187,248.41666666666669,4.287489390694942,252.70415605736162,0.18231062475050078,75.99784544224201,0.0,124.38612172040352,0.0,162.82423384162362,491.508332672101,71.01328328288362,64.0,28.993055555555557,1.015625,28.526073151438847,2.9388419476847574,10.6746497895548
nominal,priority_rules,8,1135.2023201883721,2802.6378202327633,40.504781316841424,753.0,75.83001328021248,51.79282868525896,24.03718459495352,0.0,0.0,5.843293492695883,18.326693227091635,63.745019920318725,22.709163346613547,239.7638888888889,3.7452158205736086,243.50910470946252,0.21450722957389246,79.83506944444409,0.0,135.6158952905243,0.0,130.4114797713803,470.24159662469316,41.29152107687083,50.0,27.95138888888889,1.0358796296296295,24.30597932027995,2.512253930759056,11.637377421782826
nominal,priority_rules,9,1219.961167998331,2629.337667287438,46.39804096584166,747.0,87.81793842034806,66.13119143239625,21.686746987951807,0.0,0.0,4.28380187416332,7.898259705488621,63.45381526104418,28.781793842034805,219.3263888888889,2.9228464692582623,222.2492353581472,0.18217730300613247,80.03124999999999,0.0,154.04243130850648,0.0,150.3010127082163,412.4952981606489,114.47350490176677,76.92307692307692,25.48611111111111,1.0923032407407407,17.51936314680495,2.156822570277126,10.348878095199662
nominal,priority_rules,10,1538.9401445426965,3261.647398143676,47.18290963696948,774.0,87.46770025839793,66.02067183462532,21.44702842377261,0.0,0.0,5.426356589147287,7.10594315245478,64.59948320413437,27.51937984496124,272.5694444444445,5.7916094823023965,278.36105392674693,0.18087841487133552,77.03124999999875,0.0,100.87505718435094,0.0,152.82047885836158,394.73154772375733,131.90122593226317,78.57142857142857,31.84027777777778,1.0648148148148149,33.21199680704165,3.149434985956718,14.3539860844554
nominal,priority_rules,11,1066.1393164689405,2948.8212247765814,36.154762706909,775.0,70.45161290322581,50.83870967741935,19.612903225806452,0.0,0.0,7.096774193548387,22.451612903225808,62.58064516129032,21.548387096774192,270.52083333333337,3.6359300506766927,274.15676338401005,0.2571490978233678,80.39583333333333,0.0,104.50295883819847,0.0,139.9131290938581,445.2061823965078,101.02120387405814,57.142857142857146,31.631944444444443,1.0026041666666667,24.286103735028433,3.541286328821463,10.68775219609701
nominal,priority_rules,12,973.2907455663235,2813.6630100289367,34.59158904592181,738.0,71.13821138211382,49.4579945799458,21.680216802168022,0.0,0.0,7.994579945799458,20.867208672086722,61.924119241192415,22.62872628726287,230.125,3.5819156341505383,233.70691563415053,0.24012035118875474,80.39583333333333,0.0,146.30002881028076,0.0,116.35569592838245,401.02763650828547,126.13116999113477,55.55555555555556,26.84027777777778,0.9722222222222222,22.637481007221197,2.850485762146414,13.501586910725504
nominal,priority_rules,13,1105.847698043347,3086.893770494354,35.82396351353062,812.0,71.05911330049261,51.23152709359606,19.82758620689655,0.0,0.0,4.802955665024631,24.137931034482758,60.83743842364532,24.261083743842363,263.59027777777777,3.8275265926976916,267.41780437047544,0.24182154996898425,80.00520833333333,0.0,111.20719562951088,0.0,98.70690592309543,332.7509060894776,100.9267141548372,50.0,30.76388888888889,1.0778356481481481,22.534729646757505,2.914958810163265,12.670423785124635
nominal,priority_rules,14,1381.4909994080326,3159.553502300217,43.724247695197434,752.0,86.56914893617021,64.36170212765957,22.20744680851064,0.0,0.0,2.7925531914893615,10.638297872340425,66.62234042553192,25.930851063829788,288.19444444444446,3.444952183690579,291.63939662813505,0.21110481121708516,80.13020833333299,0.0,88.09671448296191,0.0,152.50690742387417,393.06797200040154,106.90729685315186,84.61538461538461,33.71527777777778,1.0387731481481481,20.70540888066218,3.216362689162055,10.755771363392974
nominal,priority_rules,15,890.426918675868,2341.495585981719,38.02812715115748,776.0,78.35051546391753,55.92783505154639,22.422680412371133,0.0,0.0,0.7731958762886598,20.876288659793815,61.72680412371134,27.70618556701031,232.92361111111114,2.7795801419671964,235.70319125307833,0.2647080701508741,77.87326388888857,0.0,144.85236430246428,0.0,121.52304520594564,308.71712728755233,135.48206466405324,68.75,27.118055555555557,1.0691550925925926,15.561852066870138,2.37532785848132,10.046947179142016
nominal,priority_rules,16,1234.932729306045,2912.442900275749,42.4019550456808,768.0,82.68229166666667,62.109375,20.572916666666668,0.0,0.0,8.333333333333334,8.984375,64.32291666666667,24.088541666666668,229.95833333333334,3.2528227790600845,233.21115611239344,0.18884523065757883,80.39583333333333,0.0,146.92078833203803,0.0,152.80607475568627,537.2299916278922,108.98888213427331,68.75,26.73611111111111,1.1197916666666667,19.089514988049416,2.809912206596372,11.597382102068725
nominal,priority_rules,17,1284.9454725115984,3076.19731981379,41.77058032770731,781.0,83.99487836107555,62.86811779769526,21.12676056338028,0.0,0.0,1.6645326504481435,14.340588988476313,63.892445582586426,28.169014084507044,252.02083333333337,4.032137334900151,256.0529706682335,0.19927146804739007,80.36979166666666,0.0,124.93314044286426,0.0,138.94604218750587,341.1834799036093,145.63041930710742,80.0,29.375,1.0980902777777777,25.58884883258112,2.686073930390326,11.433124226713328
nominal,priority_rules,18,1345.9386052645802,3142.1940998029672,42.8343559472974,819.0,79.85347985347985,60.68376068376068,19.16971916971917,0.0,0.0,6.715506715506716,13.431013431013431,61.41636141636142,25.51892551892552,246.19444444444449,3.5996988357219872,249.79414328016648,0.185591038330506,78.21636473135966,0.0,127.37252338648693,0.0,147.4441531509978,494.4691303471044,88.60560138719035,77.41935483870968,28.680555555555557,1.099537037037037,21.35537703486097,3.4274276562417603,14.057280283356846
nominal,priority_rules,19,1301.353116605031,3285.854240723272,39.604712238196576,807.0,81.41263940520446,57.49690210656753,23.915737298636927,0.0,0.0,5.5762081784386615,13.011152416356877,65.79925650557621,23.543990086741015,313.125,3.9316709298958896,317.0566709298959,0.2436361560012498,78.71527777777746,0.0,67.95721795897865,0.0,148.5030865262727,462.82759117563705,119.98992669549405,65.51724137931035,36.701388888888886,1.0069444444444444,23.91237402479773,3.7623159860734328,13.605603592567155
nominal,process_all,0,1463.0205575039338,3565.8112587772926,41.029108142016455,784.0,85.0765306122449,63.64795918367347,21.428571428571427,0.0,0.0,5.612244897959184,9.311224489795919,64.15816326530613,26.913265306122447,275.5347222222223,3.5169370931337243,279.051659315356,0.19073666318909924,76.10682981121127,0.0,102.39278512907475,0.0,146.66337603085213,433.2807441325946,109.26883949308092,70.73170731707317,32.22222222222222,1.0141782407407407,23.072420671476387,3.0470549063448558,13.772941945973082
nominal,process_all,1,1187.610568609376,3027.9408298358308,39.22172312309571,778.0,78.40616966580977,57.455012853470436,20.95115681233933,0.0,0.0,3.341902313624679,18.251928020565554,62.59640102827763,26.86375321336761,239.00000000000003,2.5546793309157576,241.55467933091577,0.20339552856435292,78.24652777777746,0.0,137.07032066907124,0.0,128.74060486976182,398.255084306423,95.96540157890581,70.96774193548387,27.84722222222222,1.0590277777777777,16.46363932278649,2.6383131877830657,12.457440347300793
nominal,process_all,2,1148.5738551345407,2808.1618069140122,40.90127044341327,776.0,73.32474226804123,52.06185567010309,21.262886597938145,0.0,0.0,5.025773195876289,21.649484536082475,61.34020618556701,24.22680412371134,244.4027777777778,2.265769515707476,246.6685472934853,0.21476071929618423,79.45312499999966,0.0,129.28284159539044,0.0,108.1263647853174,351.260467571916,58.34363816879494,72.72727272727273,28.506944444444443,1.0300925925925926,14.068419031528503,2.936503270918822,10.775142533653092
nominal,process_all,3,1159.7882305159728,3268.694270065943,35.48169803266964,796.0,71.60804020100502,48.36683417085427,23.241206030150753,0.0,0.0,6.532663316582915,21.85929648241206,65.20100502512562,19.974874371859297,275.68055555555554,2.6346700335443654,278.3152255890999,0.23997072764334013,78.61979166666507,0.0,102.05282996644299,0.0,149.50391269062598,448.4334984814329,80.78599720124248,56.666666666666664,32.1875,1.1053240740740742,17.046752943150736,3.573746216701174,15.093290826606255
nominal,process_all,4,1125.428351957937,2724.9994455309497,41.300131411170035,808.0,74.75247524752476,54.82673267326733,19.925742574257427,0.0,0.0,3.712871287128713,21.534653465346533,61.13861386138614,25.61881188118812,239.41666666666669,2.4006189977045294,241.8172856643712,0.21486688623373973,80.39583333333333,0.0,133.90493655783774,0.0,111.6594102594209,337.32086321348794,100.70180430580228,72.72727272727273,27.881944444444443,1.0850694444444444,13.644488384764054,2.3534942250367856,11.268649686527061
nominal,process_all,5,1360.7292493334173,3497.893243708397,38.901394483120335,835.0,72.57485029940119,53.293413173652695,19.281437125748504,0.0,0.0,3.3532934131736525,24.07185628742515,64.55089820359281,22.275449101796408,309.7986111111112,3.3379778409610044,313.1365889520722,0.23012409640306397,75.33854166666546,0.0,65.09952215902516,0.0,111.77921136080026,314.79892808463774,85.3651898749496,51.724137931034484,36.25,1.1038773148148149,20.544601613185883,3.5210041233710547,17.809067108156516
nominal,process_all,6,1255.3096879496552,3410.0336237797114,36.812237838237465,767.0,72.88135593220339,52.28161668839635,20.59973924380704,0.0,0.0,3.259452411994785,23.859191655801826,64.40677966101696,23.598435462842243,284.64583333333337,2.83261574381865,287.47844907715205,0.22900998202818101,76.27996923470366,0.0,97.03543981172332,0.0,123.2363711447103,339.8114910586611,129.73277841460995,66.66666666666667,33.333333333333336,0.9678819444444444,16.363705326830413,3.0322876404957797,12.201388239112005
nominal,process_all,7,1370.087558500269,2926.3724551927025,46.818632264977644,769.0,83.09492847854357,60.98829648894668,22.106631989596877,0.0,0.0,7.672301690507152,9.232769830949286,63.198959687906374,25.097529258777634,254.25,3.345704625589815,257.5957046255898,0.18801404554579,71.75718794826649,0.0,119.49457315217559,0.0,163.2730478556588,489.3234792996779,72.34252683419939,64.0,29.6875,1.015625,22.26007021727299,3.0066938121139595,10.6746497895548
nominal,process_all,8,1121.2347927495548,2802.6378202327633,40.00641055562558,753.0,75.83001328021248,51.527224435590966,24.302788844621514,0.0,0.0,5.843293492695883,18.326693227091635,64.40903054448872,22.04515272244356,245.59722222222223,2.6574408976114743,248.2546631198337,0.22141184408936304,79.83506944444409,0.0,130.870336880153,0.0,132.12059951187496,471.14110624527393,42.41669280168738,50.0,28.645833333333332,1.0358796296296295,17.246456972489764,2.5914213264225063,11.749369696450428
nominal,process_all,9,1213.8224296071353,2629.337667287438,46.164570062976274,747.0,87.81793842034806,66.13119143239625,21.686746987951807,0.0,0.0,4.28380187416332,7.898259705488621,63.58768406961178,28.647925033467203,220.2013888888889,2.7944694318716907,222.99585832076062,0.1837137400673468,80.03124999999999,0.0,153.29580834589305,0.0,150.40497208784214,410.25477059666616,115.90898359509058,76.92307692307692,25.59027777777778,1.0923032407407407,16.749879028722937,2.1584234974354177,10.348878095199659
nominal,process_all,10,1510.7794004293244,3261.647398143676,46.3195194333135,774.0,87.46770025839793,65.63307493540051,21.834625322997415,0.0,0.0,5.426356589147287,7.10594315245478,65.89147286821705,26.227390180878555,284.23611111111114,3.7371981183408156,287.97330922945196,0.19061241445813823,76.58284775855302,0.0,91.26280188164598,0.0,153.7419101384874,393.61954783914814,133.47723417180896,78.57142857142857,33.229166666666664,1.0648148148148149,21.4309705018776,3.294865553763698,13.46498387333796
nominal,process_all,11,1052.0134316895064,2948.8212247765814,35.675727739962014,775.0,70.45161290322581,50.83870967741935,19.612903225806452,0.0,0.0,7.096774193548387,22.451612903225808,62.83870967741935,21.29032258064516,275.1875,2.8394578256666985,278.02695782566667,0.26428080616723926,79.46720964601377,0.0,100.63276439654175,0.0,140.05565752993655,441.8924687446929,102.72482263738512,57.142857142857146,32.1875,1.0026041666666667,18.9660874505948,3.616262571872597,10.68775219609701
nominal,process_all,12,959.5792661727534,2813.6630100289367,34.10427129163861,738.0,71.13821138211382,49.05149051490515,22.086720867208673,0.0,0.0,7.994579945799458,20.867208672086722,62.87262872628726,21.680216802168022,237.70833333333337,2.2316416453993844,239.93997497873275,0.2500470606620384,80.39583333333333,0.0,140.06696946569843,0.0,118.03720112074306,414.7859384211701,127.57284757906389,55.55555555555556,27.743055555555557,0.9722222222222222,14.103834518322792,2.9250358727696484,12.806733848481235
nominal,process_all,13,1093.1470323619378,3086.893770494354,35.412525134833984,812.0,71.05911330049261,51.108374384236456,19.950738916256157,0.0,0.0,4.802955665024631,24.137931034482758,61.206896551724135,23.891625615763548,269.13194444444446,2.7244931958489014,271.85643764029334,0.2486915571210026,78.55246097989183,0.0,106.76856235969298,0.0,98.76445112933312,332.88003200380825,102.13078396685107,50.0,31.42361111111111,1.0778356481481481,16.04057244436095,2.9502038633653855,12.827050226491107
nominal,process_all,14,1376.0894714747228,3159.553502300217,43.55328911103745,752.0,86.56914893617021,64.36170212765957,22.20744680851064,0.0,0.0,2.7925531914893615,10.638297872340425,66.62234042553192,25.930851063829788,288.19444444444446,3.444952183690579,291.63939662813505,0.21193345539922775,80.13020833333299,0.0,88.09671448296193,0.0,153.01059831444795,390.2620265376559,108.65737732514262,84.61538461538461,33.71527777777778,1.0387731481481481,20.705408880662183,3.213238961616728,10.755771363392974
nominal,process_all,15,886.4459391335301,2341.495585981719,37.85810848590047,776.0,78.35051546391753,55.670103092783506,22.68041237113402,0.0,0.0,0.7731958762886598,20.876288659793815,62.24226804123711,27.190721649484537,236.42361111111114,2.1347346950056822,238.55834580611682,0.26911776034452733,77.87326388888857,0.0,141.99720974942576,0.0,121.59771379192473,307.15977048556493,136.2553253566277,68.75,27.53472222222222,1.0691550925925926,11.951598381395266,2.3214718907197263,9.13120694057586
nominal,process_all,16,1229.0658598081102,2912.442900275749,42.20051351708021,768.0,82.68229166666667,61.979166666666664,20.703125,0.0,0.0,8.333333333333334,8.984375,64.453125,23.958333333333332,230.83333333333334,3.0807071916333193,233.91404052496665,0.19031855669759376,80.39583333333333,0.0,146.2179039194648,0.0,154.60361993552866,538.6690321798874,110.8704059127091,68.75,26.84027777777778,1.1197916666666667,18.079437492585754,2.8145826874353603,11.607437641926666
nominal,process_all,17,1264.4372399581741,3076.19731981379,41.10390552042721,781.0,83.73879641485276,62.22791293213828,21.51088348271447,0.0,0.0,1.6645326504481435,14.596670934699103,64.6606914212548,27.40076824583867,257.27083333333337,3.0279206659442686,260.29875399927766,0.20586134746228132,80.36979166666666,0.0,120.68735711182006,0.0,140.13467182266075,338.9461117252317,147.03446244782847,80.0,30.0,1.0980902777777777,19.2158643822123,2.7412316025229733,11.607358183554096
nominal,process_all,18,1338.3096989892886,3142.1940998029672,42.59156679955601,819.0,79.60927960927961,60.195360195360195,19.413919413919412,0.0,0.0,6.95970695970696,13.431013431013431,61.78266178266178,24.90842490842491,248.81944444444449,3.113120737943706,251.9325651823882,0.18824683507311607,78.21636473135966,0.0,125.2341014842652,0.0,147.09921455961074,490.7636328606918,89.6886382361796,77.41935483870968,28.993055555555557,1.099537037037037,18.46873034324225,3.429283695364287,14.057280283356846
nominal,process_all,19,1289.3964762426208,3285.854240723272,39.24082998760173,807.0,81.28872366790583,57.24907063197026,24.039653035935565,0.0,0.0,5.700123915737299,13.011152416356877,66.17100371747212,23.172242874845104,315.75,3.4667742369080887,319.21677423690807,0.2475706891701186,78.71527777777746,0.0,65.79711465196642,0.0,148.54865707532025,462.78170799786113,108.71072766024037,62.06896551724138,37.013888888888886,1.0069444444444444,21.084878081257457,3.7737123960032712,13.60560359256716
nominal,value_aware,0,1547.3420237573494,3565.8112587772926,43.393828541781225,784.0,81.37755102040816,66.3265306122449,15.051020408163266,11.607142857142858,0.0,0.0,7.01530612244898,33.16326530612245,50.0,179.86805555555557,15.24303471755605,195.1110902731116,0.12609435230055413,73.13952440855455,0.0,183.9166875046536,0.0,170.42616729670414,474.60175581314303,107.9825748025055,70.73170731707317,21.25,0.28501157407407407,100.0,23.03257124912602,37.16133776246472
nominal,value_aware,1,1287.5025258528156,3027.9408298358308,42.52072937378441,778.0,73.90745501285348,59.768637532133674,14.138817480719794,9.768637532133676,0.0,0.0,16.323907455012854,29.177377892030847,49.3573264781491,143.82638888888889,15.427436408865256,159.25382529775413,0.12369204883094706,78.020833333333,0.0,220.70450803556676,0.0,152.19113385898115,453.1688408397235,94.57375822640576,70.96774193548387,16.979166666666668,0.25028935185185186,99.42216451085292,19.850168380548237,33.230276225734514
nominal,value_aware,2,1265.3866988408927,2808.1618069140122,45.061032299683276,776.0,69.71649484536083,56.829896907216494,12.88659793814433,13.402061855670103,0.0,0.0,16.88144329896907,23.969072164948454,50.25773195876289,137.2638888888889,15.954600449962495,153.2184893388514,0.12108432108477285,80.25844497520697,0.0,224.0453995500246,0.0,135.52215515257768,391.80282000843664,57.319384495215395,72.72727272727273,16.25,0.15914351851851852,99.06391760266942,20.95935947273844,37.512742758435564
nominal,value_aware,3,1236.7293686909882,3268.694270065943,37.83557795590465,796.0,64.57286432160804,51.63316582914573,12.93969849246231,21.35678391959799,0.0,0.0,14.07035175879397,31.65829145728643,39.321608040201006,186.90972222222223,13.97727448373433,200.88699670595656,0.16243407959057743,75.82465277777615,0.0,180.8421699606979,0.0,170.38389489953386,497.6546367818344,80.0508981469221,56.666666666666664,22.083333333333332,0.29369212962962965,90.435288635476,20.723715805716065,34.93340428667692
nominal,value_aware,4,1201.181751302419,2724.9994455309497,44.080073237166324,808.0,71.2871287128713,58.78712871287129,12.5,16.336633663366335,0.0,0.0,12.376237623762377,22.64851485148515,52.103960396039604,126.70833333333336,17.59405651578076,144.30238984911412,0.12013368475890492,80.39583333333333,0.0,230.32261015087323,0.0,141.33899996626138,367.9660513834939,100.05462627487935,72.72727272727273,15.0,0.14756944444444445,100.0,22.939458955838553,38.47256967544905
nominal,value_aware,5,1460.367672511001,3497.893243708397,41.74992118863948,835.0,68.1437125748503,55.209580838323355,12.934131736526947,18.44311377245509,0.0,0.0,13.41317365269461,30.29940119760479,43.11377245508982,210.9305555555556,16.247469305117274,227.17802486067288,0.15556221158337202,69.50570739826104,0.0,152.42614180598127,0.0,138.7236341775127,322.9117021352675,84.55074565012174,51.724137931034484,25.0,0.19386574074074073,100.0,23.796869666889542,39.22183662356844
nominal,value_aware,6,1360.162305198474,3410.0336237797114,39.88706433020031,767.0,68.97001303780965,54.4980443285528,14.471968709256846,16.949152542372882,0.0,0.0,14.08083441981747,30.378096479791395,43.67666232073012,177.42361111111114,17.310356592490148,194.73396770360128,0.14316965479732643,77.395833333333,0.0,190.4118656297192,0.0,148.1423089255752,376.6515488747232,128.90737386663196,66.66666666666667,21.006944444444443,0.20109953703703703,100.0,24.971536769608733,40.449934810197874
nominal,value_aware,7,1430.1325940081554,2926.3724551927025,48.87049122781538,769.0,79.45383615084525,64.49934980494149,14.95448634590377,10.533159947984394,0.0,0.0,10.01300390117035,30.039011703511054,50.455136540962286,154.9375,15.030072200732198,169.9675722007322,0.11884742219906566,79.41899607181314,0.0,205.26853891036617,0.0,189.38600120409697,551.634085690604,71.04543895855974,64.0,18.29861111111111,0.2560763888888889,100.0,24.443083067423018,37.07458231803298
nominal,value_aware,8,1223.4050593737838,2802.6378202327633,43.651914298087156,753.0,69.45551128818062,55.37848605577689,14.077025232403718,20.185922974767596,0.0,0.0,10.358565737051793,26.56042496679947,45.418326693227094,147.61805555555557,15.408619299896912,163.02667485545248,0.13325649882378274,77.36111111111079,0.0,215.9733251445351,0.0,158.62021689546467,491.8477426659,41.29143896631238,50.0,17.46527777777778,0.18952546296296297,100.0,20.129950280965616,34.958287759329785
nominal,value_aware,9,1308.221723984491,2629.337667287438,49.75480100028845,747.0,83.80187416331995,70.01338688085676,13.788487282463185,11.646586345381525,0.0,0.0,4.551539491298527,25.167336010709505,59.17001338688085,126.10416666666669,16.626782892265098,142.7309495589318,0.10910302660638578,78.6518302063421,0.0,233.35238377438904,0.0,180.80200951259573,475.69353599920044,114.49979131950663,76.92307692307692,14.895833333333334,0.20399305555555555,99.65992073699223,20.103721056549645,33.17921343582401
nominal,value_aware,10,1627.2886942851376,3261.647398143676,49.89161903924034,774.0,83.97932816537468,68.86304909560724,15.116279069767442,11.24031007751938,0.0,0.0,4.780361757105943,31.782945736434108,52.84237726098191,187.8402777777778,17.43830554950087,205.27858332727868,0.1261476123125509,79.76616892365794,0.0,171.09641667270841,0.0,180.0675532052311,442.3684440114835,131.92507542605225,78.57142857142857,22.22222222222222,0.24450231481481483,100.0,24.58191438698926,42.28517556472166
nominal,value_aware,11,1142.9054487836888,2948.8212247765814,38.75804471226571,775.0,65.93548387096774,52.774193548387096,13.161290322580646,11.741935483870968,0.0,0.0,22.322580645161292,28.387096774193548,42.70967741935484,178.72916666666669,14.797421928186456,193.52658859485314,0.1693286078921134,79.1840277777774,0.0,184.67480029402265,0.0,162.82475195680527,478.0227592694769,101.02125721338275,57.142857142857146,21.180555555555557,0.16927083333333334,98.83900926312846,22.966273770365696,39.656836416359916
nominal,value_aware,12,1064.4509133332224,2813.6630100289367,37.83149970480208,738.0,66.80216802168022,52.710027100271006,14.092140921409214,16.124661246612465,0.0,0.0,17.073170731707318,27.642276422764226,44.3089430894309,138.29861111111111,15.822942636629634,154.12155374774073,0.14478972380710764,76.4756944444428,0.0,226.3923351411359,0.0,144.3096981537068,450.264118756214,126.13257576992702,55.55555555555556,16.354166666666668,0.19241898148148148,100.0,22.697890739285878,42.84324512209764
nominal,value_aware,13,1201.197085253377,3086.893770494354,38.91280926913821,812.0,66.7487684729064,53.44827586206897,13.300492610837438,19.704433497536947,0.0,0.0,13.54679802955665,24.261083743842363,46.05911330049261,159.09027777777777,16.89300539044975,175.98328316822753,0.1465065852462555,79.91319444444406,0.0,204.1833834984262,0.0,132.40079654018245,353.5741685263351,100.92672514182307,50.0,18.854166666666668,0.1490162037037037,99.45830555985623,25.176685713058635,40.79691043398947
nominal,value_aware,14,1462.0013797357738,3159.553502300217,46.272404587275005,752.0,84.17553191489361,67.42021276595744,16.75531914893617,4.787234042553192,0.0,0.0,11.037234042553191,33.909574468085104,51.72872340425532,181.29166666666669,16.637933612158665,197.92960027882535,0.13538263576372067,76.53365476184004,0.0,181.09817749893924,0.0,178.38420808808408,440.12641810852045,106.90710437566214,84.61538461538461,21.42361111111111,0.2777777777777778,100.0,25.897524296877982,37.09861131974385
nominal,value_aware,15,958.8981537455962,2341.495585981719,40.952379303485166,776.0,76.15979381443299,59.922680412371136,16.237113402061855,1.288659793814433,0.0,0.0,22.551546391752577,25.9020618556701,55.28350515463917,124.75694444444446,17.861499582589445,142.6184440270339,0.14873158684261245,80.39583333333333,0.0,237.6037781951759,0.0,148.9762643013764,342.0934969951042,135.529421610446,68.75,14.722222222222221,0.2271412037037037,100.0,25.45238707704416,41.37259442407998
nominal,value_aware,16,1309.5843322371488,2912.442900275749,44.96515046228573,768.0,78.125,66.14583333333333,11.979166666666666,16.276041666666668,0.0,0.0,5.598958333333333,24.088541666666668,54.427083333333336,129.16666666666669,17.039839834047353,146.20650650071403,0.11164344510059236,80.39583333333333,0.0,231.0434934992735,0.0,182.60346558566872,569.8670731029667,109.00905583294649,68.75,15.277777777777779,0.1736111111111111,100.0,22.461202972177873,38.21344224851213
nominal,value_aware,17,1366.4169547212691,3076.19731981379,44.419028191728025,781.0,80.92189500640205,65.30089628681178,15.620998719590268,11.139564660691422,0.0,0.0,7.9385403329065305,29.833546734955185,52.752880921895006,158.41666666666669,15.757400269472903,174.17406693613958,0.12746772962259442,79.61625361262136,0.0,205.11759973051434,0.0,164.2522749281767,380.5746813909345,145.63204731556763,80.0,18.71527777777778,0.2517361111111111,100.0,20.59222094846189,34.815744029662106
nominal,value_aware,18,1435.383249443105,3142.1940998029672,45.68092243356677,819.0,75.45787545787546,63.36996336996337,12.087912087912088,17.704517704517706,0.0,0.0,6.837606837606837,26.73992673992674,50.79365079365079,150.66666666666669,16.856170836252446,167.52283750291912,0.11670948338564914,79.82468669006703,0.0,209.43549583040135,0.0,171.33183148035954,545.6558771607445,88.60610850876331,77.41935483870968,17.8125,0.2170138888888889,100.0,23.36009174279118,36.46267642253971
nominal,value_aware,19,1395.1219400823186,3285.854240723272,42.45842444232184,807.0,77.44733581164807,61.46220570012392,15.985130111524164,14.374225526641883,0.0,0.0,8.178438661710038,33.45724907063197,46.96406443618339,216.0,16.277965148667676,232.27796514866768,0.16649294837622738,76.97048611110941,0.0,152.01370151798614,0.0,176.39413532937718,502.6365895224607,119.99124782713687,65.51724137931035,25.59027777777778,0.2170138888888889,99.0023829404947,24.05729444575359,38.46900739394603
storage_tight,bent_pipe,0,337.48738303735473,3565.8112587772926,9.464532992502757,784.0,35.33163265306123,35.33163265306123,0.0,0.0,49.87244897959184,4.336734693877551,10.459183673469388,0.0,35.33163265306123,0.0,15.24303471755605,15.24303471755605,0.04516623578745425,80.39583333333333,0.0,359.0902986157663,0.0,278.28634324259707,672.5230434165492,244.429609237962,26.829268292682926,0.0,0.0,100.0,89.38043414475675,99.99933831734455
storage_tight,bent_pipe,1,469.4984522168877,3027.9408298358308,15.505535893921117,778.0,43.31619537275064,43.31619537275064,0.0,0.0,38.04627249357326,8.611825192802057,10.025706940874036,0.0,43.31619537275064,0.0,15.517099717921752,15.517099717921752,0.033050374595811303,80.39583333333333,0.0,358.8162336154006,0.0,244.75162364955602,591.1376610213598,150.50021054269732,38.70967741935484,0.0,0.0,100.0,85.08080070824495,99.99934709511463
storage_tight,bent_pipe,2,562.4738206101798,2808.1618069140122,20.029964770025202,776.0,37.371134020618555,37.371134020618555,0.0,0.0,36.855670103092784,13.530927835051546,12.242268041237113,0.0,37.371134020618555,0.0,16.105359888909316,16.105359888909316,0.028633083529892977,80.34283783570866,0.0,358.22797344441307,0.0,191.8630906349034,509.37483838052117,153.15519416712107,36.36363636363637,0.0,0.0,100.0,83.35478793562159,99.9968434427161
storage_tight,bent_pipe,3,483.6754626115265,3268.694270065943,14.797207161309974,796.0,36.4321608040201,36.4321608040201,0.0,0.0,43.34170854271357,8.417085427135678,11.809045226130653,0.0,36.4321608040201,0.0,14.026460090250566,14.026460090250566,0.02899973468680216,80.39583333333333,0.0,360.30687324307183,0.0,204.7332238762161,667.9306699549027,141.50536652463964,30.0,0.0,0.0,90.75352768323764,82.59918337921032,99.99903689056374
storage_tight,bent_pipe,4,549.1748758185071,2724.9994455309497,20.15321055272742,808.0,45.915841584158414,45.915841584158414,0.0,0.0,36.13861386138614,5.9405940594059405,12.004950495049505,0.0,45.915841584158414,0.0,17.59405651578076,17.59405651578076,0.0320372567837486,80.39583333333333,0.0,356.73927681754157,0.0,198.09441102599288,439.3359211648726,183.4045424068183,45.45454545454545,0.0,0.0,100.0,75.6808356161702,99.99361944898367
storage_tight,bent_pipe,5,477.84102175359993,3497.893243708397,13.660823486053632,835.0,31.25748502994012,31.25748502994012,0.0,0.0,48.02395209580838,7.544910179640719,13.173652694610778,0.0,31.25748502994012,0.0,16.247469305117274,16.247469305117274,0.03400183024364812,79.79303980822445,0.0,358.0858640282051,0.0,223.26700647884982,458.1253974622142,189.88942773008262,20.689655172413794,0.0,0.0,100.0,86.03359514965203,99.99979272100123
storage_tight,bent_pipe,6,503.413644161161,3410.0336237797114,14.762717899630939,767.0,35.72359843546284,35.72359843546284,0.0,0.0,48.63102998696219,8.34419817470665,7.301173402868318,0.0,35.72359843546284,0.0,17.310356592490148,17.310356592490148,0.03438595038744813,80.39583333333333,0.0,357.0229767408322,0.0,224.02847558646258,506.7339815155943,259.84229479533735,18.181818181818183,0.0,0.0,100.0,88.6721322792496,99.99888900771924
storage_tight,bent_pipe,7,413.5851978340077,2926.3724551927025,14.133033445558898,769.0,39.92197659297789,39.92197659297789,0.0,0.0,38.10143042912874,8.842652795838752,13.133940182054616,0.0,39.92197659297789,0.0,15.030072200732198,15.030072200732198,0.036340933571719636,80.1655238495909,0.0,359.30326113259014,0.0,325.8707610698112,730.3232503424834,234.53589439632424,8.0,0.0,0.0,100.0,88.95257976029005,99.9998796780656
storage_tight,bent_pipe,8,476.97708403195077,2802.6378202327633,17.018862750961418,753.0,35.590969455511285,35.590969455511285,0.0,0.0,43.42629482071713,9.56175298804781,11.420982735723772,0.0,35.590969455511285,0.0,15.408619299896912,15.408619299896912,0.03230473709480087,80.39583333333333,0.0,358.9247140334255,0.0,242.00917588057797,634.2513660850776,128.98889947590547,25.0,0.0,0.0,100.0,84.84832506287606,99.99792669492457
storage_tight,bent_pipe,9,452.7873541913389,2629.337667287438,17.220585998695938,747.0,51.539491298527444,51.539491298527444,0.0,0.0,30.120481927710845,7.228915662650603,11.11111111111111,0.0,51.539491298527444,0.0,16.683520084411917,16.683520084411917,0.03684625891155475,80.07396427171409,0.0,357.6498132489104,0.0,301.5671498468981,612.1175927239689,258.5984603740427,34.61538461538461,0.0,0.0,100.0,82.29845731948174,99.99698536655661
storage_tight,bent_pipe,10,543.8409441196237,3261.647398143676,16.67381165815605,774.0,34.49612403100775,34.49612403100775,0.0,0.0,44.96124031007752,9.948320413436692,10.594315245478036,0.0,34.49612403100775,0.0,17.43830554950087,17.43830554950087,0.0320650839883529,80.39583333333333,0.0,356.89502778382143,0.0,238.49054728734785,556.6669353035771,129.0308676265233,25.0,0.0,0.0,100.0,85.1444488746602,99.99389490006304
storage_tight,bent_pipe,11,440.1730834313024,2948.8212247765814,14.927086109286002,775.0,29.806451612903224,29.806451612903224,0.0,0.0,49.29032258064516,10.064516129032258,10.838709677419354,0.0,29.806451612903224,0.0,14.971236598287696,14.971236598287696,0.03401215831186608,80.39583333333333,0.0,359.3620967350347,0.0,230.77416099228623,630.1292468749814,157.13272132569801,23.80952380952381,0.0,0.0,99.99999999999999,88.24747152472924,99.99990459621965
storage_tight,bent_pipe,12,425.8342988105008,2813.6630100289367,15.134516724023797,738.0,36.31436314363144,36.31436314363144,0.0,0.0,42.27642276422764,10.840108401084011,10.56910569105691,0.0,36.31436314363144,0.0,15.822942636629634,15.822942636629634,0.03715751098685208,80.39583333333333,0.0,358.51039069669275,0.0,217.3924733356962,604.792939674232,163.298000184889,22.22222222222222,0.0,0.0,100.0,84.83327516220035,99.99950992239316
storage_tight,bent_pipe,13,559.8653122798909,3086.893770494354,18.136850630601085,812.0,37.80788177339902,37.80788177339902,0.0,0.0,40.27093596059113,8.12807881773399,13.793103448275861,0.0,37.80788177339902,0.0,16.985012257506405,16.985012257506405,0.030337675660490226,80.39583333333333,0.0,357.348321075816,0.0,205.51808927298399,430.58797107220687,159.34586394412688,17.857142857142858,0.0,0.0,100.0,86.6606523693543,99.99985714475251
storage_tight,bent_pipe,14,447.01486500963284,3159.553502300217,14.148039103759352,752.0,30.851063829787233,30.851063829787233,0.0,0.0,51.994680851063826,5.319148936170213,11.835106382978724,0.0,30.851063829787233,0.0,16.637933612158665,16.637933612158665,0.03722009023525455,80.18781096244759,0.0,357.69539972116365,0.0,289.02821616230153,589.5979199680214,160.99972374704808,19.23076923076923,0.0,0.0,100.0,87.87863415168766,99.99928929326728
storage_tight,bent_pipe,15,541.2377246329319,2341.495585981719,23.115043559051042,776.0,47.422680412371136,47.422680412371136,0.0,0.0,40.850515463917525,3.479381443298969,8.24742268041237,0.0,47.422680412371136,0.0,17.861499582589445,17.861499582589445,0.03300120957884659,80.39583333333333,0.0,356.4718337507329,0.0,225.1969584343937,431.9208280883994,203.0612037214743,43.75,0.0,0.0,100.0,82.29136481810505,99.9985265991409
storage_tight,bent_pipe,16,540.0349386507614,2912.442900275749,18.54233566603593,768.0,43.229166666666664,43.229166666666664,0.0,0.0,36.458333333333336,10.026041666666666,10.286458333333334,0.0,43.229166666666664,0.0,17.039839834047353,17.039839834047353,0.0315532174207472,80.39583333333333,0.0,357.293493499275,0.0,265.8930130446923,728.9631602852514,181.7765104649308,21.875,0.0,0.0,100.0,79.88226662597822,99.99842777122527
storage_tight,bent_pipe,17,494.25342237377197,3076.19731981379,16.067025973603357,781.0,42.38156209987196,42.38156209987196,0.0,0.0,38.668373879641486,9.475032010243277,9.475032010243277,0.0,42.38156209987196,0.0,15.757400269472903,15.757400269472903,0.03188121630760626,80.39583333333333,0.0,358.57593306384945,0.0,256.65551968588727,528.9831553849212,193.00915687663024,26.666666666666668,0.0,0.0,100.0,83.797384376801,99.99784238758629
storage_tight,bent_pipe,18,522.6194515155312,3142.1940998029672,16.632309619202147,819.0,36.75213675213675,36.75213675213675,0.0,0.0,48.595848595848594,5.128205128205129,9.523809523809524,0.0,36.75213675213675,0.0,16.856170836252446,16.856170836252446,0.03225324045511826,79.84204780117813,0.0,357.4771624970699,0.0,233.48695895381982,671.31706216078,179.5924064848753,54.83870967741935,0.0,0.0,100.0,86.67799631956143,99.99973577592358
storage_tight,bent_pipe,19,418.529865457461,3285.854240723272,12.737322924139677,807.0,35.06815365551425,35.06815365551425,0.0,0.0,48.07930607187113,7.930607187112764,8.921933085501859,0.0,35.06815365551425,0.0,16.44199327853708,16.44199327853708,0.03928511352604592,80.39583333333333,0.0,357.8913400547853,0.0,276.58754752173866,702.8696028886471,196.50185956306728,17.24137931034483,0.0,0.0,100.0,91.23529650507061,99.99985999626792
storage_tight,priority_rules,0,1468.910845430401,3565.8112587772926,41.19429601930437,784.0,85.0765306122449,63.64795918367347,21.428571428571427,0.0,0.0,5.612244897959184,9.311224489795919,64.15816326530613,26.913265306122447,275.5347222222223,3.5169370931337243,279.051659315356,0.18997181495626575,76.10487482062766,0.0,102.39278512907475,0.0,146.39728430796103,436.6591634203553,107.96496628945145,70.73170731707317,32.22222222222222,1.0141782407407407,23.072420671476387,12.195128786600733,55.09176778389233
storage_tight,priority_rules,1,1203.6362911791937,3027.9408298358308,39.75098454101735,778.0,78.40616966580977,57.58354755784062,20.822622107969153,0.0,0.0,3.341902313624679,18.251928020565554,61.95372750642674,27.506426735218508,233.16666666666669,3.5895883129114865,236.75625497957816,0.19670082791175214,78.24652777777746,0.0,141.8687450204089,0.0,128.6904560284033,398.48807489610743,94.57325856502729,70.96774193548387,27.15277777777778,1.0590277777777777,23.133113649876382,10.60333562178545,53.42551148127042
storage_tight,priority_rules,2,1153.4603220672368,2808.1618069140122,41.07527989403199,776.0,73.32474226804123,52.06185567010309,21.262886597938145,0.0,0.0,5.025773195876289,21.649484536082475,61.34020618556701,24.22680412371134,244.4027777777778,2.265769515707476,246.6685472934853,0.21385091673669782,79.45312499999966,0.0,129.28284159539044,0.0,107.83966064830712,353.1096376786225,57.28818608415077,72.72727272727273,28.506944444444443,1.0300925925925926,14.068419031528503,11.737897682597485,40.38383501314629
storage_tight,priority_rules,3,1164.7493439997254,3268.694270065943,35.63347464662786,796.0,71.85929648241206,48.869346733668344,22.98994974874372,0.0,0.0,6.28140703517588,21.85929648241206,64.69849246231156,20.728643216080403,272.18055555555554,3.2201984877263987,275.40075404328195,0.236446369737854,78.61979166666507,0.0,104.96730151226099,0.0,150.05774244442532,450.9173228635687,80.0504328134845,56.666666666666664,31.770833333333332,1.1053240740740742,20.835219344083068,14.273221094599496,60.37316330642504
storage_tight,priority_rules,4,1130.6158743754238,2724.9994455309497,41.49049924504223,808.0,74.75247524752476,54.95049504950495,19.801980198019802,0.0,0.0,3.712871287128713,21.534653465346533,60.76732673267327,25.99009900990099,236.79166666666669,2.878319339345428,239.66998600601212,0.21198179809602524,80.39583333333333,0.0,136.0522362161969,0.0,111.78064145563184,337.0410514405349,100.0234165352709,72.72727272727273,27.569444444444443,1.0850694444444444,16.359611763005063,9.402935667454772,47.589427362032914
storage_tight,priority_rules,5,1363.9789546425939,3497.893243708397,38.99429912836706,835.0,72.57485029940119,53.293413173652695,19.281437125748504,0.0,0.0,3.3532934131736525,24.07185628742515,64.55089820359281,22.275449101796408,309.7986111111112,3.3379778409610044,313.1365889520722,0.22957582144962346,75.33854166666546,0.0,65.09952215902511,0.0,111.61999501193071,315.56283677695905,84.51701834582074,51.724137931034484,36.25,1.1038773148148149,20.544601613185883,14.09803512126133,69.66976854921208
storage_tight,priority_rules,6,1271.533680662494,3410.0336237797114,37.28801005935873,767.0,72.7509778357236,53.0638852672751,19.687092568448502,0.0,0.0,3.259452411994785,23.989569752281618,62.71186440677966,25.16297262059974,270.3541666666667,5.4490362103285985,275.8032028769953,0.21690593577772663,77.20450549276717,0.0,108.71068601188026,0.0,122.76742611287705,339.656188510828,128.88847276848975,66.66666666666667,31.631944444444443,0.9678819444444444,31.47847464154832,13.410870059565124,52.367128567829056
storage_tight,priority_rules,7,1386.1186445013675,2926.3724551927025,47.366446538333456,769.0,83.09492847854357,61.1183355006502,21.976592977893368,0.0,0.0,7.672301690507152,9.232769830949286,62.54876462938881,25.747724317295187,248.41666666666669,4.287489390694942,252.70415605736162,0.18231062475050078,75.99784544224201,0.0,124.38612172040352,0.0,162.82423384162362,491.508332672101,71.01328328288362,64.0,28.993055555555557,1.015625,28.526073151438847,11.75536779073903,42.6985991582192
storage_tight,priority_rules,8,1135.2023201883721,2802.6378202327633,40.504781316841424,753.0,75.83001328021248,51.79282868525896,24.03718459495352,0.0,0.0,5.843293492695883,18.326693227091635,63.745019920318725,22.709163346613547,239.7638888888889,3.7452158205736086,243.50910470946252,0.21450722957389246,79.83506944444409,0.0,135.6158952905243,0.0,130.4114797713803,470.24159662469316,41.29152107687083,50.0,27.95138888888889,1.0358796296296295,24.30597932027995,10.049015723036224,46.549509687131305
storage_tight,priority_rules,9,1219.961167998331,2629.337667287438,46.39804096584166,747.0,87.81793842034806,66.13119143239625,21.686746987951807,0.0,0.0,4.28380187416332,7.898259705488621,63.45381526104418,28.781793842034805,219.3263888888889,2.9228464692582623,222.2492353581472,0.18217730300613247,80.03124999999999,0.0,154.04243130850648,0.0,150.3010127082163,412.4952981606489,114.47350490176677,76.92307692307692,25.48611111111111,1.0923032407407407,17.51936314680495,8.627290281108504,41.39551238079865
storage_tight,priority_rules,10,1538.9401445426965,3261.647398143676,47.18290963696948,774.0,87.46770025839793,66.02067183462532,21.44702842377261,0.0,0.0,5.426356589147287,7.10594315245478,64.59948320413437,27.51937984496124,272.5694444444445,5.7916094823023965,278.36105392674693,0.18087841487133552,77.03124999999875,0.0,100.87505718435094,0.0,152.82047885836158,394.73154772375733,131.90122593226317,78.57142857142857,31.84027777777778,1.0648148148148149,33.21199680704165,12.597739943826872,57.4159443378216
storage_tight,priority_rules,11,1066.1393164689405,2948.8212247765814,36.154762706909,775.0,70.45161290322581,50.83870967741935,19.612903225806452,0.0,0.0,7.096774193548387,22.451612903225808,62.58064516129032,21.548387096774192,270.52083333333337,3.6359300506766927,274.15676338401005,0.2571490978233678,80.39583333333333,0.0,104.50295883819847,0.0,139.9131290938581,445.2061823965078,101.02120387405814,57.142857142857146,31.631944444444443,1.0026041666666667,24.286103735028433,14.165145315285852,42.75100878438804
storage_tight,priority_rules,12,973.2907455663235,2813.6630100289367,34.59158904592181,738.0,71.13821138211382,49.4579945799458,21.680216802168022,0.0,0.0,7.994579945799458,20.867208672086722,61.924119241192415,22.62872628726287,230.125,3.5819156341505383,233.70691563415053,0.24012035118875474,80.39583333333333,0.0,146.30002881028076,0.0,116.35569592838245,401.02763650828547,126.13116999113477,55.55555555555556,26.84027777777778,0.9722222222222222,22.637481007221197,11.401943048585656,54.006347642902014
storage_tight,priority_rules,13,1105.847698043347,3086.893770494354,35.82396351353062,812.0,71.05911330049261,51.23152709359606,19.82758620689655,0.0,0.0,4.802955665024631,24.137931034482758,60.83743842364532,24.261083743842363,263.59027777777777,3.8275265926976916,267.41780437047544,0.24182154996898425,80.00520833333333,0.0,111.20719562951088,0.0,98.70690592309543,332.7509060894776,100.9267141548372,50.0,30.76388888888889,1.0778356481481481,22.534729646757505,11.65983524065306,50.68169514049854
storage_tight,priority_rules,14,1381.4909994080326,3159.553502300217,43.724247695197434,752.0,86.56914893617021,64.36170212765957,22.20744680851064,0.0,0.0,2.7925531914893615,10.638297872340425,66.62234042553192,25.930851063829788,288.19444444444446,3.444952183690579,291.63939662813505,0.21110481121708516,80.13020833333299,0.0,88.09671448296191,0.0,152.50690742387417,393.06797200040154,106.90729685315186,84.61538461538461,33.71527777777778,1.0387731481481481,20.70540888066218,12.86545075664822,43.023085453571895
storage_tight,priority_rules,15,890.426918675868,2341.495585981719,38.02812715115748,776.0,78.35051546391753,55.92783505154639,22.422680412371133,0.0,0.0,0.7731958762886598,20.876288659793815,61.72680412371134,27.70618556701031,232.92361111111114,2.7795801419671964,235.70319125307833,0.2647080701508741,77.87326388888857,0.0,144.85236430246428,0.0,121.52304520594564,308.71712728755233,135.48206466405324,68.75,27.118055555555557,1.0691550925925926,15.561852066870138,9.50131143392528,40.187788716568065
storage_tight,priority_rules,16,1234.932729306045,2912.442900275749,42.4019550456808,768.0,82.68229166666667,62.109375,20.572916666666668,0.0,0.0,8.333333333333334,8.984375,64.32291666666667,24.088541666666668,229.95833333333334,3.2528227790600845,233.21115611239344,0.18884523065757883,80.39583333333333,0.0,146.92078833203803,0.0,152.80607475568627,537.2299916278922,108.98888213427331,68.75,26.73611111111111,1.1197916666666667,19.089514988049416,11.239648826385489,46.3895284082749
storage_tight,priority_rules,17,1284.9454725115984,3076.19731981379,41.77058032770731,781.0,83.99487836107555,62.86811779769526,21.12676056338028,0.0,0.0,1.6645326504481435,14.340588988476313,63.892445582586426,28.169014084507044,252.02083333333337,4.032137334900151,256.0529706682335,0.19927146804739007,80.36979166666666,0.0,124.93314044286426,0.0,138.94604218750587,341.1834799036093,145.63041930710742,80.0,29.375,1.0980902777777777,25.58884883258112,10.744295721561304,45.732496906853314
storage_tight,priority_rules,18,1345.9386052645802,3142.1940998029672,42.8343559472974,819.0,79.85347985347985,60.68376068376068,19.16971916971917,0.0,0.0,6.715506715506716,13.431013431013431,61.41636141636142,25.51892551892552,246.19444444444449,3.5996988357219872,249.79414328016648,0.185591038330506,78.21636473135966,0.0,127.37252338648693,0.0,147.4441531509978,494.4691303471044,88.60560138719035,77.41935483870968,28.680555555555557,1.099537037037037,21.35537703486097,13.709710624967041,56.229121133427384
storage_tight,priority_rules,19,1301.353116605031,3285.854240723272,39.604712238196576,807.0,81.41263940520446,57.49690210656753,23.915737298636927,0.0,0.0,5.5762081784386615,13.011152416356877,65.79925650557621,23.543990086741015,313.125,3.9316709298958896,317.0566709298959,0.2436361560012498,78.71527777777746,0.0,67.95721795897865,0.0,148.5030865262727,462.82759117563705,119.98992669549405,65.51724137931035,36.701388888888886,1.0069444444444444,23.91237402479773,15.049263944293731,54.42241437026862
storage_tight,process_all,0,1463.0205575039338,3565.8112587772926,41.029108142016455,784.0,85.0765306122449,63.64795918367347,21.428571428571427,0.0,0.0,5.612244897959184,9.311224489795919,64.15816326530613,26.913265306122447,275.5347222222223,3.5169370931337243,279.051659315356,0.19073666318909924,76.10682981121127,0.0,102.39278512907475,0.0,146.66337603085213,433.2807441325946,109.26883949308092,70.73170731707317,32.22222222222222,1.0141782407407407,23.072420671476387,12.188219625379423,55.09176778389233
storage_tight,process_all,1,1187.610568609376,3027.9408298358308,39.22172312309571,778.0,78.40616966580977,57.455012853470436,20.95115681233933,0.0,0.0,3.341902313624679,18.251928020565554,62.59640102827763,26.86375321336761,239.00000000000003,2.5546793309157576,241.55467933091577,0.20339552856435292,78.24652777777746,0.0,137.07032066907124,0.0,128.74060486976182,398.255084306423,95.96540157890581,70.96774193548387,27.84722222222222,1.0590277777777777,16.46363932278649,10.553252751132263,49.82976138920317
storage_tight,process_all,2,1148.5738551345407,2808.1618069140122,40.90127044341327,776.0,73.32474226804123,52.06185567010309,21.262886597938145,0.0,0.0,5.025773195876289,21.649484536082475,61.34020618556701,24.22680412371134,244.4027777777778,2.265769515707476,246.6685472934853,0.21476071929618423,79.45312499999966,0.0,129.28284159539044,0.0,108.1263647853174,351.260467571916,58.34363816879494,72.72727272727273,28.506944444444443,1.0300925925925926,14.068419031528503,11.746013083675289,43.10057013461237
storage_tight,process_all,3,1159.7882305159728,3268.694270065943,35.48169803266964,796.0,71.60804020100502,48.36683417085427,23.241206030150753,0.0,0.0,6.532663316582915,21.85929648241206,65.20100502512562,19.974874371859297,275.68055555555554,2.6346700335443654,278.3152255890999,0.23997072764334013,78.61979166666507,0.0,102.05282996644299,0.0,149.50391269062598,448.4334984814329,80.78599720124248,56.666666666666664,32.1875,1.1053240740740742,17.046752943150736,14.294984866804697,60.37316330642502
storage_tight,process_all,4,1125.428351957937,2724.9994455309497,41.300131411170035,808.0,74.75247524752476,54.82673267326733,19.925742574257427,0.0,0.0,3.712871287128713,21.534653465346533,61.13861386138614,25.61881188118812,239.41666666666669,2.4006189977045294,241.8172856643712,0.21486688623373973,80.39583333333333,0.0,133.90493655783774,0.0,111.6594102594209,337.32086321348794,100.70180430580228,72.72727272727273,27.881944444444443,1.0850694444444444,13.644488384764054,9.413976900147143,45.074598746108244
storage_tight,process_all,5,1360.7292493334173,3497.893243708397,38.901394483120335,835.0,72.57485029940119,53.293413173652695,19.281437125748504,0.0,0.0,3.3532934131736525,24.07185628742515,64.55089820359281,22.275449101796408,309.7986111111112,3.3379778409610044,313.1365889520722,0.23012409640306397,75.33854166666546,0.0,65.09952215902516,0.0,111.77921136080026,314.79892808463774,85.3651898749496,51.724137931034484,36.25,1.1038773148148149,20.544601613185883,14.084016493484219,71.23626843262606
storage_tight,process_all,6,1255.3096879496552,3410.0336237797114,36.812237838237465,767.0,72.88135593220339,52.28161668839635,20.59973924380704,0.0,0.0,3.259452411994785,23.859191655801826,64.40677966101696,23.598435462842243,284.64583333333337,2.83261574381865,287.47844907715205,0.22900998202818101,76.27996923470366,0.0,97.03543981172332,0.0,123.2363711447103,339.8114910586611,129.73277841460995,66.66666666666667,33.333333333333336,0.9678819444444444,16.363705326830413,12.129150561983119,48.80555295644802
storage_tight,process_all,7,1370.087558500269,2926.3724551927025,46.818632264977644,769.0,83.09492847854357,60.98829648894668,22.106631989596877,0.0,0.0,7.672301690507152,9.232769830949286,63.198959687906374,25.097529258777634,254.25,3.345704625589815,257.5957046255898,0.18801404554579,71.75718794826649,0.0,119.49457315217559,0.0,163.2730478556588,489.3234792996779,72.34252683419939,64.0,29.6875,1.015625,22.26007021727299,12.026775248455838,42.6985991582192
storage_tight,process_all,8,1121.2347927495548,2802.6378202327633,40.00641055562558,753.0,75.83001328021248,51.527224435590966,24.302788844621514,0.0,0.0,5.843293492695883,18.326693227091635,64.40903054448872,22.04515272244356,245.59722222222223,2.6574408976114743,248.2546631198337,0.22141184408936304,79.83506944444409,0.0,130.870336880153,0.0,132.12059951187496,471.14110624527393,42.41669280168738,50.0,28.645833333333332,1.0358796296296295,17.246456972489764,10.365685305690025,46.99747878580171
storage_tight,process_all,9,1213.8224296071353,2629.337667287438,46.164570062976274,747.0,87.81793842034806,66.13119143239625,21.686746987951807,0.0,0.0,4.28380187416332,7.898259705488621,63.58768406961178,28.647925033467203,220.2013888888889,2.7944694318716907,222.99585832076062,0.1837137400673468,80.03124999999999,0.0,153.29580834589305,0.0,150.40497208784214,410.25477059666616,115.90898359509058,76.92307692307692,25.59027777777778,1.0923032407407407,16.749879028722937,8.633693989741671,41.395512380798635
storage_tight,process_all,10,1510.7794004293244,3261.647398143676,46.3195194333135,774.0,87.46770025839793,65.63307493540051,21.834625322997415,0.0,0.0,5.426356589147287,7.10594315245478,65.89147286821705,26.227390180878555,284.23611111111114,3.7371981183408156,287.97330922945196,0.19061241445813823,76.58284775855302,0.0,91.26280188164598,0.0,153.7419101384874,393.61954783914814,133.47723417180896,78.57142857142857,33.229166666666664,1.0648148148148149,21.4309705018776,13.179462215054793,53.85993549335184
storage_tight,process_all,11,1052.0134316895064,2948.8212247765814,35.675727739962014,775.0,70.45161290322581,50.83870967741935,19.612903225806452,0.0,0.0,7.096774193548387,22.451612903225808,62.83870967741935,21.29032258064516,275.1875,2.8394578256666985,278.02695782566667,0.26428080616723926,79.46720964601377,0.0,100.63276439654175,0.0,140.05565752993655,441.8924687446929,102.72482263738512,57.142857142857146,32.1875,1.0026041666666667,18.9660874505948,14.465050287490389,42.75100878438804
storage_tight,process_all,12,959.5792661727534,2813.6630100289367,34.10427129163861,738.0,71.13821138211382,49.05149051490515,22.086720867208673,0.0,0.0,7.994579945799458,20.867208672086722,62.87262872628726,21.680216802168022,237.70833333333337,2.2316416453993844,239.93997497873275,0.2500470606620384,80.39583333333333,0.0,140.06696946569843,0.0,118.03720112074306,414.7859384211701,127.57284757906389,55.55555555555556,27.743055555555557,0.9722222222222222,14.103834518322792,11.700143491078594,51.22693539392494
storage_tight,process_all,13,1093.1470323619378,3086.893770494354,35.412525134833984,812.0,71.05911330049261,51.108374384236456,19.950738916256157,0.0,0.0,4.802955665024631,24.137931034482758,61.206896551724135,23.891625615763548,269.13194444444446,2.7244931958489014,271.85643764029334,0.2486915571210026,78.55246097989183,0.0,106.76856235969298,0.0,98.76445112933312,332.88003200380825,102.13078396685107,50.0,31.42361111111111,1.0778356481481481,16.04057244436095,11.800815453461542,51.308200905964426
storage_tight,process_all,14,1376.0894714747228,3159.553502300217,43.55328911103745,752.0,86.56914893617021,64.36170212765957,22.20744680851064,0.0,0.0,2.7925531914893615,10.638297872340425,66.62234042553192,25.930851063829788,288.19444444444446,3.444952183690579,291.63939662813505,0.21193345539922775,80.13020833333299,0.0,88.09671448296193,0.0,153.01059831444795,390.2620265376559,108.65737732514262,84.61538461538461,33.71527777777778,1.0387731481481481,20.705408880662183,12.852955846466912,43.023085453571895
storage_tight,process_all,15,886.4459391335301,2341.495585981719,37.85810848590047,776.0,78.35051546391753,55.670103092783506,22.68041237113402,0.0,0.0,0.7731958762886598,20.876288659793815,62.24226804123711,27.190721649484537,236.42361111111114,2.1347346950056822,238.55834580611682,0.26911776034452733,77.87326388888857,0.0,141.99720974942576,0.0,121.59771379192473,307.15977048556493,136.2553253566277,68.75,27.53472222222222,1.0691550925925926,11.951598381395266,9.285887562878905,36.52482776230344
storage_tight,process_all,16,1229.0658598081102,2912.442900275749,42.20051351708021,768.0,82.68229166666667,61.979166666666664,20.703125,0.0,0.0,8.333333333333334,8.984375,64.453125,23.958333333333332,230.83333333333334,3.0807071916333193,233.91404052496665,0.19031855669759376,80.39583333333333,0.0,146.2179039194648,0.0,154.60361993552866,538.6690321798874,110.8704059127091,68.75,26.84027777777778,1.1197916666666667,18.079437492585754,11.258330749741441,46.42975056770666
storage_tight,process_all,17,1264.4372399581741,3076.19731981379,41.10390552042721,781.0,83.73879641485276,62.22791293213828,21.51088348271447,0.0,0.0,1.6645326504481435,14.596670934699103,64.6606914212548,27.40076824583867,257.27083333333337,3.0279206659442686,260.29875399927766,0.20586134746228132,80.36979166666666,0.0,120.68735711182006,0.0,140.13467182266075,338.9461117252317,147.03446244782847,80.0,30.0,1.0980902777777777,19.2158643822123,10.964926410091893,46.429432734216384
storage_tight,process_all,18,1338.3096989892886,3142.1940998029672,42.59156679955601,819.0,79.60927960927961,60.195360195360195,19.413919413919412,0.0,0.0,6.95970695970696,13.431013431013431,61.78266178266178,24.90842490842491,248.81944444444449,3.113120737943706,251.9325651823882,0.18824683507311607,78.21636473135966,0.0,125.2341014842652,0.0,147.09921455961074,490.7636328606918,89.6886382361796,77.41935483870968,28.993055555555557,1.099537037037037,18.46873034324225,13.717134781457148,56.229121133427384
storage_tight,process_all,19,1289.3964762426208,3285.854240723272,39.24082998760173,807.0,81.28872366790583,57.24907063197026,24.039653035935565,0.0,0.0,5.700123915737299,13.011152416356877,66.17100371747212,23.172242874845104,315.75,3.4667742369080887,319.21677423690807,0.2475706891701186,78.71527777777746,0.0,65.79711465196642,0.0,148.54865707532025,462.78170799786113,108.71072766024037,62.06896551724138,37.013888888888886,1.0069444444444444,21.084878081257457,15.094849584013085,54.42241437026864
storage_tight,value_aware,0,1479.8781350227534,3565.8112587772926,41.5018638852523,784.0,80.2295918367347,65.05102040816327,15.178571428571429,13.26530612244898,0.3826530612244898,0.0,6.122448979591836,32.6530612244898,49.48979591836735,160.18055555555554,15.136416984831895,175.31697254038744,0.11846716860756369,75.32702440855408,0.0,206.04413857071097,0.0,170.03570593903126,477.4262636499868,107.9825748025055,70.73170731707317,18.88888888888889,0.31539351851851855,99.30054785874523,67.03201453359048,92.86135008574439
storage_tight,value_aware,1,1272.0011936673977,3027.9408298358308,42.00878633868031,778.0,72.23650385604113,59.383033419023135,12.853470437017995,11.696658097686376,0.12853470437017994,0.0,15.938303341902314,27.249357326478147,49.74293059125964,122.55555555555556,15.503434603908879,138.05899015946443,0.10853684009636554,80.39583333333333,0.0,236.3576765071898,0.0,150.6264576279289,450.42093324545726,94.57375822640576,70.96774193548387,14.444444444444445,0.25462962962962965,99.91193512794734,65.12345261953354,93.4335120081108
storage_tight,value_aware,2,1250.5607354554486,2808.1618069140122,44.533072573539975,776.0,69.3298969072165,56.44329896907217,12.88659793814433,13.917525773195877,0.0,0.0,16.75257731958763,25.38659793814433,50.25773195876289,140.65972222222223,15.845593769774528,156.50531599199675,0.125148112806371,79.36434470847965,0.0,218.42523956354586,0.0,132.9136434542237,377.51272073012115,57.319384495215395,72.72727272727273,16.631944444444443,0.19820601851851852,98.38708280394484,60.13593698992807,90.6060413297246
storage_tight,value_aware,3,1180.5022184961572,3268.694270065943,36.115406365990346,796.0,63.5678391959799,50.879396984924625,12.688442211055277,22.487437185929647,0.12562814070351758,0.0,13.819095477386934,31.281407035175878,40.20100502512563,174.18055555555557,13.97727448373433,188.1578300392899,0.15938795123907884,78.85416666666632,0.0,189.57133662736456,0.0,169.4156365146178,502.9205552795248,80.0508981469221,56.666666666666664,20.555555555555557,0.31539351851851855,90.435288635476,60.26202298005531,93.27091135764192
storage_tight,value_aware,4,1168.354273982683,2724.9994455309497,42.875394925265255,808.0,69.8019801980198,58.91089108910891,10.891089108910892,17.574257425742573,0.3712871287128713,0.0,12.252475247524753,22.277227722772277,52.475247524752476,118.95833333333334,17.19408756672985,136.1524209000632,0.11653350694387171,80.39583333333333,0.0,239.34757909992425,0.0,140.95910009381714,366.26379297888235,100.05462627487935,72.72727272727273,14.0625,0.1736111111111111,97.72668145806985,55.0675043424888,92.96535610423362
storage_tight,value_aware,5,1318.2563464269692,3497.893243708397,37.68715208213101,835.0,65.38922155688623,53.532934131736525,11.8562874251497,21.077844311377245,0.3592814371257485,0.0,13.173652694610778,28.023952095808383,44.790419161676645,171.43055555555554,16.125551060047254,187.5561066156028,0.14227589885985298,77.00520833333302,0.0,189.69389338438395,0.0,136.30073053922203,315.54927616867263,84.55074565012174,51.724137931034484,20.27777777777778,0.22858796296296297,99.2496170155458,62.045351813140364,93.3880027668551
storage_tight,value_aware,6,1288.8513530508835,3410.0336237797114,37.79585468199311,767.0,66.10169491525424,53.0638852672751,13.03780964797914,19.687092568448502,0.1303780964797914,0.0,14.08083441981747,28.422425032594525,44.32855280312907,150.42361111111114,17.310356592490148,167.73396770360128,0.1301422133022187,78.48958333333297,0.0,216.5368656297194,0.0,144.91769555458208,359.99450789741894,128.90737386663196,66.66666666666667,17.77777777777778,0.2271412037037037,100.0,67.94240594602643,93.32117195590372
storage_tight,value_aware,7,1382.7237420096037,2926.3724551927025,47.25043592984991,769.0,77.89336801040312,63.45903771131339,14.434330299089726,12.48374512353706,0.26007802340702213,0.0,9.362808842652797,29.258777633289988,49.93498049414824,136.16666666666669,15.010948150504042,151.17761481717073,0.10933320244972024,80.14816273847978,0.0,225.8084962939278,0.0,188.9621158301288,549.9820827715688,71.04543895855974,64.0,16.041666666666668,0.2951388888888889,99.87276142141735,65.46628599318993,93.38759992959616
storage_tight,value_aware,8,1178.38421979933,2802.6378202327633,42.045540500893665,753.0,68.39309428950864,54.71447543160691,13.678618857901727,21.779548472775563,0.13280212483399734,0.0,9.694555112881806,26.427622841965473,45.28552456839309,133.72222222222223,15.408619299896912,149.13084152211914,0.12655536200876402,80.39583333333333,0.0,229.57749181120153,0.0,157.9150759643853,494.7718216107,41.29143896631238,50.0,15.79861111111111,0.21122685185185186,100.0,62.08243728788384,93.20770894618123
storage_tight,value_aware,9,1257.1501967877152,2629.337667287438,47.81242867465772,747.0,81.52610441767068,68.94243641231593,12.583668005354752,13.520749665327978,0.2677376171352075,0.0,4.685408299866131,22.623828647925034,59.437751004016064,97.20833333333334,16.683520084411917,113.89185341774527,0.09059526356418116,78.58090871615858,0.0,261.316479915576,0.0,179.14400790765308,472.2894958521325,114.49979131950663,76.92307692307692,11.458333333333334,0.1996527777777778,100.0,65.0904366215765,93.26550636182263
storage_tight,value_aware,10,1552.902952106841,3261.647398143676,47.61100028748219,774.0,81.26614987080103,66.9250645994832,14.34108527131783,13.695090439276486,0.5167958656330749,0.0,4.521963824289406,29.58656330749354,52.325581395348834,145.36111111111114,17.38239933085977,162.7435104419709,0.1047995370355726,79.94791666666627,0.0,215.673156224683,0.0,174.0093021561799,437.5968320628908,131.92507542605225,78.57142857142857,17.15277777777778,0.2662037037037037,99.67940567113928,63.34880792462959,93.45216712079669
storage_tight,value_aware,11,1122.432530828669,2948.8212247765814,38.06377007184322,775.0,65.16129032258064,52.25806451612903,12.903225806451612,13.419354838709678,0.12903225806451613,0.0,21.29032258064516,29.548387096774192,42.58064516129032,166.81250000000003,14.797421928186456,181.60992192818648,0.1618003015237874,80.26041666666629,0.0,193.65396696068933,0.0,160.61963124167474,470.93067533734944,101.02125721338275,57.142857142857146,19.72222222222222,0.2387152777777778,98.83900926312846,65.22537352276146,93.31482766173724
storage_tight,value_aware,12,997.1690425033405,2813.6630100289367,35.44024422786456,738.0,65.17615176151762,52.1680216802168,13.008130081300813,17.208672086720867,0.8130081300813008,0.0,16.802168021680217,25.880758807588077,45.25745257452574,116.73611111111111,14.941218472810915,131.67732958392202,0.13205116080755275,80.39583333333333,0.0,245.919892638288,0.0,144.64427013029334,452.556299925444,126.13257576992702,55.55555555555556,13.784722222222221,0.19675925925925927,94.427558867732,64.98736128703602,92.94430179913275
storage_tight,value_aware,13,1124.5786714437318,3086.893770494354,36.430753859846455,812.0,64.90147783251231,52.0935960591133,12.807881773399014,21.67487684729064,0.24630541871921183,0.0,13.177339901477833,24.014778325123153,46.67487684729064,136.88194444444446,16.777543323375276,153.65948776781974,0.13663738399960226,80.39583333333333,0.0,224.79884556550087,0.0,125.19177587262267,335.69919422731067,100.92672514182307,50.0,16.180555555555557,0.20109953703703703,98.77851760725436,60.170887481709215,93.3122702909419
storage_tight,value_aware,14,1348.403400604348,3159.553502300217,42.67702381436756,752.0,81.11702127659575,65.42553191489361,15.691489361702128,8.51063829787234,0.26595744680851063,0.0,10.106382978723405,29.78723404255319,53.058510638297875,132.5,16.637933612158665,149.13793361215866,0.11060335026247764,79.35840176969522,0.0,230.76484416560646,0.0,179.061081671811,438.7539848003502,106.90710437566214,84.61538461538461,15.625,0.2604166666666667,100.0,72.65441047608263,93.28002736789664
storage_tight,value_aware,15,945.791901751955,2341.495585981719,40.3926408153109,776.0,75.25773195876289,60.18041237113402,15.077319587628866,3.479381443298969,0.12886597938144329,0.0,21.1340206185567,23.45360824742268,55.79896907216495,99.38194444444446,17.679806777590155,117.06175122203462,0.12377114987471675,80.39583333333333,0.0,259.9521376668422,0.0,146.22316284478487,338.26953575487164,135.529421610446,68.75,11.70138888888889,0.2271412037037037,98.98276847271886,64.83104699351819,93.23445996789226
storage_tight,value_aware,16,1288.6512523717254,2912.442900275749,44.24640401532736,768.0,77.734375,65.88541666666667,11.848958333333334,17.1875,0.13020833333333334,0.0,4.947916666666667,24.348958333333332,54.036458333333336,123.97916666666667,16.631263241343508,140.6104299080102,0.10911441683637893,79.5035261724029,0.0,239.26457009197742,0.0,180.09432209631612,570.1622532819545,109.00905583294649,68.75,14.652777777777779,0.18663194444444445,97.60222750517015,58.69727229586448,92.6380162448011
storage_tight,value_aware,17,1253.837104803099,3076.19731981379,40.759319850099764,781.0,78.36107554417414,63.38028169014085,14.98079385403329,13.188220230473751,0.5121638924455826,0.0,7.9385403329065305,27.65685019206146,53.137003841229195,126.04166666666669,15.757400269472903,141.79906693613958,0.11309209656736673,79.61625361262136,0.0,238.36759973051466,0.0,161.5117779989291,359.65572765080753,145.63204731556763,80.0,14.86111111111111,0.2517361111111111,100.0,67.60373760406651,93.48167628883735
storage_tight,value_aware,18,1390.326249261562,3142.1940998029672,44.24698809499843,819.0,74.48107448107449,62.51526251526251,11.965811965811966,18.803418803418804,0.2442002442002442,0.0,6.471306471306471,26.25152625152625,50.91575091575091,140.16666666666669,16.390497615027527,156.5571642816942,0.11260462381750021,79.82468669006703,0.0,221.27616905162637,0.0,169.16421921643277,538.6726351795703,88.60610850876331,77.41935483870968,16.5625,0.2170138888888889,97.23737243915802,64.04850514260438,92.69703529758108
storage_tight,value_aware,19,1327.023834539214,3285.854240723272,40.38596168061045,807.0,75.58859975216852,60.346964064436186,15.241635687732343,16.48079306071871,0.12391573729863693,0.0,7.806691449814126,32.2180916976456,47.21189591078067,193.64583333333337,16.11505360659665,209.76088693993003,0.15806866574688605,77.53867221859937,0.0,173.69744639339,0.0,173.6043491514819,498.2807928606155,119.99124782713687,65.51724137931035,22.916666666666668,0.2387152777777778,98.01155695418507,67.6733547186782,93.43088599646609
