scenario,policy,seed,value_delivered,value_ideal,value_score_pct,items_generated,completion_rate_pct,delivered_pct,discarded_onboard_pct,dropped_pct,overflow_pct,expired_pct,backlog_pct,processed_onboard_pct,sent_raw_pct,energy_proc_wh,energy_radio_wh,energy_total_wh,wh_per_value,min_soc_pct,time_below_reserve_pct,spilled_solar_wh,stalled_job_steps,latency_mean_min,latency_p95_min,alert_latency_mean_min,alerts_delivered_pct,gpu_util_pct,cpu_util_pct,downlink_util_pct,storage_mean_pct,storage_peak_pct
downlink_starved,full_engine,0,943.5077936880532,2781.0729689275527,33.92603517526158,750.0,64.93333333333334,50.13333333333333,14.8,29.466666666666665,0.0,0.0,5.6,41.733333333333334,26.933333333333334,223.18055555555557,6.018333333333349,229.19888888888892,0.24292209393732647,79.78993055555512,0.0,189.4677777777634,0.0,244.81171625540588,597.8416706086748,192.17504050600058,55.55555555555556,26.319444444444443,0.4369212962962963,99.99999999999999,8.000373836870015,16.338587147006532
downlink_starved,full_engine,1,1105.5362608727755,3001.6817517051036,36.83056207556901,759.0,70.88274044795784,54.6772068511199,16.205533596837945,24.90118577075099,0.0,0.0,4.216073781291173,48.616600790513836,25.428194993412383,249.35416666666669,6.839444444444557,256.19361111111124,0.23173695895678437,79.86458333333294,0.0,162.7813888888742,0.0,233.96826558114574,608.0499332455538,144.91725239171825,57.142857142857146,29.375,0.5425347222222222,100.00000000000001,8.586538698370711,15.3182678714986
downlink_starved,full_engine,2,919.4852942533845,2830.6558953221897,32.483117985936865,756.0,61.904761904761905,44.576719576719576,17.32804232804233,31.084656084656086,0.0,0.0,7.01058201058201,54.76190476190476,12.566137566137566,253.95833333333337,5.622777777777809,259.58111111111117,0.2823113243174696,64.52083333333363,0.0,145.89388888887552,0.0,252.62175378850793,603.9959582256506,157.65014810814526,55.0,29.791666666666668,0.7725694444444444,100.0,8.456979864420843,17.47263739020523
downlink_starved,full_engine,3,909.7809802637796,2765.429239114129,32.89836410911808,743.0,62.31493943472409,47.24091520861373,15.074024226110364,31.35935397039031,0.0,0.0,6.325706594885599,40.915208613728126,25.57200538358008,221.34722222222223,5.696666666667118,227.04388888888934,0.249558843077881,78.39583333333336,0.0,190.61861111109698,0.0,238.45963133751343,578.1646027511657,124.56387327877016,50.0,26.11111111111111,0.4195601851851852,100.0,8.145384940928425,14.785083721683202
downlink_starved,full_engine,4,1055.841135234669,2872.986538398728,36.75064679638725,760.0,71.84210526315789,56.71052631578947,15.131578947368421,24.07894736842105,0.0,0.0,4.078947368421052,47.23684210526316,27.105263157894736,246.05555555555557,6.886111111111111,252.9416666666667,0.2395641334910184,75.02430555555527,0.0,165.72499999998618,0.0,225.4633582640045,585.6478233758223,155.83585945791307,76.0,28.958333333333332,0.5844907407407407,100.0,8.267938190174597,18.00896068381744
downlink_starved,full_engine,5,954.2212996918975,2823.63896570814,33.794026477198315,738.0,64.22764227642277,50.0,14.227642276422765,28.86178861788618,0.0,0.0,6.9105691056910565,50.67750677506775,18.834688346883468,249.84027777777777,5.998888888888825,255.83916666666659,0.26811303284602106,72.64583333333321,0.0,152.07749999998626,0.0,246.83159545623417,634.8421237492039,123.6108036586836,65.0,29.375,0.6438078703703703,100.0,8.858960161537729,16.639194564502947
downlink_starved,full_engine,6,842.5541042748068,3173.0538754351437,26.55341312662904,734.0,55.44959128065395,42.37057220708447,13.079019073569482,32.561307901907355,0.0,0.0,11.989100817438691,47.82016348773842,17.029972752043598,262.94444444444446,4.8394444444443145,267.7838888888888,0.3178239682534958,73.58333333333346,0.0,143.77444444443043,0.0,256.6851096152152,630.0770413652607,162.19133353951426,65.38461538461539,31.006944444444443,0.5179398148148148,100.0,9.206831499813134,20.568884277006685
downlink_starved,full_engine,7,939.5286270659193,2799.5507101330863,33.55997888037025,742.0,61.85983827493261,46.3611859838275,15.498652291105122,29.110512129380055,0.0,0.0,9.029649595687331,40.43126684636118,26.41509433962264,244.67361111111114,6.038888888888241,250.71249999999938,0.26684923990337217,80.39583333333333,0.0,168.28749999998615,0.0,220.41201297093477,562.0073112906817,173.46561260477685,56.52173913043478,28.92361111111111,0.35734953703703703,100.0,8.358929312769643,15.359763437145599
downlink_starved,full_engine,8,1034.845094559789,2669.009155986942,38.772631867466394,709.0,68.68829337094499,52.60930888575459,16.07898448519041,26.939351198871652,0.0,0.0,4.372355430183357,46.5444287729196,25.24682651622003,232.75694444444446,6.048333333333721,238.80527777777817,0.23076427480130554,75.64583333333152,0.0,175.98638888887447,0.0,251.52548901104262,617.6562962550778,112.19070462747872,76.0,27.430555555555557,0.48755787037037035,100.0,8.270034645528284,17.90426165246812
downlink_starved,full_engine,9,809.3249989245767,2619.62144577906,30.89473100125305,683.0,58.27232796486091,42.4597364568082,15.812591508052709,32.94289897510981,0.0,0.0,8.784773060029282,44.36310395314788,20.351390922401173,231.18055555555557,4.845000000000517,236.02555555555608,0.2916326023157379,68.77083333333354,0.0,167.12444444443037,0.0,272.81729813391576,652.0325436878154,136.6831625118977,59.09090909090909,27.291666666666668,0.40219907407407407,100.0,7.951635633934944,16.779091896482885
downlink_starved,full_engine,10,1017.1861533500612,3049.7191450513924,33.353436987815485,754.0,66.04774535809018,47.745358090185675,18.30238726790451,25.9946949602122,0.0,0.0,7.957559681697613,53.183023872679044,17.90450928381963,255.22222222222223,6.019999999999223,261.24222222222147,0.2568283311386326,78.32291666666632,0.0,157.42444444443072,0.0,240.6926263783081,574.2062672468297,151.67042005243115,60.714285714285715,30.0,0.6712962962962963,100.0,8.824835397676217,18.02799272933366
downlink_starved,full_engine,11,955.1665722085305,2695.5438346040655,35.435022793789216,749.0,67.95727636849132,52.069425901201605,15.88785046728972,28.83845126835781,0.0,0.0,3.2042723631508676,42.857142857142854,26.43524699599466,231.81944444444446,6.841111111109947,238.6605555555544,0.249862759543317,80.39583333333333,0.0,179.67277777776457,0.0,237.78908906842952,586.5040775828144,195.00359341465628,50.0,27.32638888888889,0.47453703703703703,100.0,8.240484674533413,15.592242012325556
downlink_starved,full_engine,12,889.7380643928647,2720.0840553711027,32.70994742371949,716.0,62.849162011173185,45.67039106145251,17.178770949720672,31.843575418994412,0.0,0.0,5.307262569832402,52.09497206703911,14.385474860335195,238.56944444444446,5.623333333333075,244.19277777777754,0.2744546822827106,65.2083333333336,0.0,158.87388888887654,0.0,256.88533411308697,608.8434510684048,163.86442020668105,61.53846153846154,28.020833333333332,0.6655092592592593,100.0,7.84879961524865,14.430083485790584
downlink_starved,full_engine,13,995.4557040997389,2948.046341488098,33.76662334274089,783.0,62.452107279693486,45.97701149425287,16.47509578544061,29.50191570881226,0.0,0.0,8.045977011494253,53.63984674329502,15.070242656449553,271.0763888888889,5.698333333331782,276.7747222222207,0.2780382101205876,72.13888888888869,0.0,139.25027777776575,0.0,206.0987621428859,519.1373340527948,167.81005861509865,52.38095238095238,31.84027777777778,0.7537615740740741,100.0,8.951454807779534,22.265204735559692
downlink_starved,full_engine,14,1092.8054450846316,2614.4977210630345,41.79791155604088,711.0,71.58931082981717,55.69620253164557,15.893108298171589,23.347398030942333,0.0,0.0,5.063291139240507,48.9451476793249,26.30098452883263,250.52083333333337,6.888333333335402,257.4091666666688,0.23554894224262757,78.99999999999963,0.0,161.25749999998334,0.0,241.36650925976105,570.2376840069937,132.11483732173977,87.5,29.51388888888889,0.5425347222222222,100.0,8.612906538963264,15.805581594585506
downlink_starved,full_engine,15,884.7857511721858,2871.5316123264615,30.812328423414037,773.0,64.68305304010349,49.28848641655886,15.394566623544632,29.107373868046572,0.0,0.0,6.2095730918499354,41.00905562742562,27.166882276843467,241.43750000000003,5.996666666666149,247.4341666666662,0.27965433025888964,72.21874999999986,0.0,161.3241666666534,0.0,255.9557799453117,642.653433980765,162.18424962631025,61.29032258064516,28.506944444444443,0.4123263888888889,100.0,8.279309618820324,14.803303831832034
downlink_starved,full_engine,16,786.4193716705387,2606.9633013761813,30.16610825535589,742.0,59.1644204851752,45.01347708894879,14.150943396226415,32.88409703504043,0.0,0.0,7.951482479784366,39.62264150943396,24.528301886792452,215.65972222222226,4.84055555555452,220.50027777777677,0.28038510459042054,73.12500000000013,0.0,188.38305555554342,0.0,277.8628118644365,648.026862633157,171.69464590363756,66.66666666666667,25.45138888888889,0.38917824074074076,100.0,7.946640050283757,16.129702204747
downlink_starved,full_engine,17,1127.9763054612235,3292.2341112093236,34.261728278092846,769.0,64.23927178153446,47.854356306892065,16.384915474642394,28.088426527958386,0.0,0.0,7.672301690507152,44.213263979193755,24.83745123537061,265.91666666666674,6.041666666665373,271.9583333333321,0.24110287779682552,77.41666666666633,0.0,146.2083333333198,0.0,254.3111465272144,582.964395486424,136.0210854129155,75.67567567567568,31.42361111111111,0.4079861111111111,100.0,8.271500401828444,17.333664420619357
downlink_starved,full_engine,18,898.791750246651,3068.3884087204506,29.291981018187208,763.0,63.30275229357798,48.099606815203146,15.203145478374836,31.061598951507207,0.0,0.0,5.6356487549148095,49.1480996068152,18.34862385321101,247.46527777777783,6.049444444443926,253.51472222222176,0.2820616924361522,73.36458333333293,0.0,159.76861111109852,0.0,283.0383104112338,648.1050833511962,203.12333324171541,64.51612903225806,29.09722222222222,0.6351273148148148,100.0,9.606997018308777,15.077780876730078
downlink_starved,full_engine,19,762.4310694818981,2864.1710844587165,26.61960640615802,752.0,58.776595744680854,40.82446808510638,17.95212765957447,31.78191489361702,0.0,0.0,9.441489361702128,46.67553191489362,19.54787234042553,256.45833333333337,4.846111111112663,261.30444444444606,0.3427253359730116,68.31250000000021,0.0,140.8122222222068,0.0,285.9652981810269,635.2674963021319,191.4648575002859,51.851851851851855,30.243055555555557,0.5034722222222222,100.0,8.775181118532672,17.890699774503677
downlink_starved,no_battery_guard,0,943.5077936880532,2781.0729689275527,33.92603517526158,750.0,64.93333333333334,50.13333333333333,14.8,29.466666666666665,0.0,0.0,5.6,41.733333333333334,26.933333333333334,223.18055555555557,6.018333333333349,229.19888888888892,0.24292209393732647,79.78993055555512,0.0,189.4677777777634,0.0,244.81171625540588,597.8416706086748,192.17504050600058,55.55555555555556,26.319444444444443,0.4369212962962963,99.99999999999999,8.000373836870015,16.338587147006532
downlink_starved,no_battery_guard,1,1105.5362608727755,3001.6817517051036,36.83056207556901,759.0,70.88274044795784,54.6772068511199,16.205533596837945,24.90118577075099,0.0,0.0,4.216073781291173,48.616600790513836,25.428194993412383,249.35416666666669,6.839444444444557,256.19361111111124,0.23173695895678437,79.86458333333294,0.0,162.7813888888742,0.0,233.96826558114574,608.0499332455538,144.91725239171825,57.142857142857146,29.375,0.5425347222222222,100.00000000000001,8.586538698370711,15.3182678714986
downlink_starved,no_battery_guard,2,919.4852942533845,2830.6558953221897,32.483117985936865,756.0,61.904761904761905,44.576719576719576,17.32804232804233,31.084656084656086,0.0,0.0,7.01058201058201,54.76190476190476,12.566137566137566,253.95833333333337,5.622777777777809,259.58111111111117,0.2823113243174696,64.52083333333363,0.0,145.89388888887552,0.0,252.62175378850793,603.9959582256506,157.65014810814526,55.0,29.791666666666668,0.7725694444444444,100.0,8.456979864420843,17.47263739020523
downlink_starved,no_battery_guard,3,909.7809802637796,2765.429239114129,32.89836410911808,743.0,62.31493943472409,47.24091520861373,15.074024226110364,31.35935397039031,0.0,0.0,6.325706594885599,40.915208613728126,25.57200538358008,221.34722222222223,5.696666666667118,227.04388888888934,0.249558843077881,78.39583333333336,0.0,190.61861111109698,0.0,238.45963133751343,578.1646027511657,124.56387327877016,50.0,26.11111111111111,0.4195601851851852,100.0,8.145384940928425,14.785083721683202
downlink_starved,no_battery_guard,4,1055.841135234669,2872.986538398728,36.75064679638725,760.0,71.84210526315789,56.71052631578947,15.131578947368421,24.07894736842105,0.0,0.0,4.078947368421052,47.23684210526316,27.105263157894736,246.05555555555557,6.886111111111111,252.9416666666667,0.2395641334910184,75.02430555555527,0.0,165.72499999998618,0.0,225.4633582640045,585.6478233758223,155.83585945791307,76.0,28.958333333333332,0.5844907407407407,100.0,8.267938190174597,18.00896068381744
downlink_starved,no_battery_guard,5,954.2212996918975,2823.63896570814,33.794026477198315,738.0,64.22764227642277,50.0,14.227642276422765,28.86178861788618,0.0,0.0,6.9105691056910565,50.67750677506775,18.834688346883468,249.84027777777777,5.998888888888825,255.83916666666659,0.26811303284602106,72.64583333333321,0.0,152.07749999998626,0.0,246.83159545623417,634.8421237492039,123.6108036586836,65.0,29.375,0.6438078703703703,100.0,8.858960161537729,16.639194564502947
downlink_starved,no_battery_guard,6,842.5541042748068,3173.0538754351437,26.55341312662904,734.0,55.44959128065395,42.37057220708447,13.079019073569482,32.561307901907355,0.0,0.0,11.989100817438691,47.82016348773842,17.029972752043598,262.94444444444446,4.8394444444443145,267.7838888888888,0.3178239682534958,73.58333333333346,0.0,143.77444444443043,0.0,256.6851096152152,630.0770413652607,162.19133353951426,65.38461538461539,31.006944444444443,0.5179398148148148,100.0,9.206831499813134,20.568884277006685
downlink_starved,no_battery_guard,7,939.5286270659193,2799.5507101330863,33.55997888037025,742.0,61.85983827493261,46.3611859838275,15.498652291105122,29.110512129380055,0.0,0.0,9.029649595687331,40.43126684636118,26.41509433962264,244.67361111111114,6.038888888888241,250.71249999999938,0.26684923990337217,80.39583333333333,0.0,168.28749999998615,0.0,220.41201297093477,562.0073112906817,173.46561260477685,56.52173913043478,28.92361111111111,0.35734953703703703,100.0,8.358929312769643,15.359763437145599
downlink_starved,no_battery_guard,8,1034.845094559789,2669.009155986942,38.772631867466394,709.0,68.68829337094499,52.60930888575459,16.07898448519041,26.939351198871652,0.0,0.0,4.372355430183357,46.5444287729196,25.24682651622003,232.75694444444446,6.048333333333721,238.80527777777817,0.23076427480130554,75.64583333333152,0.0,175.98638888887447,0.0,251.52548901104262,617.6562962550778,112.19070462747872,76.0,27.430555555555557,0.48755787037037035,100.0,8.270034645528284,17.90426165246812
downlink_starved,no_battery_guard,9,809.3249989245767,2619.62144577906,30.89473100125305,683.0,58.27232796486091,42.4597364568082,15.812591508052709,32.94289897510981,0.0,0.0,8.784773060029282,44.36310395314788,20.351390922401173,231.18055555555557,4.845000000000517,236.02555555555608,0.2916326023157379,68.77083333333354,0.0,167.12444444443037,0.0,272.81729813391576,652.0325436878154,136.6831625118977,59.09090909090909,27.291666666666668,0.40219907407407407,100.0,7.951635633934944,16.779091896482885
downlink_starved,no_battery_guard,10,1017.1861533500612,3049.7191450513924,33.353436987815485,754.0,66.04774535809018,47.745358090185675,18.30238726790451,25.9946949602122,0.0,0.0,7.957559681697613,53.183023872679044,17.90450928381963,255.22222222222223,6.019999999999223,261.24222222222147,0.2568283311386326,78.32291666666632,0.0,157.42444444443072,0.0,240.6926263783081,574.2062672468297,151.67042005243115,60.714285714285715,30.0,0.6712962962962963,100.0,8.824835397676217,18.02799272933366
downlink_starved,no_battery_guard,11,955.1665722085305,2695.5438346040655,35.435022793789216,749.0,67.95727636849132,52.069425901201605,15.88785046728972,28.83845126835781,0.0,0.0,3.2042723631508676,42.857142857142854,26.43524699599466,231.81944444444446,6.841111111109947,238.6605555555544,0.249862759543317,80.39583333333333,0.0,179.67277777776457,0.0,237.78908906842952,586.5040775828144,195.00359341465628,50.0,27.32638888888889,0.47453703703703703,100.0,8.240484674533413,15.592242012325556
downlink_starved,no_battery_guard,12,889.7380643928647,2720.0840553711027,32.70994742371949,716.0,62.849162011173185,45.67039106145251,17.178770949720672,31.843575418994412,0.0,0.0,5.307262569832402,52.09497206703911,14.385474860335195,238.56944444444446,5.623333333333075,244.19277777777754,0.2744546822827106,65.2083333333336,0.0,158.87388888887654,0.0,256.88533411308697,608.8434510684048,163.86442020668105,61.53846153846154,28.020833333333332,0.6655092592592593,100.0,7.84879961524865,14.430083485790584
downlink_starved,no_battery_guard,13,995.4557040997389,2948.046341488098,33.76662334274089,783.0,62.452107279693486,45.97701149425287,16.47509578544061,29.50191570881226,0.0,0.0,8.045977011494253,53.63984674329502,15.070242656449553,271.0763888888889,5.698333333331782,276.7747222222207,0.2780382101205876,72.13888888888869,0.0,139.25027777776575,0.0,206.0987621428859,519.1373340527948,167.81005861509865,52.38095238095238,31.84027777777778,0.7537615740740741,100.0,8.951454807779534,22.265204735559692
downlink_starved,no_battery_guard,14,1092.8054450846316,2614.4977210630345,41.79791155604088,711.0,71.58931082981717,55.69620253164557,15.893108298171589,23.347398030942333,0.0,0.0,5.063291139240507,48.9451476793249,26.30098452883263,250.52083333333337,6.888333333335402,257.4091666666688,0.23554894224262757,78.99999999999963,0.0,161.25749999998334,0.0,241.36650925976105,570.2376840069937,132.11483732173977,87.5,29.51388888888889,0.5425347222222222,100.0,8.612906538963264,15.805581594585506
downlink_starved,no_battery_guard,15,884.7857511721858,2871.5316123264615,30.812328423414037,773.0,64.68305304010349,49.28848641655886,15.394566623544632,29.107373868046572,0.0,0.0,6.2095730918499354,41.00905562742562,27.166882276843467,241.43750000000003,5.996666666666149,247.4341666666662,0.27965433025888964,72.21874999999986,0.0,161.3241666666534,0.0,255.9557799453117,642.653433980765,162.18424962631025,61.29032258064516,28.506944444444443,0.4123263888888889,100.0,8.279309618820324,14.803303831832034
downlink_starved,no_battery_guard,16,786.4193716705387,2606.9633013761813,30.16610825535589,742.0,59.1644204851752,45.01347708894879,14.150943396226415,32.88409703504043,0.0,0.0,7.951482479784366,39.62264150943396,24.528301886792452,215.65972222222226,4.84055555555452,220.50027777777677,0.28038510459042054,73.12500000000013,0.0,188.38305555554342,0.0,277.8628118644365,648.026862633157,171.69464590363756,66.66666666666667,25.45138888888889,0.38917824074074076,100.0,7.946640050283757,16.129702204747
downlink_starved,no_battery_guard,17,1127.9763054612235,3292.2341112093236,34.261728278092846,769.0,64.23927178153446,47.854356306892065,16.384915474642394,28.088426527958386,0.0,0.0,7.672301690507152,44.213263979193755,24.83745123537061,265.91666666666674,6.041666666665373,271.9583333333321,0.24110287779682552,77.41666666666633,0.0,146.2083333333198,0.0,254.3111465272144,582.964395486424,136.0210854129155,75.67567567567568,31.42361111111111,0.4079861111111111,100.0,8.271500401828444,17.333664420619357
downlink_starved,no_battery_guard,18,898.791750246651,3068.3884087204506,29.291981018187208,763.0,63.30275229357798,48.099606815203146,15.203145478374836,31.061598951507207,0.0,0.0,5.6356487549148095,49.1480996068152,18.34862385321101,247.46527777777783,6.049444444443926,253.51472222222176,0.2820616924361522,73.36458333333293,0.0,159.76861111109852,0.0,283.0383104112338,648.1050833511962,203.12333324171541,64.51612903225806,29.09722222222222,0.6351273148148148,100.0,9.606997018308777,15.077780876730078
downlink_starved,no_battery_guard,19,762.4310694818981,2864.1710844587165,26.61960640615802,752.0,58.776595744680854,40.82446808510638,17.95212765957447,31.78191489361702,0.0,0.0,9.441489361702128,46.67553191489362,19.54787234042553,256.45833333333337,4.846111111112663,261.30444444444606,0.3427253359730116,68.31250000000021,0.0,140.8122222222068,0.0,285.9652981810269,635.2674963021319,191.4648575002859,51.851851851851855,30.243055555555557,0.5034722222222222,100.0,8.775181118532672,17.890699774503677
downlink_starved,no_prices,0,928.0966029527705,2781.0729689275527,33.37188967431755,750.0,64.4,49.46666666666667,14.933333333333334,29.466666666666665,0.0,0.0,6.133333333333334,36.93333333333333,31.6,223.30555555555557,6.018333333333349,229.32388888888892,0.24709053794538982,80.39583333333333,0.0,189.34277777776333,0.0,246.85671428453801,609.5412352218223,192.17504050600058,55.55555555555556,26.42361111111111,0.2806712962962963,99.99999999999999,7.803669848242887,16.384783190757254
downlink_starved,no_prices,1,1092.1152874298502,3001.6817517051036,36.383446939685555,759.0,69.56521739130434,53.0961791831357,16.469038208168644,25.823451910408433,0.0,0.0,4.61133069828722,43.61001317523057,29.776021080368906,248.52083333333337,6.839444444444557,255.36027777777792,0.23382172259371514,76.94791666666634,0.0,163.6147222222076,0.0,237.89033533029402,625.1934306000113,144.91732570475241,57.142857142857146,29.375,0.3689236111111111,100.00000000000001,9.23843938108241,16.790209937507406
downlink_starved,no_prices,2,876.4235836013526,2830.6558953221897,30.961855344186816,756.0,59.78835978835979,43.91534391534392,15.873015873015873,31.349206349206348,0.0,0.0,8.862433862433862,44.17989417989418,22.61904761904762,252.2916666666667,5.622777777777809,257.91444444444454,0.2942805844916181,64.52083333333363,0.0,147.26888888887532,0.0,260.13515494745985,625.8146958199395,157.65004743142447,55.0,29.791666666666668,0.4253472222222222,100.0,9.03445538685552,19.316830438012683
downlink_starved,no_prices,3,901.000116465641,2765.429239114129,32.580841473791075,743.0,61.50740242261104,46.8371467025572,14.670255720053836,31.35935397039031,0.0,0.0,7.133243606998654,37.95423956931359,28.129205921938087,218.5763888888889,5.696666666667118,224.27305555555603,0.24891567876296553,78.39583333333336,0.0,193.36861111109698,0.0,241.05889724777796,583.4018155921113,124.56387327877016,50.0,25.833333333333332,0.32841435185185186,100.0,8.69954744922022,17.406569962109852
downlink_starved,no_prices,4,1035.206064854635,2872.986538398728,36.03240220650709,760.0,72.5,57.76315789473684,14.736842105263158,22.763157894736842,0.0,0.0,4.7368421052631575,40.13157894736842,35.39473684210526,243.47222222222226,6.886111111111111,250.35833333333338,0.24184395922032104,77.94097222222187,0.0,168.30833333331893,0.0,240.1316469852868,628.7756753236752,155.83585945791307,76.0,28.78472222222222,0.35011574074074076,100.0,10.27262371056784,21.06900800628832
downlink_starved,no_prices,5,922.1167358618811,2823.63896570814,32.65703395726527,738.0,61.78861788617886,48.1029810298103,13.685636856368564,29.81029810298103,0.0,0.0,8.401084010840108,40.921409214092144,27.77777777777778,249.19444444444446,5.998888888888825,255.19333333333327,0.2767473177838053,72.64583333333321,0.0,152.7233333333195,0.0,261.963065818605,655.9865301904022,123.6108036586836,65.0,29.479166666666668,0.3269675925925926,100.0,10.65529466440682,20.800636479678097
downlink_starved,no_prices,6,820.5827100899296,3173.0538754351437,25.860976280379013,734.0,54.63215258855586,41.55313351498638,13.079019073569482,32.69754768392371,0.0,0.0,12.670299727520437,42.77929155313352,21.525885558583106,259.86111111111114,4.8394444444443145,264.70055555555547,0.3225763257021907,73.58333333333346,0.0,144.75777777776372,0.0,261.67655043869155,629.3306420994033,162.19133353951426,65.38461538461539,30.729166666666668,0.3616898148148148,100.0,9.187417625087331,19.11242266010714
downlink_starved,no_prices,7,931.1468684719929,2799.5507101330863,33.26058231778654,742.0,61.455525606469,46.091644204851754,15.36388140161725,29.110512129380055,0.0,0.0,9.433962264150944,37.870619946091644,28.975741239892184,244.2777777777778,6.038888888888241,250.31666666666604,0.26882619180949874,80.39583333333333,0.0,168.68333333331944,0.0,224.42676338538578,586.0898897468667,173.46561260477685,56.52173913043478,28.92361111111111,0.27488425925925924,100.0,8.306596750415421,15.626325176853083
downlink_starved,no_prices,8,1016.5150938372259,2669.009155986942,38.08586012367352,709.0,67.55994358251058,51.763046544428775,15.796897038081806,27.080394922425953,0.0,0.0,5.359661495063469,39.35119887165021,32.29901269393512,231.69444444444446,6.048333333333721,237.74277777777817,0.23388022393285565,75.64583333333152,0.0,174.71555555554104,0.0,259.29229629505767,625.5445926498289,112.19070462747872,76.0,27.430555555555557,0.2662037037037037,100.0,8.39245120203313,16.443590106956993
downlink_starved,no_prices,9,798.1182719399515,2619.62144577906,30.46693151890104,683.0,57.5402635431918,41.874084919472914,15.666178623718887,32.94289897510981,0.0,0.0,9.51683748169839,41.874084919472914,22.547584187408493,231.68055555555557,4.845000000000517,236.52555555555608,0.2963540165302113,68.77083333333354,0.0,167.4994444444303,0.0,272.8274857044182,653.6638233045148,136.6831625118977,59.09090909090909,27.395833333333332,0.32407407407407407,100.0,7.8654851665829995,16.586436807282368
downlink_starved,no_prices,10,986.7424534419017,3049.7191450513924,32.355190970389295,754.0,65.64986737400531,47.745358090185675,17.90450928381963,26.25994694960212,0.0,0.0,8.090185676392572,45.755968169761275,25.9946949602122,254.90972222222223,6.019999999999223,260.92972222222147,0.2644354880162098,78.68749999999963,0.0,157.73694444443072,0.0,251.2887603907449,589.4084219953254,151.67042005243115,60.714285714285715,30.104166666666668,0.42390046296296297,100.0,9.039413361911873,18.808263073253684
downlink_starved,no_prices,11,944.5289738878864,2695.5438346040655,35.04038635033451,749.0,69.29238985313752,53.80507343124165,15.48731642189586,26.83578104138852,0.0,0.0,3.871829105473965,38.184245660881174,33.11081441922563,230.48611111111114,6.841111111109947,237.32722222222108,0.25126515838400454,79.41666666666629,0.0,181.00611111109794,0.0,249.588431823701,623.8106095699425,195.00359341465628,50.0,27.256944444444443,0.31828703703703703,100.0,8.61116783486222,17.02073686431513
downlink_starved,no_prices,12,870.2894796371925,2720.0840553711027,31.994948020768362,716.0,61.87150837988827,45.81005586592179,16.06145251396648,31.843575418994412,0.0,0.0,6.284916201117318,42.45810055865922,23.60335195530726,236.27777777777777,5.623333333333075,241.90111111111085,0.27795476881089604,65.2083333333336,0.0,160.2905555555431,0.0,272.3525795142771,633.1922242476548,163.86442020668105,61.53846153846154,27.916666666666668,0.37037037037037035,100.0,8.28032445677998,16.86109487254711
downlink_starved,no_prices,13,946.898777602155,2948.046341488098,32.11953503838697,783.0,60.53639846743295,44.827586206896555,15.708812260536398,29.757343550446997,0.0,0.0,9.706257982120052,43.16730523627076,25.415070242656448,271.6805555555556,5.698333333331782,277.3788888888874,0.29293404474689244,75.00347222222197,0.0,140.10444444443254,0.0,220.22759338602245,558.0961678649082,167.80764818357122,52.38095238095238,32.11805555555556,0.39351851851851855,100.0,9.402560443332655,21.86404164011623
downlink_starved,no_prices,14,1069.171386507793,2614.4977210630345,40.89394983572891,711.0,70.46413502109705,54.9929676511955,15.471167369901547,23.488045007032348,0.0,0.0,6.047819971870605,43.037974683544306,32.06751054852321,249.64583333333334,6.888333333335402,256.53416666666874,0.23993736636048568,76.5312499999997,0.0,162.1324999999834,0.0,250.4074767893808,597.8115959603206,132.11483732173977,87.5,29.51388888888889,0.3602430555555556,100.0,8.734192730036579,16.604619332073348
downlink_starved,no_prices,15,875.3563133005704,2871.5316123264615,30.483951823583546,773.0,64.03622250970245,49.159120310478656,14.877102199223803,29.236739974126777,0.0,0.0,6.727037516170763,36.86934023285899,31.047865459249678,238.45833333333334,5.996666666666149,244.4549999999995,0.2792634225464953,72.21874999999986,0.0,163.42833333332004,0.0,261.4754240262762,642.8956871197487,162.18424962631025,61.29032258064516,28.229166666666668,0.2777777777777778,100.0,9.815093559809561,17.13542070597651
downlink_starved,no_prices,16,783.6635963508484,2606.9633013761813,30.060400003987887,742.0,57.95148247978437,43.935309973045825,14.016172506738544,33.15363881401617,0.0,0.0,8.89487870619946,36.52291105121294,26.954177897574123,216.03472222222226,4.84055555555452,220.87527777777677,0.2818496084369476,73.12500000000013,0.0,188.88305555554325,0.0,278.74201471461816,652.4476614664881,171.69464590363756,66.66666666666667,25.555555555555557,0.28501157407407407,100.0,7.94979482970514,17.490296408038876
downlink_starved,no_prices,17,1123.7118340548109,3292.2341112093236,34.13219704603699,769.0,63.97919375812744,47.594278283485046,16.384915474642394,28.088426527958386,0.0,0.0,7.932379713914174,42.65279583875162,26.397919375812744,265.6666666666667,6.041666666665373,271.70833333333206,0.24179538303240744,78.14583333333299,0.0,146.45833333331973,0.0,257.96315468428054,584.3207457697968,136.0210854129155,75.67567567567568,31.42361111111111,0.3559027777777778,100.0,8.226059745080635,16.99378059301318
downlink_starved,no_prices,18,874.4266849774194,3068.3884087204506,28.497913839469376,763.0,61.336828309305375,46.52686762778506,14.809960681520314,32.11009174311926,0.0,0.0,6.553079947575361,41.8086500655308,24.90170380078637,248.00694444444446,6.049444444443926,254.0563888888884,0.2905405258709013,73.36458333333293,0.0,159.22694444443152,0.0,292.6961371079081,651.9591627200659,203.12333324171541,64.51612903225806,29.305555555555557,0.3833912037037037,100.0,10.959056614666826,18.6249330099414
downlink_starved,no_prices,19,739.6869905235363,2864.1710844587165,25.825517006897847,752.0,57.84574468085106,40.29255319148936,17.5531914893617,31.914893617021278,0.0,0.0,10.23936170212766,42.68617021276596,23.404255319148938,253.52083333333334,4.846111111112663,258.366944444446,0.34929226518040934,68.31250000000021,0.0,143.7497222222068,0.0,287.1826464655694,635.3501137303384,191.4648575002859,51.851851851851855,29.96527777777778,0.3776041666666667,100.0,8.92960849133885,16.591363866396463
downlink_starved,no_queue_pass,0,920.9126287657201,2781.0729689275527,33.11357303655523,750.0,65.46666666666667,50.93333333333333,14.533333333333333,27.733333333333334,0.0,0.0,6.8,43.06666666666667,26.133333333333333,223.1388888888889,6.018333333333349,229.15722222222226,0.2488370938395718,80.39583333333333,0.0,189.50944444443007,0.0,241.9832350566454,592.5452420938476,192.17504050600058,55.55555555555556,26.28472222222222,0.48900462962962965,99.99999999999999,9.427644053875907,17.326103903019646
downlink_starved,no_queue_pass,1,1078.5128649461458,3001.6817517051036,35.93028689112353,759.0,71.80500658761528,54.6772068511199,17.127799736495387,24.37417654808959,0.0,0.0,3.820816864295125,49.53886693017128,25.164690382081687,247.14583333333334,6.839444444444557,253.9852777777779,0.23549582581053435,79.86458333333294,0.0,164.9897222222076,0.0,242.83261011253242,641.8803882436105,144.91725239171825,57.142857142857146,29.09722222222222,0.5685763888888888,100.00000000000001,9.681595202311478,17.470583921632475
downlink_starved,no_queue_pass,2,914.6307830271423,2830.6558953221897,32.311620233975404,756.0,63.095238095238095,45.63492063492063,17.46031746031746,30.026455026455025,0.0,0.0,6.878306878306878,55.95238095238095,12.433862433862434,254.14583333333334,5.622777777777809,259.76861111111117,0.28401472586715065,64.52083333333363,0.0,146.28972222220878,0.0,246.12378369749973,596.833053559588,157.65004743142447,55.0,29.791666666666668,0.8116319444444444,100.0,9.205641423002668,17.35055213375954
downlink_starved,no_queue_pass,3,899.6748555518893,2765.429239114129,32.53291904297971,743.0,62.44952893674294,47.51009421265141,14.939434724091521,30.013458950201883,0.0,0.0,7.537012113055182,43.203230148048455,22.88021534320323,221.7013888888889,5.696666666667118,227.39805555555603,0.25275581967450095,78.39583333333336,0.0,190.28527777776378,0.0,235.38491211317816,575.0492644900374,124.56387327877016,50.0,26.11111111111111,0.4933449074074074,100.0,9.564232087476698,16.03330401330819
downlink_starved,no_queue_pass,4,1036.4434328624452,2872.986538398728,36.07547125647555,760.0,73.15789473684211,57.76315789473684,15.394736842105264,22.36842105263158,0.0,0.0,4.473684210526316,48.68421052631579,26.57894736842105,241.90972222222223,6.886111111111111,248.79583333333335,0.24004767211097092,77.21180555555523,0.0,169.8708333333194,0.0,231.81799493072666,591.0892096976343,155.83585945791307,76.0,28.4375,0.6322337962962963,100.0,9.853608286490248,18.068690718088178
downlink_starved,no_queue_pass,5,953.289279816511,2823.63896570814,33.76101872065772,738.0,65.04065040650407,50.8130081300813,14.227642276422765,28.319783197831978,0.0,0.0,6.639566395663957,52.1680216802168,17.75067750677507,244.84027777777783,5.998888888888825,250.83916666666664,0.2631301662334314,72.64583333333321,0.0,156.4941666666533,0.0,246.68789871536902,632.7577092446326,123.6108036586836,65.0,28.75,0.6958912037037037,100.0,10.468347651289076,18.359671992340665
downlink_starved,no_queue_pass,6,845.2925974583942,3173.0538754351437,26.639717781106793,734.0,56.403269754768395,43.32425068119891,13.079019073569482,31.47138964577657,0.0,0.0,12.125340599455042,50.817438692098094,14.168937329700272,261.09027777777777,4.8394444444443145,265.9297222222221,0.31460079388109313,73.58333333333346,0.0,143.5702777777642,0.0,281.88012260950853,665.5163502075746,162.19133353951426,65.38461538461539,30.729166666666668,0.6177662037037037,100.0,12.47241137846139,21.421295326566828
downlink_starved,no_queue_pass,7,920.8722727535034,2799.5507101330863,32.8935735802309,742.0,62.53369272237197,47.03504043126684,15.498652291105122,27.762803234501348,0.0,0.0,9.703504043126685,42.58760107816712,23.98921832884097,241.23611111111114,6.038888888888241,247.27499999999938,0.26852258159605735,80.39583333333333,0.0,171.7249999999862,0.0,227.56576896843384,585.2525342781513,173.46561260477685,56.52173913043478,28.47222222222222,0.43113425925925924,100.0,11.439999059308684,18.51836022228791
downlink_starved,no_queue_pass,8,1009.2946935370636,2669.009155986942,37.81533275272142,709.0,69.5345557122708,53.878702397743304,15.655853314527503,25.52891396332863,0.0,0.0,4.9365303244005645,47.10860366713681,25.105782792665725,223.94444444444446,6.048333333333721,229.99277777777817,0.22787475179500913,74.21354166666495,0.0,182.46555555554136,0.0,254.37623541522055,621.1192687849707,112.19070462747872,76.0,26.354166666666668,0.5353009259259259,100.0,10.705627156870698,20.767099776619943
downlink_starved,no_queue_pass,9,780.9322626125314,2619.62144577906,29.81088217424815,683.0,56.51537335285505,41.58125915080527,14.93411420204978,30.453879941434845,0.0,0.0,13.030746705710103,43.33821376281113,18.594436310395317,231.88888888888889,4.845000000000517,236.7338888888894,0.3031426670693815,68.77083333333354,0.0,167.291111111097,0.0,266.91785746095326,632.846235765489,136.6831625118977,59.09090909090909,27.395833333333332,0.36747685185185186,100.0,12.121966829457849,20.31586920681121
downlink_starved,no_queue_pass,10,1013.9698555104123,3049.7191450513924,33.24797488830157,754.0,67.77188328912467,49.3368700265252,18.43501326259947,25.06631299734748,0.0,0.0,7.161803713527852,55.43766578249337,16.445623342175065,254.72222222222223,6.019999999999223,260.74222222222147,0.25714987561535446,77.22916666666633,0.0,157.92444444443092,0.0,243.3152028733705,578.8527642867155,151.67042005243115,60.714285714285715,29.895833333333332,0.7494212962962963,100.0,9.847785698472812,18.543272718419555
downlink_starved,no_queue_pass,11,912.7020170368457,2695.5438346040655,33.859661464971424,749.0,71.42857142857143,55.54072096128171,15.88785046728972,25.50066755674232,0.0,0.0,3.0707610146862483,44.85981308411215,27.770360480640853,230.06944444444446,6.841111111109947,236.9105555555544,0.25957054014704817,79.4479166666663,0.0,181.4227777777647,0.0,246.87300791378402,612.2362724849614,195.00359341465628,50.0,27.083333333333332,0.5353009259259259,100.0,9.875758195112066,16.63536878119735
downlink_starved,no_queue_pass,12,881.4815922862326,2720.0840553711027,32.40641003522119,716.0,64.66480446927375,47.486033519553075,17.178770949720672,30.16759776536313,0.0,0.0,5.167597765363128,53.35195530726257,14.804469273743017,238.75694444444446,5.623333333333075,244.38027777777754,0.27723809540247657,65.2083333333336,0.0,158.68638888887597,0.0,255.4619348749622,592.05565823879,163.86442020668105,61.53846153846154,28.020833333333332,0.7045717592592593,100.0,9.122793632612144,15.71007955142761
downlink_starved,no_queue_pass,13,969.4980607839241,2948.046341488098,32.886120110803496,783.0,63.72924648786718,47.381864623243935,16.347381864623244,28.607918263090678,0.0,0.0,7.662835249042145,54.91698595146871,14.431673052362708,271.2847222222223,5.698333333331782,276.9830555555541,0.28569737966426567,74.92534722222196,0.0,139.04194444443246,0.0,214.94902605329352,551.788208095044,167.81248414475192,52.38095238095238,31.84027777777778,0.7971643518518519,100.0,10.14123928984054,20.23151994800507
downlink_starved,no_queue_pass,14,1072.7830233983275,2614.4977210630345,41.032088678285106,711.0,72.85513361462729,56.680731364275665,16.17440225035162,22.22222222222222,0.0,0.0,4.922644163150492,50.49226441631505,25.31645569620253,247.5625,6.888333333335402,254.4508333333354,0.237187602510053,79.05208333333296,0.0,164.21583333331677,0.0,249.74872083788648,608.3924909087808,132.11483732173977,87.5,29.131944444444443,0.5946180555555556,100.0,9.66893840027128,15.717509886797172
downlink_starved,no_queue_pass,15,883.3604725525674,2871.5316123264615,30.762693635710495,773.0,66.23544631306598,51.48771021992238,14.747736093143596,27.943078913324708,0.0,0.0,5.821474773609315,42.690815006468306,26.520051746442434,236.47916666666669,5.996666666666149,242.47583333333284,0.2744925099859542,73.31249999999984,0.0,166.5741666666536,0.0,268.67360424315945,665.5311474273101,162.18424962631025,61.29032258064516,27.881944444444443,0.4730902777777778,100.0,10.498687441798944,17.948008984617402
downlink_starved,no_queue_pass,16,786.0242837388789,2606.9633013761813,30.150953153960668,742.0,57.54716981132076,43.935309973045825,13.611859838274933,32.34501347708895,0.0,0.0,10.107816711590296,40.700808625336926,21.159029649595688,215.8263888888889,4.84055555555452,220.66694444444343,0.2807380751581844,73.12500000000013,0.0,190.5497222222101,0.0,294.5711234648127,684.6318475073472,171.69464590363756,66.66666666666667,25.45138888888889,0.42390046296296297,100.0,12.14707638933629,18.954813303305215
downlink_starved,no_queue_pass,17,1100.354972311411,3292.2341112093236,33.422743800780985,769.0,64.36931079323797,48.764629388816644,15.604681404421326,26.137841352405722,0.0,0.0,9.492847854356308,46.16384915474642,22.106631989596877,260.75,6.041666666665373,266.7916666666654,0.2424596365536855,75.22916666666637,0.0,151.3749999999868,0.0,255.59213123782942,579.4664899544757,136.02274334069764,75.67567567567568,30.76388888888889,0.4861111111111111,100.0,11.4917205654961,19.00795466108135
downlink_starved,no_queue_pass,18,882.2050776204519,3068.3884087204506,28.75141475287806,763.0,65.26867627785059,50.06553079947575,15.203145478374836,28.964613368283093,0.0,0.0,5.766710353866317,50.19659239842726,19.26605504587156,243.86111111111111,6.049444444443926,249.91055555555505,0.28327943456144244,77.88020833333152,0.0,163.3727777777642,0.0,300.2884992631531,729.1704405894596,203.12421013526006,64.51612903225806,28.645833333333332,0.6741898148148148,100.0,10.998588077759088,16.528089495126054
downlink_starved,no_queue_pass,19,769.9171142187184,2864.1710844587165,26.88097503659495,752.0,60.505319148936174,43.484042553191486,17.02127659574468,29.920212765957448,0.0,0.0,9.574468085106384,50.13297872340426,17.154255319148938,254.68750000000003,4.846111111112663,259.5336111111127,0.3370929237941115,68.31250000000021,0.0,142.62472222220688,0.0,278.4569080223865,622.8321504175965,191.46471955829185,51.851851851851855,29.96527777777778,0.6206597222222222,100.0,12.474788396228805,19.353771232741575
downlink_starved,no_storage_price,0,943.5077936880532,2781.0729689275527,33.92603517526158,750.0,64.93333333333334,50.13333333333333,14.8,29.466666666666665,0.0,0.0,5.6,41.733333333333334,26.933333333333334,223.18055555555557,6.018333333333349,229.19888888888892,0.24292209393732647,79.78993055555512,0.0,189.4677777777634,0.0,244.81171625540588,597.8416706086748,192.17504050600058,55.55555555555556,26.319444444444443,0.4369212962962963,99.99999999999999,8.000373836870015,16.338587147006532
downlink_starved,no_storage_price,1,1105.5362608727755,3001.6817517051036,36.83056207556901,759.0,70.88274044795784,54.6772068511199,16.205533596837945,24.90118577075099,0.0,0.0,4.216073781291173,48.616600790513836,25.428194993412383,249.35416666666669,6.839444444444557,256.19361111111124,0.23173695895678437,79.86458333333294,0.0,162.7813888888742,0.0,233.96826558114574,608.0499332455538,144.91725239171825,57.142857142857146,29.375,0.5425347222222222,100.00000000000001,8.586538698370711,15.3182678714986
downlink_starved,no_storage_price,2,919.4852942533845,2830.6558953221897,32.483117985936865,756.0,61.904761904761905,44.576719576719576,17.32804232804233,31.084656084656086,0.0,0.0,7.01058201058201,54.76190476190476,12.566137566137566,253.95833333333337,5.622777777777809,259.58111111111117,0.2823113243174696,64.52083333333363,0.0,145.89388888887552,0.0,252.62175378850793,603.9959582256506,157.65014810814526,55.0,29.791666666666668,0.7725694444444444,100.0,8.456979864420843,17.47263739020523
downlink_starved,no_storage_price,3,909.7809802637796,2765.429239114129,32.89836410911808,743.0,62.31493943472409,47.24091520861373,15.074024226110364,31.35935397039031,0.0,0.0,6.325706594885599,40.915208613728126,25.57200538358008,221.34722222222223,5.696666666667118,227.04388888888934,0.249558843077881,78.39583333333336,0.0,190.61861111109698,0.0,238.45963133751343,578.1646027511657,124.56387327877016,50.0,26.11111111111111,0.4195601851851852,100.0,8.145384940928425,14.785083721683202
downlink_starved,no_storage_price,4,1055.841135234669,2872.986538398728,36.75064679638725,760.0,71.84210526315789,56.71052631578947,15.131578947368421,24.07894736842105,0.0,0.0,4.078947368421052,47.23684210526316,27.105263157894736,246.05555555555557,6.886111111111111,252.9416666666667,0.2395641334910184,75.02430555555527,0.0,165.72499999998618,0.0,225.4633582640045,585.6478233758223,155.83585945791307,76.0,28.958333333333332,0.5844907407407407,100.0,8.267938190174597,18.00896068381744
downlink_starved,no_storage_price,5,954.2212996918975,2823.63896570814,33.794026477198315,738.0,64.22764227642277,50.0,14.227642276422765,28.86178861788618,0.0,0.0,6.9105691056910565,50.67750677506775,18.834688346883468,249.84027777777777,5.998888888888825,255.83916666666659,0.26811303284602106,72.64583333333321,0.0,152.07749999998626,0.0,246.83159545623417,634.8421237492039,123.6108036586836,65.0,29.375,0.6438078703703703,100.0,8.858960161537729,16.639194564502947
downlink_starved,no_storage_price,6,842.5541042748068,3173.0538754351437,26.55341312662904,734.0,55.44959128065395,42.37057220708447,13.079019073569482,32.561307901907355,0.0,0.0,11.989100817438691,47.82016348773842,17.029972752043598,262.94444444444446,4.8394444444443145,267.7838888888888,0.3178239682534958,73.58333333333346,0.0,143.77444444443043,0.0,256.6851096152152,630.0770413652607,162.19133353951426,65.38461538461539,31.006944444444443,0.5179398148148148,100.0,9.206831499813134,20.568884277006685
downlink_starved,no_storage_price,7,939.5286270659193,2799.5507101330863,33.55997888037025,742.0,61.85983827493261,46.3611859838275,15.498652291105122,29.110512129380055,0.0,0.0,9.029649595687331,40.43126684636118,26.41509433962264,244.67361111111114,6.038888888888241,250.71249999999938,0.26684923990337217,80.39583333333333,0.0,168.28749999998615,0.0,220.41201297093477,562.0073112906817,173.46561260477685,56.52173913043478,28.92361111111111,0.35734953703703703,100.0,8.358929312769643,15.359763437145599
downlink_starved,no_storage_price,8,1034.845094559789,2669.009155986942,38.772631867466394,709.0,68.68829337094499,52.60930888575459,16.07898448519041,26.939351198871652,0.0,0.0,4.372355430183357,46.5444287729196,25.24682651622003,232.75694444444446,6.048333333333721,238.80527777777817,0.23076427480130554,75.64583333333152,0.0,175.98638888887447,0.0,251.52548901104262,617.6562962550778,112.19070462747872,76.0,27.430555555555557,0.48755787037037035,100.0,8.270034645528284,17.90426165246812
downlink_starved,no_storage_price,9,809.3249989245767,2619.62144577906,30.89473100125305,683.0,58.27232796486091,42.4597364568082,15.812591508052709,32.94289897510981,0.0,0.0,8.784773060029282,44.36310395314788,20.351390922401173,231.18055555555557,4.845000000000517,236.02555555555608,0.2916326023157379,68.77083333333354,0.0,167.12444444443037,0.0,272.81729813391576,652.0325436878154,136.6831625118977,59.09090909090909,27.291666666666668,0.40219907407407407,100.0,7.951635633934944,16.779091896482885
downlink_starved,no_storage_price,10,1017.1861533500612,3049.7191450513924,33.353436987815485,754.0,66.04774535809018,47.745358090185675,18.30238726790451,25.9946949602122,0.0,0.0,7.957559681697613,53.183023872679044,17.90450928381963,255.22222222222223,6.019999999999223,261.24222222222147,0.2568283311386326,78.32291666666632,0.0,157.42444444443072,0.0,240.6926263783081,574.2062672468297,151.67042005243115,60.714285714285715,30.0,0.6712962962962963,100.0,8.824835397676217,18.02799272933366
downlink_starved,no_storage_price,11,955.1665722085305,2695.5438346040655,35.435022793789216,749.0,67.95727636849132,52.069425901201605,15.88785046728972,28.83845126835781,0.0,0.0,3.2042723631508676,42.857142857142854,26.43524699599466,231.81944444444446,6.841111111109947,238.6605555555544,0.249862759543317,80.39583333333333,0.0,179.67277777776457,0.0,237.78908906842952,586.5040775828144,195.00359341465628,50.0,27.32638888888889,0.47453703703703703,100.0,8.240484674533413,15.592242012325556
downlink_starved,no_storage_price,12,889.7380643928647,2720.0840553711027,32.70994742371949,716.0,62.849162011173185,45.67039106145251,17.178770949720672,31.843575418994412,0.0,0.0,5.307262569832402,52.09497206703911,14.385474860335195,238.56944444444446,5.623333333333075,244.19277777777754,0.2744546822827106,65.2083333333336,0.0,158.87388888887654,0.0,256.88533411308697,608.8434510684048,163.86442020668105,61.53846153846154,28.020833333333332,0.6655092592592593,100.0,7.84879961524865,14.430083485790584
downlink_starved,no_storage_price,13,995.4557040997389,2948.046341488098,33.76662334274089,783.0,62.452107279693486,45.97701149425287,16.47509578544061,29.50191570881226,0.0,0.0,8.045977011494253,53.63984674329502,15.070242656449553,271.0763888888889,5.698333333331782,276.7747222222207,0.2780382101205876,72.13888888888869,0.0,139.25027777776575,0.0,206.0987621428859,519.1373340527948,167.81005861509865,52.38095238095238,31.84027777777778,0.7537615740740741,100.0,8.951454807779534,22.265204735559692
downlink_starved,no_storage_price,14,1092.8054450846316,2614.4977210630345,41.79791155604088,711.0,71.58931082981717,55.69620253164557,15.893108298171589,23.347398030942333,0.0,0.0,5.063291139240507,48.9451476793249,26.30098452883263,250.52083333333337,6.888333333335402,257.4091666666688,0.23554894224262757,78.99999999999963,0.0,161.25749999998334,0.0,241.36650925976105,570.2376840069937,132.11483732173977,87.5,29.51388888888889,0.5425347222222222,100.0,8.612906538963264,15.805581594585506
downlink_starved,no_storage_price,15,884.7857511721858,2871.5316123264615,30.812328423414037,773.0,64.68305304010349,49.28848641655886,15.394566623544632,29.107373868046572,0.0,0.0,6.2095730918499354,41.00905562742562,27.166882276843467,241.43750000000003,5.996666666666149,247.4341666666662,0.27965433025888964,72.21874999999986,0.0,161.3241666666534,0.0,255.9557799453117,642.653433980765,162.18424962631025,61.29032258064516,28.506944444444443,0.4123263888888889,100.0,8.279309618820324,14.803303831832034
downlink_starved,no_storage_price,16,786.4193716705387,2606.9633013761813,30.16610825535589,742.0,59.1644204851752,45.01347708894879,14.150943396226415,32.88409703504043,0.0,0.0,7.951482479784366,39.62264150943396,24.528301886792452,215.65972222222226,4.84055555555452,220.50027777777677,0.28038510459042054,73.12500000000013,0.0,188.38305555554342,0.0,277.8628118644365,648.026862633157,171.69464590363756,66.66666666666667,25.45138888888889,0.38917824074074076,100.0,7.946640050283757,16.129702204747
downlink_starved,no_storage_price,17,1127.9763054612235,3292.2341112093236,34.261728278092846,769.0,64.23927178153446,47.854356306892065,16.384915474642394,28.088426527958386,0.0,0.0,7.672301690507152,44.213263979193755,24.83745123537061,265.91666666666674,6.041666666665373,271.9583333333321,0.24110287779682552,77.41666666666633,0.0,146.2083333333198,0.0,254.3111465272144,582.964395486424,136.0210854129155,75.67567567567568,31.42361111111111,0.4079861111111111,100.0,8.271500401828444,17.333664420619357
downlink_starved,no_storage_price,18,898.791750246651,3068.3884087204506,29.291981018187208,763.0,63.30275229357798,48.099606815203146,15.203145478374836,31.061598951507207,0.0,0.0,5.6356487549148095,49.1480996068152,18.34862385321101,247.46527777777783,6.049444444443926,253.51472222222176,0.2820616924361522,73.36458333333293,0.0,159.76861111109852,0.0,283.0383104112338,648.1050833511962,203.12333324171541,64.51612903225806,29.09722222222222,0.6351273148148148,100.0,9.606997018308777,15.077780876730078
downlink_starved,no_storage_price,19,762.4310694818981,2864.1710844587165,26.61960640615802,752.0,58.776595744680854,40.82446808510638,17.95212765957447,31.78191489361702,0.0,0.0,9.441489361702128,46.67553191489362,19.54787234042553,256.45833333333337,4.846111111112663,261.30444444444606,0.3427253359730116,68.31250000000021,0.0,140.8122222222068,0.0,285.9652981810269,635.2674963021319,191.4648575002859,51.851851851851855,30.243055555555557,0.5034722222222222,100.0,8.775181118532672,17.890699774503677
energy_starved,full_engine,0,1224.8540362086069,2781.0729689275527,44.042499060387456,750.0,81.73333333333333,67.06666666666666,14.666666666666666,16.8,0.0,0.0,1.4666666666666666,33.333333333333336,48.4,169.23611111111114,11.91483844412747,181.1509495552386,0.14789594857846922,57.4009259259313,0.0,25.64460600032585,0.0,222.5862506975361,550.6008144801245,154.7937024741616,70.37037037037037,19.96527777777778,0.31828703703703703,98.86009587641516,21.116316485227323,37.469177286402775
energy_starved,full_engine,1,1253.0055331952449,3001.6817517051036,41.743450400212346,759.0,78.65612648221344,63.37285902503294,15.2832674571805,18.840579710144926,0.0,0.0,2.503293807641634,32.015810276679844,47.430830039525695,189.5763888888889,12.07939107141216,201.65577996030106,0.16093766118180325,43.20370370371011,0.0,12.287897839565659,0.0,238.06239309533404,566.3715616673705,143.07164702919235,57.142857142857146,22.46527777777778,0.1808449074074074,99.37341832057537,24.511758329304957,40.33428640104302
energy_starved,full_engine,2,1273.5193411111857,2830.6558953221897,44.9902562588319,756.0,76.71957671957672,62.83068783068783,13.88888888888889,19.312169312169313,0.0,0.0,3.9682539682539684,30.82010582010582,46.03174603174603,183.47916666666669,12.078438321257222,195.5576049879239,0.15355683944092574,41.88787412579927,0.0,0.0,0.0,212.08053524061884,547.3526619340637,153.88203476958947,65.0,21.73611111111111,0.18663194444444445,98.8730227762215,20.82718042240647,41.33215896275069
energy_starved,full_engine,3,1293.1412896241004,2765.429239114129,46.76096105927998,743.0,81.42664872139973,66.62180349932706,14.804845222072679,17.227456258411845,0.0,0.0,1.3458950201884252,30.013458950201883,51.41318977119785,167.87500000000003,12.266666666666342,180.14166666666637,0.13930547892336748,53.51388888890222,0.0,32.63888888889129,0.0,213.81596869052584,516.2933934693161,106.0931176325247,69.23076923076923,19.86111111111111,0.2170138888888889,100.0,23.49497657726069,38.32607537003765
energy_starved,full_engine,4,1166.4265793663158,2872.986538398728,40.599792716621245,760.0,80.26315789473684,67.36842105263158,12.894736842105264,16.710526315789473,0.0,0.0,3.026315789473684,28.94736842105263,51.44736842105263,185.15972222222226,12.167222222222415,197.32694444444468,0.1691721947485511,30.095833333337165,0.0,21.87388888889518,0.0,240.76283923386356,586.9130426744476,153.90674551843014,76.0,21.944444444444443,0.17216435185185186,100.0,26.29467254643824,40.04302977573729
energy_starved,full_engine,5,1292.7110643071828,2823.63896570814,45.78174051309651,738.0,80.21680216802169,67.20867208672087,13.008130081300813,15.718157181571815,0.0,0.0,4.065040650406504,30.08130081300813,50.5420054200542,182.54166666666669,12.151516652723206,194.6931833193899,0.1506084295980974,23.598611111114106,3.75,1.7777777777798889,0.0,203.1109602906901,509.88874937955813,109.29251000799518,70.0,21.631944444444443,0.1736111111111111,99.75249680714559,21.152626453217394,40.201986114071374
energy_starved,full_engine,6,1251.4943938580084,3173.0538754351437,39.44132192480917,734.0,74.79564032697547,62.12534059945504,12.670299727520437,19.482288828337875,0.0,0.0,5.722070844686648,30.381471389645778,45.50408719346049,191.49305555555557,11.210555555555684,202.70361111111126,0.1619692522043447,25.590277777783253,2.673611111111111,17.341666666668523,0.0,230.57182814662954,587.3954180141042,124.0116786375889,69.23076923076923,22.708333333333332,0.15480324074074073,100.0,25.142169881987588,38.35184129068326
energy_starved,full_engine,7,1237.7267982591584,2799.5507101330863,44.211622735718144,742.0,80.05390835579514,65.76819407008087,14.285714285714286,18.059299191374663,0.0,0.0,1.8867924528301887,29.919137466307276,50.13477088948787,191.58333333333334,11.69067686189982,203.27401019523316,0.16423172745482653,31.432205230177864,0.0,17.766666666668293,0.0,226.8451383153378,558.8886826185626,148.8416807926298,69.56521739130434,22.708333333333332,0.1736111111111111,97.57589887516292,26.83773342241044,40.41527274544285
energy_starved,full_engine,8,1286.042494169305,2669.009155986942,48.1842668574044,709.0,80.81805359661494,66.29055007052186,14.527503526093088,16.784203102961918,0.0,0.0,2.397743300423131,30.465444287729195,50.352609308885754,172.36111111111111,11.752541102766486,184.1136522138776,0.14316296160400388,38.5684381671952,0.0,20.261951552480753,0.0,226.93685379013522,551.7086089692543,89.7992495798297,76.0,20.416666666666668,0.17939814814814814,98.37506503431129,23.261787074472608,41.96275858987279
energy_starved,full_engine,9,1175.9125327382387,2619.62144577906,44.88864353408624,683.0,76.86676427525622,63.543191800878475,13.323572474377745,18.887262079062957,0.0,0.0,4.24597364568082,29.575402635431917,47.2913616398243,171.36111111111114,11.226111111112147,182.5872222222233,0.15527279209878758,31.350000000007128,0.0,21.586111111113702,0.0,231.4757284992126,537.3442630512175,100.43526171608383,68.18181818181819,20.3125,0.15335648148148148,100.0,21.576164051217347,41.22639985807804
energy_starved,full_engine,10,1347.4912625079344,3049.7191450513924,44.18411002516191,754.0,81.6976127320955,64.45623342175067,17.24137931034483,16.97612732095491,0.0,0.0,1.3262599469496021,39.6551724137931,42.04244031830239,201.11111111111114,12.048888888889147,213.16000000000028,0.15819026507323652,22.34537037037368,2.3958333333333335,8.70555555555665,0.0,230.90697683035285,589.6992708168953,120.66935141636773,71.42857142857143,23.71527777777778,0.39641203703703703,100.0,24.376255565124282,42.06795786431434
energy_starved,full_engine,11,1063.914265877102,2695.5438346040655,39.469373572007775,749.0,79.4392523364486,65.02002670226969,14.419225634178906,17.890520694259013,0.0,0.0,2.67022696929239,28.17089452603471,51.93591455273698,181.87500000000003,11.77767794481018,193.6526779448102,0.18201906314806382,31.000166388289436,0.0,27.786111111113975,0.0,244.1588635828904,577.2823902189004,205.98687682140823,54.166666666666664,21.5625,0.15625,96.87360766158085,23.601715848644016,39.71581556456686
energy_starved,full_engine,12,1202.6649610650466,2720.0840553711027,44.21425722820048,716.0,78.49162011173185,62.849162011173185,15.64245810055866,18.435754189944134,0.0,0.0,3.0726256983240225,30.726256983240223,47.76536312849162,175.86111111111111,11.950541592655643,187.81165270376675,0.15616290387095505,29.020833333338068,0.3472222222222222,0.0,0.0,211.7523827273024,528.2832623066369,140.42968201165743,73.07692307692308,20.833333333333332,0.17939814814814814,97.78604812610102,21.455228338106494,38.41255273460332
energy_starved,full_engine,13,1319.0253829015205,2948.046341488098,44.74235578792532,783.0,81.35376756066411,66.9220945083014,14.431673052362708,16.347381864623244,0.0,0.0,2.2988505747126435,31.800766283524904,49.55300127713921,198.5,12.267222222222738,210.76722222222273,0.15979011848777952,22.119444444449883,9.722222222222223,18.222222222223316,0.0,214.32080207450468,525.8143867594317,160.56004644128714,71.42857142857143,23.506944444444443,0.2170138888888889,100.0,29.00263264897675,57.47505549627616
energy_starved,full_engine,14,1240.2738502797783,2614.4977210630345,47.43832210247606,711.0,80.59071729957806,66.66666666666667,13.924050632911392,17.018284106891702,0.0,0.0,2.390998593530239,32.63009845288326,48.38255977496484,192.30555555555557,12.171111111112662,204.47666666666822,0.164864127886388,30.362962962971878,0.0,15.966666666668246,0.0,251.15170326092166,571.3954644610378,145.40599582193127,93.75,22.77777777777778,0.2025462962962963,100.0,26.688978190619096,39.48507153799654
energy_starved,full_engine,15,1238.1123485652993,2871.5316123264615,43.11679325592392,773.0,79.94825355756792,65.32988357050453,14.618369987063389,15.394566623544632,0.0,0.0,4.657179818887451,28.460543337645536,51.48771021992238,175.5763888888889,12.191666666666666,187.76805555555558,0.1516567182074693,40.650462962967715,0.0,4.869444444445854,0.0,203.6466949651919,503.7076618043205,130.2708403600365,87.09677419354838,20.79861111111111,0.1808449074074074,100.0,22.760533434487872,38.20847298652103
energy_starved,full_engine,16,1105.907777603197,2606.9633013761813,42.42130209579103,742.0,74.93261455525607,61.59029649595687,13.342318059299192,20.754716981132077,0.0,0.0,4.3126684636118595,27.088948787061994,48.113207547169814,154.52777777777777,11.212222222221964,165.73999999999972,0.14986783107647852,46.46851851852333,0.0,28.95722222223158,0.0,227.36512162014208,546.4392228898381,131.6686456882562,74.07407407407408,18.29861111111111,0.1707175925925926,100.0,23.62934979761017,37.6517438411175
energy_starved,full_engine,17,1383.8463009605439,3292.2341112093236,42.03365417571174,769.0,81.2743823146944,66.71001300390117,14.564369310793237,15.864759427828348,0.0,0.0,2.860858257477243,32.37971391417425,49.02470741222367,201.66666666666669,11.985555555555038,213.65222222222172,0.15439013861143627,26.146296296308027,2.638888888888889,8.608333333333633,0.0,255.61761468461444,575.7833098202046,132.16805449139545,78.37837837837837,23.88888888888889,0.20833333333333334,100.0,27.325041625404364,40.84520350029629
energy_starved,full_engine,18,1165.6182400743546,3068.3884087204506,37.987962565678885,763.0,76.53997378768021,63.564875491481,12.975098296199214,20.57667103538663,0.0,0.0,2.8833551769331587,30.275229357798164,46.26474442988204,189.0138888888889,11.950555555556072,200.96444444444498,0.17241017473407544,43.1555555555632,0.0,0.0,0.0,250.181138152143,555.3512629075863,188.81295170594615,70.96774193548387,22.395833333333332,0.18518518518518517,100.0,26.845080156981776,39.17239862390855
energy_starved,full_engine,19,1149.881990481728,2864.1710844587165,40.147112605147946,752.0,79.38829787234043,63.16489361702128,16.22340425531915,16.75531914893617,0.0,0.0,3.856382978723404,31.78191489361702,47.73936170212766,191.18055555555557,11.231666666668994,202.41222222222456,0.17602869155071,31.656018518523013,0.0,1.7000000000013031,0.0,238.66770061208334,575.6104707196517,158.15724903396747,66.66666666666667,22.63888888888889,0.21122685185185186,100.0,25.82864064558759,36.4955418317317
energy_starved,no_battery_guard,0,1224.8540362086069,2781.0729689275527,44.042499060387456,750.0,81.73333333333333,67.06666666666666,14.666666666666666,16.8,0.0,0.0,1.4666666666666666,33.333333333333336,48.4,169.23611111111114,11.91483844412747,181.1509495552386,0.14789594857846922,57.4009259259313,0.0,25.64460600032585,0.0,222.5862506975361,550.6008144801245,154.7937024741616,70.37037037037037,19.96527777777778,0.31828703703703703,98.86009587641516,21.116316485227323,37.469177286402775
energy_starved,no_battery_guard,1,1253.0055331952449,3001.6817517051036,41.743450400212346,759.0,78.65612648221344,63.37285902503294,15.2832674571805,18.840579710144926,0.0,0.0,2.503293807641634,32.015810276679844,47.430830039525695,189.5763888888889,12.07939107141216,201.65577996030106,0.16093766118180325,43.20370370371011,0.0,12.287897839565659,0.0,238.06239309533404,566.3715616673705,143.07164702919235,57.142857142857146,22.46527777777778,0.1808449074074074,99.37341832057537,24.511758329304957,40.33428640104302
energy_starved,no_battery_guard,2,1273.5193411111857,2830.6558953221897,44.9902562588319,756.0,76.71957671957672,62.83068783068783,13.88888888888889,19.312169312169313,0.0,0.0,3.9682539682539684,30.82010582010582,46.03174603174603,183.47916666666669,12.078438321257222,195.5576049879239,0.15355683944092574,41.88787412579927,0.0,0.0,0.0,212.08053524061884,547.3526619340637,153.88203476958947,65.0,21.73611111111111,0.18663194444444445,98.8730227762215,20.82718042240647,41.33215896275069
energy_starved,no_battery_guard,3,1293.1412896241004,2765.429239114129,46.76096105927998,743.0,81.42664872139973,66.62180349932706,14.804845222072679,17.227456258411845,0.0,0.0,1.3458950201884252,30.013458950201883,51.41318977119785,167.87500000000003,12.266666666666342,180.14166666666637,0.13930547892336748,53.51388888890222,0.0,32.63888888889129,0.0,213.81596869052584,516.2933934693161,106.0931176325247,69.23076923076923,19.86111111111111,0.2170138888888889,100.0,23.49497657726069,38.32607537003765
energy_starved,no_battery_guard,4,1190.5932363966565,2872.986538398728,41.44096119086722,760.0,80.92105263157895,67.89473684210526,13.026315789473685,16.710526315789473,0.0,0.0,2.3684210526315788,29.473684210526315,51.578947368421055,191.5763888888889,12.068014736804791,203.6444036256937,0.17104448219614093,19.566734697922033,1.7708333333333333,21.87388888889518,0.0,241.79232174620572,589.4374464788287,153.90674551843014,76.0,22.708333333333332,0.17216435185185186,99.18463324162494,25.82282784291111,40.04302977573729
energy_starved,no_battery_guard,5,1292.7323083658318,2823.63896570814,45.782492877648316,738.0,80.21680216802169,67.20867208672087,13.008130081300813,15.718157181571815,0.0,0.0,4.065040650406504,30.08130081300813,50.5420054200542,182.54166666666669,12.151516652723206,194.6931833193899,0.1506059545811966,17.289351851854704,6.840277777777779,1.7777777777798889,0.0,203.10987503112756,509.88874937955813,109.29251000799518,70.0,21.631944444444443,0.1736111111111111,99.75249680714559,20.720218891851783,40.201986114071374
energy_starved,no_battery_guard,6,1256.3604412839513,3173.0538754351437,39.59467726061404,734.0,75.06811989100818,62.12534059945504,12.942779291553133,19.618528610354222,0.0,0.0,5.313351498637602,31.06267029972752,44.6866485013624,201.09722222222223,10.218333333333591,211.31555555555582,0.16819660076180015,8.427777777782623,13.4375,17.341666666668523,0.0,229.58219311107402,587.3954180141042,124.0116786375889,69.23076923076923,23.854166666666668,0.15046296296296297,91.14921452995814,23.905658118151734,38.35184129068326
energy_starved,no_battery_guard,7,1237.7267982591584,2799.5507101330863,44.211622735718144,742.0,80.05390835579514,65.76819407008087,14.285714285714286,18.059299191374663,0.0,0.0,1.8867924528301887,29.919137466307276,50.13477088948787,191.58333333333334,11.69067686189982,203.27401019523316,0.16423172745482653,31.432205230177864,0.0,17.766666666668293,0.0,226.8451383153378,558.8886826185626,148.8416807926298,69.56521739130434,22.708333333333332,0.1736111111111111,97.57589887516292,26.83773342241044,40.41527274544285
energy_starved,no_battery_guard,8,1286.042494169305,2669.009155986942,48.1842668574044,709.0,80.81805359661494,66.29055007052186,14.527503526093088,16.784203102961918,0.0,0.0,2.397743300423131,30.465444287729195,50.352609308885754,172.36111111111111,11.752541102766486,184.1136522138776,0.14316296160400388,38.5684381671952,0.0,20.261951552480753,0.0,226.93685379013522,551.7086089692543,89.7992495798297,76.0,20.416666666666668,0.17939814814814814,98.37506503431129,23.261787074472608,41.96275858987279
energy_starved,no_battery_guard,9,1175.9125327382387,2619.62144577906,44.88864353408624,683.0,77.15959004392387,63.543191800878475,13.616398243045388,18.887262079062957,0.0,0.0,3.953147877013177,29.86822840409956,47.2913616398243,173.11111111111114,11.094272475397089,184.20538358650822,0.15664888200278484,28.653064392865463,0.24305555555555555,21.586111111113702,0.0,231.4757284992126,537.3442630512175,100.43526171608383,68.18181818181819,20.520833333333332,0.15335648148148148,98.8256072435934,21.3713908697064,41.22639985807804
energy_starved,no_battery_guard,10,1351.006488968829,3049.7191450513924,44.29937396566602,754.0,81.6976127320955,64.72148541114058,16.97612732095491,16.97612732095491,0.0,0.0,1.3262599469496021,39.389920424403186,42.30769230769231,202.5277777777778,12.048888888889147,214.57666666666694,0.15882726575980033,17.196296296299884,6.076388888888888,8.70555555555665,0.0,229.44978234718644,583.9425386047299,120.66935141636773,71.42857142857143,23.88888888888889,0.38773148148148145,100.0,22.88496204393971,42.06795786431434
energy_starved,no_battery_guard,11,1063.914265877102,2695.5438346040655,39.469373572007775,749.0,79.4392523364486,65.02002670226969,14.419225634178906,17.890520694259013,0.0,0.0,2.67022696929239,28.17089452603471,51.93591455273698,181.87500000000003,11.77767794481018,193.6526779448102,0.18201906314806382,31.000166388289436,0.0,27.786111111113975,0.0,244.1588635828904,577.2823902189004,205.98687682140823,54.166666666666664,21.5625,0.15625,96.87360766158085,23.601715848644016,39.71581556456686
energy_starved,no_battery_guard,12,1202.695086929771,2720.0840553711027,44.21536476253071,716.0,78.49162011173185,62.849162011173185,15.64245810055866,18.435754189944134,0.0,0.0,3.0726256983240225,30.726256983240223,47.76536312849162,175.86111111111111,11.950541592655643,187.81165270376675,0.15615899220409277,25.127314814819563,1.0416666666666665,0.0,0.0,211.5447686535843,528.2796063110477,140.42968201165743,73.07692307692308,20.833333333333332,0.17939814814814814,97.78604812610102,21.353683009183303,38.41255273460331
energy_starved,no_battery_guard,13,1186.786116330893,2948.046341488098,40.25669812679518,783.0,76.88378033205619,61.94125159642401,14.942528735632184,18.51851851851852,0.0,0.0,4.597701149425287,33.205619412515965,45.33844189016603,222.35416666666669,9.921111111111369,232.27527777777806,0.19571789270326817,0.0,30.17361111111111,18.222222222223316,423.0,223.86624040147,526.5278743521052,164.29643626549108,66.66666666666667,26.354166666666668,0.20399305555555555,80.8749603731702,25.602650693889842,47.03014419709582
energy_starved,no_battery_guard,14,1240.2738502797783,2614.4977210630345,47.43832210247606,711.0,80.59071729957806,66.66666666666667,13.924050632911392,17.018284106891702,0.0,0.0,2.390998593530239,32.63009845288326,48.38255977496484,192.30555555555557,12.171111111112662,204.47666666666822,0.164864127886388,30.362962962971878,0.0,15.966666666668246,0.0,251.15170326092166,571.3954644610378,145.40599582193127,93.75,22.77777777777778,0.2025462962962963,100.0,26.688978190619096,39.48507153799654
energy_starved,no_battery_guard,15,1238.1123485652993,2871.5316123264615,43.11679325592392,773.0,79.94825355756792,65.32988357050453,14.618369987063389,15.394566623544632,0.0,0.0,4.657179818887451,28.460543337645536,51.48771021992238,175.5763888888889,12.191666666666666,187.76805555555558,0.1516567182074693,40.650462962967715,0.0,4.869444444445854,0.0,203.6466949651919,503.7076618043205,130.2708403600365,87.09677419354838,20.79861111111111,0.1808449074074074,100.0,22.760533434487872,38.20847298652103
energy_starved,no_battery_guard,16,1105.907777603197,2606.9633013761813,42.42130209579103,742.0,74.93261455525607,61.59029649595687,13.342318059299192,20.754716981132077,0.0,0.0,4.3126684636118595,27.088948787061994,48.113207547169814,154.52777777777777,11.212222222221964,165.73999999999972,0.14986783107647852,46.46851851852333,0.0,28.95722222223158,0.0,227.36512162014208,546.4392228898381,131.6686456882562,74.07407407407408,18.29861111111111,0.1707175925925926,100.0,23.62934979761017,37.6517438411175
energy_starved,no_battery_guard,17,1392.0491624182043,3292.2341112093236,42.28281207823548,769.0,81.66449934980494,66.84005201560468,14.82444733420026,15.864759427828348,0.0,0.0,2.4707412223667102,33.02990897269181,48.634590377113135,205.79166666666669,11.985555555555038,217.77722222222172,0.156443628645923,16.072222222233833,5.138888888888888,8.608333333333633,0.0,254.72145983261623,575.7356523641951,132.16805449139545,78.37837837837837,24.375,0.2170138888888889,100.0,26.704254043767502,39.58824663571338
energy_starved,no_battery_guard,18,1165.6182400743546,3068.3884087204506,37.987962565678885,763.0,76.53997378768021,63.564875491481,12.975098296199214,20.57667103538663,0.0,0.0,2.8833551769331587,30.275229357798164,46.26474442988204,189.0138888888889,11.950555555556072,200.96444444444498,0.17241017473407544,43.1555555555632,0.0,0.0,0.0,250.181138152143,555.3512629075863,188.81295170594615,70.96774193548387,22.395833333333332,0.18518518518518517,100.0,26.845080156981776,39.17239862390855
energy_starved,no_battery_guard,19,1149.881990481728,2864.1710844587165,40.147112605147946,752.0,79.38829787234043,63.16489361702128,16.22340425531915,16.75531914893617,0.0,0.0,3.856382978723404,31.78191489361702,47.73936170212766,191.18055555555557,11.231666666668994,202.41222222222456,0.17602869155071,28.975462962967466,0.2777777777777778,1.7000000000013031,0.0,238.66770061208334,575.6104707196517,158.15724903396747,66.66666666666667,22.63888888888889,0.21122685185185186,100.0,25.764174560547236,36.4955418317317
energy_starved,no_prices,0,1217.715774080505,2781.0729689275527,43.7858261068959,750.0,81.86666666666666,67.2,14.666666666666666,16.666666666666668,0.0,0.0,1.4666666666666666,32.0,49.86666666666667,171.0902777777778,11.830551927446907,182.92082970522472,0.15021635885709692,57.95648148148686,0.0,24.830559183672328,0.0,225.8094963716674,551.314250794587,154.7937024741616,70.37037037037037,20.208333333333332,0.27922453703703703,98.16075167974782,21.628740141030157,36.46472280133754
energy_starved,no_prices,1,1255.0924008045563,3001.6817517051036,41.81297368022449,759.0,78.5243741765481,63.37285902503294,15.151515151515152,18.840579710144926,0.0,0.0,2.635046113306983,31.488801054018445,47.82608695652174,187.18055555555557,12.155555555555555,199.33611111111114,0.15882186122976286,46.837962962969435,0.0,13.700000000007584,0.0,237.88656622155725,566.4608354061415,143.07164702919235,57.142857142857146,22.1875,0.16782407407407407,100.0,25.705603158650742,41.81648503191353
energy_starved,no_prices,2,1273.0309051448232,2830.6558953221897,44.973001036564526,756.0,76.58730158730158,62.698412698412696,13.88888888888889,19.444444444444443,0.0,0.0,3.9682539682539684,29.894179894179896,46.82539682539682,183.08333333333334,12.163089437497845,195.2464227708312,0.15337131406768123,35.01299263576211,0.0,4.436111111114556,0.0,211.59863925802944,547.2729929873038,153.88203476958947,65.0,21.70138888888889,0.16493055555555555,99.56596929144787,21.41446094101192,39.707699972612176
energy_starved,no_prices,3,1276.0150204621816,2765.429239114129,46.141662292937106,743.0,80.88829071332437,66.48721399730822,14.401076716016151,17.49663526244953,0.0,0.0,1.6150740242261103,28.936742934051143,51.95154777927322,162.58333333333334,12.266666666666342,174.84999999999968,0.13702816753416255,57.143518518524,0.0,35.75277777778486,0.0,214.3658098902377,523.7110701840049,106.0931176325247,69.23076923076923,19.23611111111111,0.20833333333333334,100.0,26.512717598433994,42.990256811824516
energy_starved,no_prices,4,1171.0708258406614,2872.986538398728,40.76144493504529,760.0,79.73684210526316,66.84210526315789,12.894736842105264,17.236842105263158,0.0,0.0,3.026315789473684,27.36842105263158,52.5,179.18055555555554,12.167222222222415,191.34777777777796,0.16339556374860387,30.755555555559468,0.0,28.332222222228495,0.0,242.31384880396203,590.372441932326,153.90674551843014,76.0,21.25,0.1417824074074074,100.0,28.10601579433892,43.21427081764443
energy_starved,no_prices,5,1286.4095199599826,2823.63896570814,45.55856947658194,738.0,80.08130081300813,66.93766937669376,13.143631436314363,15.718157181571815,0.0,0.0,4.200542005420054,28.726287262872628,51.76151761517615,182.08333333333337,12.181666666666084,194.26499999999945,0.1510133413860639,25.188888888891945,2.2916666666666665,1.7777777777798889,0.0,203.6170689085231,508.4806277498178,109.29251000799518,70.0,21.59722222222222,0.1388888888888889,100.0,22.056594821978663,41.92204460557464
energy_starved,no_prices,6,1248.6849070073922,3173.0538754351437,39.35277987790708,734.0,74.65940054495913,61.98910081743869,12.670299727520437,19.754768392370572,0.0,0.0,5.5858310626703,29.155313351498638,46.45776566757493,191.05555555555554,11.210555555555684,202.26611111111123,0.16198330737885167,26.569444444450475,2.256944444444444,16.46666666666853,0.0,231.95228074132086,577.6450322284355,124.0116786375889,69.23076923076923,22.67361111111111,0.1244212962962963,100.0,25.731081289432073,40.606749912304025
energy_starved,no_prices,7,1229.4505504119968,2799.5507101330863,43.91599501884181,742.0,79.91913746630728,65.90296495956873,14.016172506738544,18.194070080862534,0.0,0.0,1.8867924528301887,28.571428571428573,51.34770889487871,190.37500000000003,11.905287626018184,202.2802876260182,0.16452901465474376,35.153224327018215,0.0,16.52777777777944,0.0,227.31618166952705,561.3476617872454,148.8416807926298,69.56521739130434,22.569444444444443,0.16493055555555555,99.36714145799243,26.18010902625869,41.333532789045734
energy_starved,no_prices,8,1285.3146638555875,2669.009155986942,48.1569971752422,709.0,80.67700987306065,66.14950634696756,14.527503526093088,16.92524682651622,0.0,0.0,2.397743300423131,29.478138222849083,51.198871650211565,171.11111111111111,11.885443800983108,182.9965549120942,0.14237490636196065,39.14202794991352,0.0,21.03489498463326,0.0,227.48091448877742,550.9954530894818,89.7992495798297,76.0,20.27777777777778,0.16203703703703703,99.48753181625838,22.887033903161694,41.19624898992371
energy_starved,no_prices,9,1174.479205422645,2619.62144577906,44.833928479057846,683.0,76.7203513909224,63.396778916544655,13.323572474377745,19.1800878477306,0.0,0.0,4.099560761346998,28.84333821376281,47.87701317715959,171.61111111111114,11.222083033455675,182.83319414456682,0.15567171670678745,30.94004679610129,0.0,21.586111111113702,0.0,230.51959929640373,531.0980131830637,100.43526171608383,68.18181818181819,20.34722222222222,0.14467592592592593,99.964118672828,20.515546532409708,35.35420253824131
energy_starved,no_prices,10,1349.8640303612717,3049.7191450513924,44.261912856848475,754.0,81.96286472148542,64.45623342175067,17.50663129973475,16.843501326259947,0.0,0.0,1.193633952254642,38.46153846153846,43.50132625994695,203.23611111111114,11.916006043366293,215.15211715447742,0.15938799191270772,22.05740740741142,1.9097222222222223,8.70555555555665,0.0,234.65019341135806,589.6313810674064,120.66935141636773,71.42857142857143,23.993055555555557,0.35300925925925924,98.89713610318549,26.008548588669814,42.378235329023205
energy_starved,no_prices,11,1059.2201432728777,2695.5438346040655,39.2952297668148,749.0,79.4392523364486,65.02002670226969,14.419225634178906,17.890520694259013,0.0,0.0,2.67022696929239,27.636849132176234,52.46995994659546,181.54166666666669,11.75319605728598,193.29486272395266,0.18248790296480963,33.05485842305206,0.0,26.911111111113982,0.0,244.35128275720498,577.2053755509423,205.98687682140823,54.166666666666664,21.52777777777778,0.14756944444444445,96.67223954997618,23.18871859934849,38.77393776638506
energy_starved,no_prices,12,1197.3734721198175,2720.0840553711027,44.0197232050779,716.0,78.91061452513966,63.26815642458101,15.64245810055866,18.01675977653631,0.0,0.0,3.0726256983240225,29.88826815642458,49.022346368715084,176.94444444444446,11.887388167237823,188.83183261168227,0.15770504108244218,25.525925925928,1.7013888888888888,0.9527777777798576,0.0,212.1348559981736,510.44819100526064,140.42968201165743,73.07692307692308,20.97222222222222,0.16203703703703703,97.2692913038805,22.974672261611296,41.572475792034666
energy_starved,no_prices,13,1334.27292170118,2948.046341488098,45.259564034793065,783.0,80.5874840357599,66.28352490421456,14.303959131545339,16.985951468710088,0.0,0.0,2.426564495530013,30.140485312899106,50.44699872286079,197.125,12.267222222222738,209.39222222222273,0.15693357694410112,24.20370370370832,5.972222222222222,18.222222222223316,0.0,214.29422366213802,524.6292200568726,153.90169347787273,71.42857142857143,23.368055555555557,0.1736111111111111,100.0,30.09316420387394,57.024514656102774
energy_starved,no_prices,14,1237.0524157266723,2614.4977210630345,47.31510782207515,711.0,80.16877637130801,66.52601969057665,13.642756680731365,17.440225035161745,0.0,0.0,2.390998593530239,30.80168776371308,49.78902953586498,192.3888888888889,12.171111111112662,204.56000000000157,0.1653608185064967,30.224074074083237,0.0,15.966666666668246,0.0,251.16935330018902,571.5765753592812,145.40599582193127,93.75,22.8125,0.15914351851851852,100.0,26.523191802444007,41.937004624021334
energy_starved,no_prices,15,1235.5481422867329,2871.5316123264615,43.02749574418632,773.0,79.94825355756792,65.84734799482536,14.100905562742561,15.394566623544632,0.0,0.0,4.657179818887451,27.813712807244503,52.13454075032342,174.97222222222223,12.191666666666666,187.1638888888889,0.15148247363513406,43.02314814815364,0.0,4.869444444445854,0.0,203.6713243639803,507.3457832321666,130.2708403600365,87.09677419354838,20.729166666666668,0.17650462962962962,100.0,24.87306667167355,42.371046308069864
energy_starved,no_prices,16,1114.6805513505326,2606.9633013761813,42.757815223639994,742.0,75.06738544474393,61.99460916442049,13.07277628032345,20.754716981132077,0.0,0.0,4.177897574123989,26.28032345013477,49.056603773584904,155.61111111111111,11.123867591108993,166.7349787022201,0.14958095258790166,39.73425925926407,0.0,28.837243520010936,0.0,227.93255192425877,550.0083155624446,131.6686456882562,74.07407407407408,18.4375,0.15335648148148148,99.21197930827793,21.724461856268224,37.36445149872209
energy_starved,no_prices,17,1366.9310993317633,3292.2341112093236,41.51986320406765,769.0,80.36410923276983,66.18985695708713,14.174252275682704,16.775032509752926,0.0,0.0,2.860858257477243,30.689206762028608,49.93498049414824,202.95833333333337,11.985555555555038,214.9438888888884,0.15724559123277368,25.479629629641412,2.8819444444444446,8.608333333333633,0.0,256.1702832392038,575.7694032081992,132.16805449139545,78.37837837837837,24.0625,0.1736111111111111,100.0,27.74453528980841,42.647587972605265
energy_starved,no_prices,18,1155.2115869851214,3068.3884087204506,37.64880559781727,763.0,76.67103538663171,63.564875491481,13.106159895150721,20.57667103538663,0.0,0.0,2.7522935779816513,29.357798165137616,47.313237221494106,190.93055555555557,11.861838147792707,202.79239370334827,0.17554567144932917,42.08675123517474,0.0,0.0,0.0,252.64243856657976,561.6031377176465,188.81295170594615,70.96774193548387,22.63888888888889,0.15914351851851852,99.25762942692553,27.534555145708993,40.050026903981546
energy_starved,no_prices,19,1142.6206247706339,2864.1710844587165,39.89358844416137,752.0,78.45744680851064,62.765957446808514,15.691489361702128,17.68617021276596,0.0,0.0,3.856382978723404,30.319148936170212,48.40425531914894,193.97222222222223,11.231666666668994,205.2038888888912,0.17959056964343104,27.58888888889247,1.6319444444444446,1.7000000000013031,0.0,239.5239604632822,584.6825434315891,158.15724903396747,66.66666666666667,22.98611111111111,0.18518518518518517,100.0,25.02354694431141,37.22592938919186
energy_starved,no_queue_pass,0,1177.8717314986318,2781.0729689275527,42.353140124649336,750.0,80.93333333333334,66.4,14.533333333333333,16.4,0.0,0.0,2.6666666666666665,32.13333333333333,48.8,156.2777777777778,12.05222222222219,168.32999999999998,0.1429102978690473,51.25648148148575,0.0,32.81166666667261,0.0,226.17244628743072,570.4831801255871,154.7937024741616,70.37037037037037,18.4375,0.29224537037037035,100.00000000000001,24.824649422967752,38.240726571307306
energy_starved,no_queue_pass,1,1213.0153713423435,3001.6817517051036,40.41119184781301,759.0,78.12911725955205,63.768115942028984,14.361001317523057,18.181818181818183,0.0,0.0,3.689064558629776,32.015810276679844,46.9038208168643,179.1805555555556,12.155555555555555,191.33611111111117,0.15773593280963566,43.86574074074492,0.0,16.44166666666809,0.0,243.42459393968565,571.0010111937354,143.07164702919235,57.142857142857146,21.21527777777778,0.2025462962962963,100.0,30.406689369313668,41.458314547742276
energy_starved,no_queue_pass,2,1215.5839469587875,2830.6558953221897,42.94354354295076,756.0,76.85185185185185,63.22751322751323,13.624338624338625,18.253968253968253,0.0,0.0,4.894179894179894,30.687830687830687,46.6931216931217,173.35416666666669,12.216111111110916,185.5702777777776,0.15265936856277773,33.60416666667932,0.0,8.852777777778918,0.0,219.6418382646011,560.4896313723766,153.88203476958947,65.0,20.520833333333332,0.20399305555555555,100.0,26.564209583771085,40.811593893997305
energy_starved,no_queue_pass,3,1238.332134753169,2765.429239114129,44.77902082028515,743.0,80.48452220726783,66.08344549125168,14.401076716016151,17.092866756393,0.0,0.0,2.4226110363391657,31.22476446837147,49.25975773889637,152.72916666666669,12.266666666666342,164.99583333333302,0.1332403712241715,51.45601851853064,0.0,34.166666666668235,0.0,214.04031982115367,515.7907673603197,106.0931176325247,69.23076923076923,18.020833333333332,0.2821180555555556,100.0,26.02719368598528,39.20114915902268
energy_starved,no_queue_pass,4,1163.2789826754367,2872.986538398728,40.490234365100626,760.0,80.26315789473684,67.36842105263158,12.894736842105264,16.44736842105263,0.0,0.0,3.289473684210526,29.736842105263158,50.526315789473685,175.93055555555557,12.167222222222415,188.097777777778,0.16169618860057977,30.252314814819922,0.0,28.822500000005647,0.0,244.268830160454,592.3044528982804,153.90674551843014,76.0,20.833333333333332,0.19386574074074073,100.0,30.28950654549048,43.589262204999514
energy_starved,no_queue_pass,5,1240.3426955590287,2823.63896570814,43.92709941399903,738.0,80.62330623306234,67.61517615176152,13.008130081300813,14.634146341463415,0.0,0.0,4.742547425474255,31.30081300813008,49.86449864498645,172.52083333333337,12.181666666666084,184.70249999999945,0.14891247448089587,24.018981481485586,4.791666666666667,11.26666666666781,0.0,208.24970771469617,512.0514761141905,109.29251000799518,70.0,20.416666666666668,0.2126736111111111,100.0,28.07435526515498,40.92898686107288
energy_starved,no_queue_pass,6,1250.154909754826,3173.0538754351437,39.39910757372133,734.0,75.20435967302453,62.53405994550409,12.670299727520437,18.80108991825613,0.0,0.0,5.994550408719346,32.42506811989101,43.32425068119891,184.7638888888889,11.210555555555684,195.9744444444446,0.15676012861708324,28.647222222230866,0.5902777777777778,17.83055555555668,0.0,232.41380812661401,571.6244768526042,124.0116786375889,69.23076923076923,21.875,0.21122685185185186,100.0,29.103235605210195,41.29326535964089
energy_starved,no_queue_pass,7,1171.3075711103695,2799.5507101330863,41.839126788122634,742.0,80.3234501347709,65.90296495956873,14.420485175202156,16.846361185983827,0.0,0.0,2.830188679245283,30.32345013477089,50.0,178.02083333333337,11.981111111112275,190.00194444444566,0.16221353735836325,32.203240740751184,0.0,21.59444444444535,0.0,234.4758139518304,565.3970871311373,148.8416807926298,69.56521739130434,21.07638888888889,0.20399305555555555,100.0,30.285805340652285,40.08648882388855
energy_starved,no_queue_pass,8,1223.9751286266285,2669.009155986942,45.85878343208714,709.0,79.97179125528913,65.86741889985896,14.104372355430183,16.361071932299012,0.0,0.0,3.6671368124118477,29.90126939351199,50.07052186177715,154.13194444444446,11.946666666667442,166.0786111111119,0.13568789694073424,34.34305555555967,0.0,30.900000000004788,0.0,230.46752826528632,556.2983227560527,89.7992495798297,76.0,18.229166666666668,0.2097800925925926,100.0,28.793791892995586,42.653998376224315
energy_starved,no_queue_pass,9,1129.0735384079574,2619.62144577906,43.10063731640346,683.0,76.86676427525622,63.250366032210835,13.616398243045388,18.15519765739385,0.0,0.0,4.978038067349927,29.72181551976574,47.2913616398243,157.4027777777778,11.226111111112147,168.62888888888995,0.14935155519335258,30.516203703705255,0.0,27.92138888889405,0.0,235.21814299898202,545.838289816688,100.43561809143598,68.18181818181819,18.645833333333332,0.16203703703703703,100.0,27.696082188221247,42.722807009183256
energy_starved,no_queue_pass,10,1321.5010882431798,3049.7191450513924,43.331894688975055,754.0,81.03448275862068,64.45623342175067,16.578249336870027,16.445623342175065,0.0,0.0,2.519893899204244,37.0026525198939,44.03183023872679,189.13194444444446,12.048888888889147,201.1808333333336,0.15223660057729194,21.893055555558895,2.638888888888889,12.400000000000347,0.0,236.8334475048039,596.3285091060503,120.66935141636773,71.42857142857143,22.32638888888889,0.33130787037037035,100.0,26.650652595735384,41.11977319639542
energy_starved,no_queue_pass,11,1033.020096032561,2695.5438346040655,38.32325346637503,749.0,79.17222963951936,65.55407209612817,13.618157543391188,16.955941255006675,0.0,0.0,3.871829105473965,28.30440587449933,50.86782376502003,162.79166666666669,12.157777777776612,174.9494444444433,0.16935725172855576,30.761574074079032,0.0,37.75416666667216,0.0,250.1655647477812,582.2175940988991,205.98687682140823,54.166666666666664,19.270833333333332,0.1909722222222222,100.0,29.646604879857833,40.69771400371503
energy_starved,no_queue_pass,12,1172.7762441432264,2720.0840553711027,43.11544129775886,716.0,78.35195530726257,63.40782122905028,14.94413407821229,17.45810055865922,0.0,0.0,4.189944134078212,30.58659217877095,47.76536312849162,163.17361111111111,12.22111111111137,175.39472222222247,0.14955514583291835,28.506944444448095,0.7291666666666666,10.985833333340196,0.0,213.7736261278779,526.5714607639561,140.42968201165743,73.07692307692308,19.305555555555557,0.2097800925925926,100.0,26.451687215668677,38.95851243820072
energy_starved,no_queue_pass,13,1276.0649679440967,2948.046341488098,43.285105460722576,783.0,81.35376756066411,66.79438058748404,14.559386973180077,15.45338441890166,0.0,0.0,3.1928480204342273,33.205619412515965,48.148148148148145,190.58333333333337,12.267222222222738,202.8505555555561,0.15896569583159562,22.74212962963382,11.979166666666668,24.347222222223266,0.0,222.0298517459718,530.7855331584484,153.90169347787273,71.42857142857143,22.53472222222222,0.2690972222222222,100.0,32.898553136305104,63.77292781559477
energy_starved,no_queue_pass,14,1199.3889425448324,2614.4977210630345,45.87454534315563,711.0,81.29395218002813,66.9479606188467,14.345991561181435,15.893108298171589,0.0,0.0,2.8129395218002813,34.31786216596343,46.976090014064695,183.80555555555557,12.171111111112662,195.97666666666822,0.1633970930654488,30.981018518522834,0.0,20.26583333333768,0.0,259.4863911327893,579.278459264041,145.40599582193127,93.75,21.73611111111111,0.25462962962962965,100.0,30.906687476261407,41.94044038641468
energy_starved,no_queue_pass,15,1200.0269072852377,2871.5316123264615,41.79048219890563,773.0,80.20698576972833,65.71798188874514,14.489003880983182,14.359637774902975,0.0,0.0,5.433376455368693,28.589909443725745,52.005174644243205,165.1388888888889,12.191666666666666,177.33055555555558,0.1477721495068155,35.990740740745224,0.0,15.180555555564126,0.0,206.0734883784655,502.7412200417554,130.2708403600365,87.09677419354838,19.54861111111111,0.19386574074074073,100.0,26.650768412784693,38.462739848465
energy_starved,no_queue_pass,16,1068.8749958794967,2606.9633013761813,41.00076879928658,742.0,74.39353099730458,61.59029649595687,12.803234501347708,20.485175202156334,0.0,0.0,5.121293800539084,26.684636118598384,48.113207547169814,141.44444444444446,11.212222222221964,152.6566666666664,0.1428199436371479,41.62314814815224,0.0,43.790555555564374,0.0,228.53946031187513,554.6947438428514,131.6686456882562,74.07407407407408,16.73611111111111,0.17939814814814814,100.0,27.693349412726768,39.31695697978943
energy_starved,no_queue_pass,17,1336.240601429221,3292.2341112093236,40.58765434935564,769.0,81.2743823146944,66.71001300390117,14.564369310793237,15.474642392717815,0.0,0.0,3.250975292587776,33.81014304291288,47.46423927178154,191.69444444444446,11.985555555555038,203.6799999999995,0.15242763899117173,24.818518518524904,4.6875,17.530555555556404,0.0,258.4728463329426,576.4289186318647,136.71643295019248,78.37837837837837,22.67361111111111,0.25752314814814814,100.0,32.014740816940225,49.542532546713
energy_starved,no_queue_pass,18,1114.1345033972675,3068.3884087204506,36.31008708776452,763.0,76.80209698558322,64.08912188728702,12.7129750982962,19.39711664482307,0.0,0.0,3.800786369593709,30.013106159895152,46.788990825688074,176.30555555555554,11.950555555556072,188.2561111111116,0.16897072170108085,39.791666666671404,0.0,6.388333333341862,0.0,253.36498218606243,555.1112713014132,188.81295170594615,70.96774193548387,20.868055555555557,0.21122685185185186,100.0,30.739139406160778,39.185218649773965
energy_starved,no_queue_pass,19,1109.9729416779571,2864.1710844587165,38.75372346647807,752.0,79.52127659574468,63.16489361702128,16.356382978723403,15.957446808510639,0.0,0.0,4.5212765957446805,32.579787234042556,47.07446808510638,181.09722222222223,11.231666666668994,192.3288888888912,0.17327349313411705,27.966203703708786,0.9375,5.066666666667224,0.0,242.0264376923024,583.9673316609267,158.15724903396747,66.66666666666667,21.42361111111111,0.23726851851851852,100.0,29.52749022905014,39.92387501688145
energy_starved,no_storage_price,0,1224.8540362086069,2781.0729689275527,44.042499060387456,750.0,81.73333333333333,67.06666666666666,14.666666666666666,16.8,0.0,0.0,1.4666666666666666,33.333333333333336,48.4,169.23611111111114,11.91483844412747,181.1509495552386,0.14789594857846922,57.4009259259313,0.0,25.64460600032585,0.0,222.5862506975361,550.6008144801245,154.7937024741616,70.37037037037037,19.96527777777778,0.31828703703703703,98.86009587641516,21.116316485227323,37.469177286402775
energy_starved,no_storage_price,1,1253.0055331952449,3001.6817517051036,41.743450400212346,759.0,78.65612648221344,63.37285902503294,15.2832674571805,18.840579710144926,0.0,0.0,2.503293807641634,32.015810276679844,47.430830039525695,189.5763888888889,12.07939107141216,201.65577996030106,0.16093766118180325,43.20370370371011,0.0,12.287897839565659,0.0,238.06239309533404,566.3715616673705,143.07164702919235,57.142857142857146,22.46527777777778,0.1808449074074074,99.37341832057537,24.511758329304957,40.33428640104302
energy_starved,no_storage_price,2,1273.5193411111857,2830.6558953221897,44.9902562588319,756.0,76.71957671957672,62.83068783068783,13.88888888888889,19.312169312169313,0.0,0.0,3.9682539682539684,30.82010582010582,46.03174603174603,183.47916666666669,12.078438321257222,195.5576049879239,0.15355683944092574,41.88787412579927,0.0,0.0,0.0,212.08053524061884,547.3526619340637,153.88203476958947,65.0,21.73611111111111,0.18663194444444445,98.8730227762215,20.82718042240647,41.33215896275069
energy_starved,no_storage_price,3,1293.1412896241004,2765.429239114129,46.76096105927998,743.0,81.42664872139973,66.62180349932706,14.804845222072679,17.227456258411845,0.0,0.0,1.3458950201884252,30.013458950201883,51.41318977119785,167.87500000000003,12.266666666666342,180.14166666666637,0.13930547892336748,53.51388888890222,0.0,32.63888888889129,0.0,213.81596869052584,516.2933934693161,106.0931176325247,69.23076923076923,19.86111111111111,0.2170138888888889,100.0,23.49497657726069,38.32607537003765
energy_starved,no_storage_price,4,1166.4265793663158,2872.986538398728,40.599792716621245,760.0,80.26315789473684,67.36842105263158,12.894736842105264,16.710526315789473,0.0,0.0,3.026315789473684,28.94736842105263,51.44736842105263,185.15972222222226,12.167222222222415,197.32694444444468,0.1691721947485511,30.095833333337165,0.0,21.87388888889518,0.0,240.76283923386356,586.9130426744476,153.90674551843014,76.0,21.944444444444443,0.17216435185185186,100.0,26.29467254643824,40.04302977573729
energy_starved,no_storage_price,5,1292.7110643071828,2823.63896570814,45.78174051309651,738.0,80.21680216802169,67.20867208672087,13.008130081300813,15.718157181571815,0.0,0.0,4.065040650406504,30.08130081300813,50.5420054200542,182.54166666666669,12.151516652723206,194.6931833193899,0.1506084295980974,23.598611111114106,3.75,1.7777777777798889,0.0,203.1109602906901,509.88874937955813,109.29251000799518,70.0,21.631944444444443,0.1736111111111111,99.75249680714559,21.152626453217394,40.201986114071374
energy_starved,no_storage_price,6,1251.4943938580084,3173.0538754351437,39.44132192480917,734.0,74.79564032697547,62.12534059945504,12.670299727520437,19.482288828337875,0.0,0.0,5.722070844686648,30.381471389645778,45.50408719346049,191.49305555555557,11.210555555555684,202.70361111111126,0.1619692522043447,25.590277777783253,2.673611111111111,17.341666666668523,0.0,230.57182814662954,587.3954180141042,124.0116786375889,69.23076923076923,22.708333333333332,0.15480324074074073,100.0,25.142169881987588,38.35184129068326
energy_starved,no_storage_price,7,1237.7267982591584,2799.5507101330863,44.211622735718144,742.0,80.05390835579514,65.76819407008087,14.285714285714286,18.059299191374663,0.0,0.0,1.8867924528301887,29.919137466307276,50.13477088948787,191.58333333333334,11.69067686189982,203.27401019523316,0.16423172745482653,31.432205230177864,0.0,17.766666666668293,0.0,226.8451383153378,558.8886826185626,148.8416807926298,69.56521739130434,22.708333333333332,0.1736111111111111,97.57589887516292,26.83773342241044,40.41527274544285
energy_starved,no_storage_price,8,1286.042494169305,2669.009155986942,48.1842668574044,709.0,80.81805359661494,66.29055007052186,14.527503526093088,16.784203102961918,0.0,0.0,2.397743300423131,30.465444287729195,50.352609308885754,172.36111111111111,11.752541102766486,184.1136522138776,0.14316296160400388,38.5684381671952,0.0,20.261951552480753,0.0,226.93685379013522,551.7086089692543,89.7992495798297,76.0,20.416666666666668,0.17939814814814814,98.37506503431129,23.261787074472608,41.96275858987279
energy_starved,no_storage_price,9,1175.9125327382387,2619.62144577906,44.88864353408624,683.0,76.86676427525622,63.543191800878475,13.323572474377745,18.887262079062957,0.0,0.0,4.24597364568082,29.575402635431917,47.2913616398243,171.36111111111114,11.226111111112147,182.5872222222233,0.15527279209878758,31.350000000007128,0.0,21.586111111113702,0.0,231.4757284992126,537.3442630512175,100.43526171608383,68.18181818181819,20.3125,0.15335648148148148,100.0,21.576164051217347,41.22639985807804
energy_starved,no_storage_price,10,1347.4912625079344,3049.7191450513924,44.18411002516191,754.0,81.6976127320955,64.45623342175067,17.24137931034483,16.97612732095491,0.0,0.0,1.3262599469496021,39.6551724137931,42.04244031830239,201.11111111111114,12.048888888889147,213.16000000000028,0.15819026507323652,22.34537037037368,2.3958333333333335,8.70555555555665,0.0,230.90697683035285,589.6992708168953,120.66935141636773,71.42857142857143,23.71527777777778,0.39641203703703703,100.0,24.376255565124282,42.06795786431434
energy_starved,no_storage_price,11,1063.914265877102,2695.5438346040655,39.469373572007775,749.0,79.4392523364486,65.02002670226969,14.419225634178906,17.890520694259013,0.0,0.0,2.67022696929239,28.17089452603471,51.93591455273698,181.87500000000003,11.77767794481018,193.6526779448102,0.18201906314806382,31.000166388289436,0.0,27.786111111113975,0.0,244.1588635828904,577.2823902189004,205.98687682140823,54.166666666666664,21.5625,0.15625,96.87360766158085,23.601715848644016,39.71581556456686
energy_starved,no_storage_price,12,1202.6649610650466,2720.0840553711027,44.21425722820048,716.0,78.49162011173185,62.849162011173185,15.64245810055866,18.435754189944134,0.0,0.0,3.0726256983240225,30.726256983240223,47.76536312849162,175.86111111111111,11.950541592655643,187.81165270376675,0.15616290387095505,29.020833333338068,0.3472222222222222,0.0,0.0,211.7523827273024,528.2832623066369,140.42968201165743,73.07692307692308,20.833333333333332,0.17939814814814814,97.78604812610102,21.455228338106494,38.41255273460332
energy_starved,no_storage_price,13,1319.0253829015205,2948.046341488098,44.74235578792532,783.0,81.35376756066411,66.9220945083014,14.431673052362708,16.347381864623244,0.0,0.0,2.2988505747126435,31.800766283524904,49.55300127713921,198.5,12.267222222222738,210.76722222222273,0.15979011848777952,22.119444444449883,9.722222222222223,18.222222222223316,0.0,214.32080207450468,525.8143867594317,160.56004644128714,71.42857142857143,23.506944444444443,0.2170138888888889,100.0,29.00263264897675,57.47505549627616
energy_starved,no_storage_price,14,1240.2738502797783,2614.4977210630345,47.43832210247606,711.0,80.59071729957806,66.66666666666667,13.924050632911392,17.018284106891702,0.0,0.0,2.390998593530239,32.63009845288326,48.38255977496484,192.30555555555557,12.171111111112662,204.47666666666822,0.164864127886388,30.362962962971878,0.0,15.966666666668246,0.0,251.15170326092166,571.3954644610378,145.40599582193127,93.75,22.77777777777778,0.2025462962962963,100.0,26.688978190619096,39.48507153799654
energy_starved,no_storage_price,15,1238.1123485652993,2871.5316123264615,43.11679325592392,773.0,79.94825355756792,65.32988357050453,14.618369987063389,15.394566623544632,0.0,0.0,4.657179818887451,28.460543337645536,51.48771021992238,175.5763888888889,12.191666666666666,187.76805555555558,0.1516567182074693,40.650462962967715,0.0,4.869444444445854,0.0,203.6466949651919,503.7076618043205,130.2708403600365,87.09677419354838,20.79861111111111,0.1808449074074074,100.0,22.760533434487872,38.20847298652103
energy_starved,no_storage_price,16,1105.907777603197,2606.9633013761813,42.42130209579103,742.0,74.93261455525607,61.59029649595687,13.342318059299192,20.754716981132077,0.0,0.0,4.3126684636118595,27.088948787061994,48.113207547169814,154.52777777777777,11.212222222221964,165.73999999999972,0.14986783107647852,46.46851851852333,0.0,28.95722222223158,0.0,227.36512162014208,546.4392228898381,131.6686456882562,74.07407407407408,18.29861111111111,0.1707175925925926,100.0,23.62934979761017,37.6517438411175
energy_starved,no_storage_price,17,1383.8463009605439,3292.2341112093236,42.03365417571174,769.0,81.2743823146944,66.71001300390117,14.564369310793237,15.864759427828348,0.0,0.0,2.860858257477243,32.37971391417425,49.02470741222367,201.66666666666669,11.985555555555038,213.65222222222172,0.15439013861143627,26.146296296308027,2.638888888888889,8.608333333333633,0.0,255.61761468461444,575.7833098202046,132.16805449139545,78.37837837837837,23.88888888888889,0.20833333333333334,100.0,27.325041625404364,40.84520350029629
energy_starved,no_storage_price,18,1165.6182400743546,3068.3884087204506,37.987962565678885,763.0,76.53997378768021,63.564875491481,12.975098296199214,20.57667103538663,0.0,0.0,2.8833551769331587,30.275229357798164,46.26474442988204,189.0138888888889,11.950555555556072,200.96444444444498,0.17241017473407544,43.1555555555632,0.0,0.0,0.0,250.181138152143,555.3512629075863,188.81295170594615,70.96774193548387,22.395833333333332,0.18518518518518517,100.0,26.845080156981776,39.17239862390855
energy_starved,no_storage_price,19,1149.881990481728,2864.1710844587165,40.147112605147946,752.0,79.38829787234043,63.16489361702128,16.22340425531915,16.75531914893617,0.0,0.0,3.856382978723404,31.78191489361702,47.73936170212766,191.18055555555557,11.231666666668994,202.41222222222456,0.17602869155071,31.656018518523013,0.0,1.7000000000013031,0.0,238.66770061208334,575.6104707196517,158.15724903396747,66.66666666666667,22.63888888888889,0.21122685185185186,100.0,25.82864064558759,36.4955418317317
event_surge,full_engine,0,2461.4165925066964,7459.000206780908,32.99928307106153,1074.0,80.63314711359403,56.70391061452514,23.929236499068903,18.528864059590315,0.0,0.0,0.8379888268156425,47.95158286778398,32.68156424581006,215.40972222222223,11.970608314773031,227.38033053699525,0.09237783284195386,77.97007293986665,0.0,191.28633612965854,0.0,200.26532788726837,541.5683878525302,140.56987686623918,74.70588235294117,25.069444444444443,1.0054976851851851,99.32283104356743,24.049241226438024,38.72135142785012
event_surge,full_engine,1,2070.9787340241196,7296.554160868192,28.38296939027587,1102.0,75.95281306715063,54.26497277676951,21.687840290381125,23.049001814882033,0.0,0.0,0.9981851179673321,41.37931034482759,34.57350272232305,185.8402777777778,11.986855159142895,197.8271329369207,0.09552349799001687,78.70486111111079,0.0,220.92286706306635,0.0,219.70682130384503,553.8856913279276,156.28228067818117,62.71186440677966,21.631944444444443,0.8608217592592593,98.61215396004211,25.31359940545402,39.821185389680316
event_surge,full_engine,2,2810.3672988133403,7785.529039114887,36.09731958732559,1091.0,79.74335472043997,55.36205316223648,24.381301558203482,16.773602199816683,0.0,0.0,3.483043079743355,46.654445462878094,33.547204399633365,182.43750000000003,12.216111111110916,194.65361111111093,0.06926269430807218,64.52083333333363,0.0,205.27972222221072,0.0,187.56963201193372,497.6031301992958,128.72111342410722,79.67914438502673,21.145833333333332,1.0026041666666667,100.0,22.438052719003174,40.438343522785196
event_surge,full_engine,3,2563.4924317312366,7583.942370429077,33.80158111072516,1127.0,79.23691215616681,53.59361135758651,25.643300798580302,20.141969831410826,0.0,0.0,0.6211180124223602,46.76131322094055,32.475598935226266,213.79166666666669,12.266666666666342,226.05833333333302,0.08818373346265981,78.39583333333336,0.0,189.19166666665362,0.0,190.69836738853238,508.9079900218738,126.22551163170408,67.22222222222223,24.895833333333332,0.9722222222222222,100.0,24.230221087996476,39.25667445668799
event_surge,full_engine,4,2276.669509574534,7669.33349110833,29.685363300657855,1104.0,72.73550724637681,53.44202898550725,19.293478260869566,25.72463768115942,0.0,0.0,1.539855072463768,38.768115942028984,34.05797101449275,184.49305555555557,12.167222222222415,196.660277777778,0.08638068764514267,80.049305555555,0.0,222.00638888887545,0.0,216.6206364929647,551.5299021798719,155.15587948062122,63.888888888888886,21.52777777777778,0.7624421296296297,100.0,26.019341648984142,39.7027727734067
event_surge,full_engine,5,2327.5488726005306,7434.441997224761,31.307647211040084,1113.0,77.35849056603773,55.25606469002695,22.10242587601078,20.12578616352201,0.0,0.0,2.5157232704402515,42.318059299191376,35.04043126684636,210.29861111111111,11.734221864694105,222.0328329758052,0.09539341389971834,65.56830478639418,0.0,184.13383369084954,0.0,199.63538515893023,506.71069081393733,143.99918307066827,65.11627906976744,24.54861111111111,0.8521412037037037,96.32689997012996,22.780254550908577,40.11404361910184
event_surge,full_engine,6,2282.72484297503,7865.816404731675,29.02082537296267,1036.0,73.16602316602317,53.57142857142857,19.594594594594593,23.93822393822394,0.0,0.0,2.8957528957528957,42.76061776061776,30.79150579150579,186.45833333333334,10.903081631264714,197.36141496459805,0.08645869675093247,73.58333333333346,0.0,212.09691836872292,0.0,214.3278535263057,555.3702892019168,142.31721473114865,66.30434782608695,21.73611111111111,0.8072916666666666,97.25728200741493,23.8268659321391,37.50810634611407
event_surge,full_engine,7,2867.4549656369313,8253.116970240242,34.7439031335268,1131.0,74.53580901856763,54.37665782493369,20.159151193633953,24.049513704686117,0.0,0.0,1.4146772767462423,44.20866489832007,30.41556145004421,221.67361111111111,11.698508314494815,233.37211942560592,0.08138649855788348,76.34978127354935,0.0,185.62788057438078,0.0,222.10636515988767,569.3715727063998,122.29392857172981,72.91666666666667,25.868055555555557,0.9129050925925926,97.64126386946407,26.701810878925368,41.60207936401232
event_surge,full_engine,8,2087.668477302775,7378.7555988626555,28.29296145307433,1049.0,75.5958055290753,55.86272640610105,19.73307912297426,20.972354623450904,0.0,0.0,3.4318398474737846,41.75405147759771,34.795042897998094,202.18055555555557,11.417190898938625,213.5977464544942,0.10231401622275685,77.38055555555472,0.0,198.80225354549282,0.0,225.86537541600873,550.7637635887783,145.73004277684907,65.47619047619048,23.61111111111111,0.8015046296296297,95.56800417637739,25.845774987814192,38.8841406073787
event_surge,full_engine,9,2284.1140783516203,7012.7919715579565,32.570680659220855,1039.0,72.76227141482194,52.26179018286814,20.500481231953803,24.446583253128008,0.0,0.0,2.791145332050048,41.77093358999038,31.087584215591914,179.0,11.226111111112147,190.22611111111215,0.08328222872668115,68.77083333333354,0.0,213.79888888887598,0.0,211.71094922156723,499.7718791232397,132.9089988339531,66.875,20.833333333333332,0.8333333333333334,100.0,23.027704375919612,37.64679271794042
event_surge,full_engine,10,2240.812407604762,6508.47213490406,34.42916188559196,1076.0,77.32342007434944,54.92565055762082,22.397769516728623,21.654275092936803,0.0,0.0,1.0223048327137547,44.51672862453532,32.806691449814124,187.4930555555556,11.969442959451403,199.462498515007,0.08901347468359276,75.31874999999995,0.0,219.20416815164702,0.0,209.9625334628477,562.435903931182,146.91750673412278,72.72727272727273,21.770833333333332,0.9620949074074074,99.34063688220243,22.750709709181343,39.636644440000985
event_surge,full_engine,11,1900.0999770206017,6429.712302358273,29.551866205952763,1082.0,75.13863216266174,51.386321626617374,23.752310536044362,23.290203327171906,0.0,0.0,1.5711645101663585,41.40480591497227,34.011090573012936,166.28472222222223,11.667246206760804,177.95196842898304,0.09365400272674894,76.39236111111083,0.0,240.3813649043379,0.0,230.89719446377833,553.1481042149712,164.2977846602317,66.88741721854305,19.305555555555557,0.8579282407407407,95.96528592657404,23.91863995817473,38.605359184110156
event_surge,full_engine,12,2360.0073493429463,7245.827574293549,32.57057009906893,1071.0,77.59103641456582,52.661064425770306,24.92997198879552,19.981325863678805,0.0,0.0,2.4276377217553686,46.965452847805786,30.62558356676004,176.34722222222223,12.095606424043236,188.44282864626547,0.07984840754785368,65.2083333333336,0.0,211.77383802038986,0.0,184.424527329485,487.97349630169487,136.61747997093065,70.11494252873563,20.381944444444443,1.0706018518518519,98.9730501103617,21.07396261571232,39.45225495276452
event_surge,full_engine,13,2744.0263417440747,7791.826652211822,35.21672727363799,1106.0,79.4755877034358,55.51537070524412,23.960216998191683,19.620253164556964,0.0,0.0,0.9041591320072333,45.56962025316456,33.99638336347197,205.4513888888889,12.267222222222738,217.71861111111164,0.07934275549728577,77.81250000000004,0.0,195.8647222222085,0.0,205.0104041274235,531.1695441981934,114.70596035659254,68.25396825396825,23.92361111111111,0.9360532407407407,100.0,24.53231999289287,41.31097154805086
event_surge,full_engine,14,1896.8235869077632,7466.68175552301,25.403835987849714,1056.0,72.34848484848484,52.746212121212125,19.602272727272727,26.136363636363637,0.0,0.0,1.5151515151515151,40.90909090909091,31.439393939393938,185.10416666666669,12.053489477738221,197.1576561444049,0.10394095555602773,77.5482638888882,0.0,221.50901052224873,0.0,234.84336500424106,568.6626496932464,162.79540657199854,59.42857142857143,21.59722222222222,0.7682291666666666,99.03359987185517,26.671120107841627,39.80945407081528
event_surge,full_engine,15,2078.622313380571,6474.358166668744,32.10545755842986,1077.0,78.36583101207057,56.26740947075209,22.098421541318476,19.127205199628598,0.0,0.0,2.5069637883008355,41.132776230269265,37.2330547818013,191.70833333333334,12.1112025355541,203.81953586888744,0.09805510821126767,73.31249999999984,0.0,202.38046413110015,0.0,202.11716350210298,498.6861432207711,135.62723299818646,67.6470588235294,22.36111111111111,0.8072916666666666,99.34000712689624,23.58629835649988,39.03484162315673
event_surge,full_engine,16,1971.4760136009736,7285.979763139486,27.058488737161632,1101.0,73.2061762034514,52.86103542234333,20.345140781108082,23.43324250681199,0.0,0.0,3.360581289736603,39.963669391462304,33.333333333333336,170.7013888888889,11.122068276457457,181.82345716534638,0.09222707043401412,73.12500000000013,0.0,224.7265428346414,0.0,234.0053066193585,566.7780748460751,160.86056768637926,63.387978142076506,19.86111111111111,0.8058449074074074,99.19593151136597,23.476829869256875,37.09954872125702
event_surge,full_engine,17,2065.656174952392,6970.739557720513,29.633242754917642,1065.0,75.30516431924883,53.14553990610329,22.15962441314554,23.1924882629108,0.0,0.0,1.5023474178403755,41.690140845070424,33.6150234741784,198.05555555555554,11.626460679440864,209.6820162349964,0.10150867253589722,75.04097222222293,0.0,208.48465043165714,0.0,236.5985988177878,577.9859075427805,153.87149261298612,65.4320987654321,23.125,0.7928240740740741,97.00393632610763,25.754394692673518,41.19835473347039
event_surge,full_engine,18,2072.614097306011,7452.581984427675,27.810684963101128,1079.0,71.17701575532901,51.251158480074146,19.925857275254867,27.618164967562556,0.0,0.0,1.2048192771084338,40.12974976830399,31.047265987025025,209.8125,11.711699445792682,221.52419944579268,0.10688154622403195,80.05356537399298,0.0,191.75913388752713,0.0,226.13994071208924,559.1877268234833,146.79076860181868,58.959537572254334,24.54861111111111,0.7508680555555556,98.00129702210921,26.629045765833062,39.615892269511626
event_surge,full_engine,19,2295.4638737369332,7554.829958816812,30.384057434119057,1134.0,72.48677248677248,52.55731922398589,19.929453262786595,24.16225749559083,0.0,0.0,3.3509700176366843,39.94708994708995,32.71604938271605,210.13194444444446,11.079611326232957,221.21155577067742,0.09636899900783578,68.31250000000021,0.0,180.90511089597663,0.0,215.21713563928202,529.1633022933286,143.93293052945998,61.79775280898876,24.54861111111111,0.8174189814814815,98.646190766262,24.64969883022793,37.6673276390761
event_surge,no_battery_guard,0,2461.4165925066964,7459.000206780908,32.99928307106153,1074.0,80.63314711359403,56.70391061452514,23.929236499068903,18.528864059590315,0.0,0.0,0.8379888268156425,47.95158286778398,32.68156424581006,215.40972222222223,11.970608314773031,227.38033053699525,0.09237783284195386,77.97007293986665,0.0,191.28633612965854,0.0,200.26532788726837,541.5683878525302,140.56987686623918,74.70588235294117,25.069444444444443,1.0054976851851851,99.32283104356743,24.049241226438024,38.72135142785012
event_surge,no_battery_guard,1,2070.9787340241196,7296.554160868192,28.38296939027587,1102.0,75.95281306715063,54.26497277676951,21.687840290381125,23.049001814882033,0.0,0.0,0.9981851179673321,41.37931034482759,34.57350272232305,185.8402777777778,11.986855159142895,197.8271329369207,0.09552349799001687,78.70486111111079,0.0,220.92286706306635,0.0,219.70682130384503,553.8856913279276,156.28228067818117,62.71186440677966,21.631944444444443,0.8608217592592593,98.61215396004211,25.31359940545402,39.821185389680316
event_surge,no_battery_guard,2,2810.3672988133403,7785.529039114887,36.09731958732559,1091.0,79.74335472043997,55.36205316223648,24.381301558203482,16.773602199816683,0.0,0.0,3.483043079743355,46.654445462878094,33.547204399633365,182.43750000000003,12.216111111110916,194.65361111111093,0.06926269430807218,64.52083333333363,0.0,205.27972222221072,0.0,187.56963201193372,497.6031301992958,128.72111342410722,79.67914438502673,21.145833333333332,1.0026041666666667,100.0,22.438052719003174,40.438343522785196
event_surge,no_battery_guard,3,2563.4924317312366,7583.942370429077,33.80158111072516,1127.0,79.23691215616681,53.59361135758651,25.643300798580302,20.141969831410826,0.0,0.0,0.6211180124223602,46.76131322094055,32.475598935226266,213.79166666666669,12.266666666666342,226.05833333333302,0.08818373346265981,78.39583333333336,0.0,189.19166666665362,0.0,190.69836738853238,508.9079900218738,126.22551163170408,67.22222222222223,24.895833333333332,0.9722222222222222,100.0,24.230221087996476,39.25667445668799
event_surge,no_battery_guard,4,2276.669509574534,7669.33349110833,29.685363300657855,1104.0,72.73550724637681,53.44202898550725,19.293478260869566,25.72463768115942,0.0,0.0,1.539855072463768,38.768115942028984,34.05797101449275,184.49305555555557,12.167222222222415,196.660277777778,0.08638068764514267,80.049305555555,0.0,222.00638888887545,0.0,216.6206364929647,551.5299021798719,155.15587948062122,63.888888888888886,21.52777777777778,0.7624421296296297,100.0,26.019341648984142,39.7027727734067
event_surge,no_battery_guard,5,2327.5488726005306,7434.441997224761,31.307647211040084,1113.0,77.35849056603773,55.25606469002695,22.10242587601078,20.12578616352201,0.0,0.0,2.5157232704402515,42.318059299191376,35.04043126684636,210.29861111111111,11.734221864694105,222.0328329758052,0.09539341389971834,65.56830478639418,0.0,184.13383369084954,0.0,199.63538515893023,506.71069081393733,143.99918307066827,65.11627906976744,24.54861111111111,0.8521412037037037,96.32689997012996,22.780254550908577,40.11404361910184
event_surge,no_battery_guard,6,2282.72484297503,7865.816404731675,29.02082537296267,1036.0,73.16602316602317,53.57142857142857,19.594594594594593,23.93822393822394,0.0,0.0,2.8957528957528957,42.76061776061776,30.79150579150579,186.45833333333334,10.903081631264714,197.36141496459805,0.08645869675093247,73.58333333333346,0.0,212.09691836872292,0.0,214.3278535263057,555.3702892019168,142.31721473114865,66.30434782608695,21.73611111111111,0.8072916666666666,97.25728200741493,23.8268659321391,37.50810634611407
event_surge,no_battery_guard,7,2867.4549656369313,8253.116970240242,34.7439031335268,1131.0,74.53580901856763,54.37665782493369,20.159151193633953,24.049513704686117,0.0,0.0,1.4146772767462423,44.20866489832007,30.41556145004421,221.67361111111111,11.698508314494815,233.37211942560592,0.08138649855788348,76.34978127354935,0.0,185.62788057438078,0.0,222.10636515988767,569.3715727063998,122.29392857172981,72.91666666666667,25.868055555555557,0.9129050925925926,97.64126386946407,26.701810878925368,41.60207936401232
event_surge,no_battery_guard,8,2087.668477302775,7378.7555988626555,28.29296145307433,1049.0,75.5958055290753,55.86272640610105,19.73307912297426,20.972354623450904,0.0,0.0,3.4318398474737846,41.75405147759771,34.795042897998094,202.18055555555557,11.417190898938625,213.5977464544942,0.10231401622275685,77.38055555555472,0.0,198.80225354549282,0.0,225.86537541600873,550.7637635887783,145.73004277684907,65.47619047619048,23.61111111111111,0.8015046296296297,95.56800417637739,25.845774987814192,38.8841406073787
event_surge,no_battery_guard,9,2284.1140783516203,7012.7919715579565,32.570680659220855,1039.0,72.76227141482194,52.26179018286814,20.500481231953803,24.446583253128008,0.0,0.0,2.791145332050048,41.77093358999038,31.087584215591914,179.0,11.226111111112147,190.22611111111215,0.08328222872668115,68.77083333333354,0.0,213.79888888887598,0.0,211.71094922156723,499.7718791232397,132.9089988339531,66.875,20.833333333333332,0.8333333333333334,100.0,23.027704375919612,37.64679271794042
event_surge,no_battery_guard,10,2240.812407604762,6508.47213490406,34.42916188559196,1076.0,77.32342007434944,54.92565055762082,22.397769516728623,21.654275092936803,0.0,0.0,1.0223048327137547,44.51672862453532,32.806691449814124,187.4930555555556,11.969442959451403,199.462498515007,0.08901347468359276,75.31874999999995,0.0,219.20416815164702,0.0,209.9625334628477,562.435903931182,146.91750673412278,72.72727272727273,21.770833333333332,0.9620949074074074,99.34063688220243,22.750709709181343,39.636644440000985
event_surge,no_battery_guard,11,1900.0999770206017,6429.712302358273,29.551866205952763,1082.0,75.13863216266174,51.386321626617374,23.752310536044362,23.290203327171906,0.0,0.0,1.5711645101663585,41.40480591497227,34.011090573012936,166.28472222222223,11.667246206760804,177.95196842898304,0.09365400272674894,76.39236111111083,0.0,240.3813649043379,0.0,230.89719446377833,553.1481042149712,164.2977846602317,66.88741721854305,19.305555555555557,0.8579282407407407,95.96528592657404,23.91863995817473,38.605359184110156
event_surge,no_battery_guard,12,2360.0073493429463,7245.827574293549,32.57057009906893,1071.0,77.59103641456582,52.661064425770306,24.92997198879552,19.981325863678805,0.0,0.0,2.4276377217553686,46.965452847805786,30.62558356676004,176.34722222222223,12.095606424043236,188.44282864626547,0.07984840754785368,65.2083333333336,0.0,211.77383802038986,0.0,184.424527329485,487.97349630169487,136.61747997093065,70.11494252873563,20.381944444444443,1.0706018518518519,98.9730501103617,21.07396261571232,39.45225495276452
event_surge,no_battery_guard,13,2744.0263417440747,7791.826652211822,35.21672727363799,1106.0,79.4755877034358,55.51537070524412,23.960216998191683,19.620253164556964,0.0,0.0,0.9041591320072333,45.56962025316456,33.99638336347197,205.4513888888889,12.267222222222738,217.71861111111164,0.07934275549728577,77.81250000000004,0.0,195.8647222222085,0.0,205.0104041274235,531.1695441981934,114.70596035659254,68.25396825396825,23.92361111111111,0.9360532407407407,100.0,24.53231999289287,41.31097154805086
event_surge,no_battery_guard,14,1896.8235869077632,7466.68175552301,25.403835987849714,1056.0,72.34848484848484,52.746212121212125,19.602272727272727,26.136363636363637,0.0,0.0,1.5151515151515151,40.90909090909091,31.439393939393938,185.10416666666669,12.053489477738221,197.1576561444049,0.10394095555602773,77.5482638888882,0.0,221.50901052224873,0.0,234.84336500424106,568.6626496932464,162.79540657199854,59.42857142857143,21.59722222222222,0.7682291666666666,99.03359987185517,26.671120107841627,39.80945407081528
event_surge,no_battery_guard,15,2078.622313380571,6474.358166668744,32.10545755842986,1077.0,78.36583101207057,56.26740947075209,22.098421541318476,19.127205199628598,0.0,0.0,2.5069637883008355,41.132776230269265,37.2330547818013,191.70833333333334,12.1112025355541,203.81953586888744,0.09805510821126767,73.31249999999984,0.0,202.38046413110015,0.0,202.11716350210298,498.6861432207711,135.62723299818646,67.6470588235294,22.36111111111111,0.8072916666666666,99.34000712689624,23.58629835649988,39.03484162315673
event_surge,no_battery_guard,16,1971.4760136009736,7285.979763139486,27.058488737161632,1101.0,73.2061762034514,52.86103542234333,20.345140781108082,23.43324250681199,0.0,0.0,3.360581289736603,39.963669391462304,33.333333333333336,170.7013888888889,11.122068276457457,181.82345716534638,0.09222707043401412,73.12500000000013,0.0,224.7265428346414,0.0,234.0053066193585,566.7780748460751,160.86056768637926,63.387978142076506,19.86111111111111,0.8058449074074074,99.19593151136597,23.476829869256875,37.09954872125702
event_surge,no_battery_guard,17,2065.656174952392,6970.739557720513,29.633242754917642,1065.0,75.30516431924883,53.14553990610329,22.15962441314554,23.1924882629108,0.0,0.0,1.5023474178403755,41.690140845070424,33.6150234741784,198.05555555555554,11.626460679440864,209.6820162349964,0.10150867253589722,75.04097222222293,0.0,208.48465043165714,0.0,236.5985988177878,577.9859075427805,153.87149261298612,65.4320987654321,23.125,0.7928240740740741,97.00393632610763,25.754394692673518,41.19835473347039
event_surge,no_battery_guard,18,2072.614097306011,7452.581984427675,27.810684963101128,1079.0,71.17701575532901,51.251158480074146,19.925857275254867,27.618164967562556,0.0,0.0,1.2048192771084338,40.12974976830399,31.047265987025025,209.8125,11.711699445792682,221.52419944579268,0.10688154622403195,80.05356537399298,0.0,191.75913388752713,0.0,226.13994071208924,559.1877268234833,146.79076860181868,58.959537572254334,24.54861111111111,0.7508680555555556,98.00129702210921,26.629045765833062,39.615892269511626
event_surge,no_battery_guard,19,2295.4638737369332,7554.829958816812,30.384057434119057,1134.0,72.48677248677248,52.55731922398589,19.929453262786595,24.16225749559083,0.0,0.0,3.3509700176366843,39.94708994708995,32.71604938271605,210.13194444444446,11.079611326232957,221.21155577067742,0.09636899900783578,68.31250000000021,0.0,180.90511089597663,0.0,215.21713563928202,529.1633022933286,143.93293052945998,61.79775280898876,24.54861111111111,0.8174189814814815,98.646190766262,24.64969883022793,37.6673276390761
event_surge,no_prices,0,2454.016564604728,7459.000206780908,32.9000736904901,1074.0,80.16759776536313,56.052141527001865,24.115456238361265,18.901303538175046,0.0,0.0,0.931098696461825,46.74115456238361,33.42644320297951,214.8888888888889,12.05222222222219,226.9411111111111,0.09247741616107014,78.96180555555519,0.0,191.72555555554237,0.0,201.05620464011764,547.8321302951874,140.56987686623918,74.70588235294117,25.03472222222222,0.9577546296296297,100.00000000000001,26.16313318268865,39.83592858389197
event_surge,no_prices,1,2065.9621648453394,7296.554160868192,28.314216811069592,1102.0,75.86206896551724,54.3557168784029,21.506352087114337,23.139745916515427,0.0,0.0,0.9981851179673321,40.562613430127044,35.2994555353902,186.61111111111114,11.867202323213553,198.4783134343247,0.09607064292447148,77.24652777777749,0.0,220.27168656566243,0.0,220.78637532168477,561.911985047366,156.28228067818117,62.71186440677966,21.73611111111111,0.8391203703703703,97.6278070465466,24.689850028432225,38.37123546053015
event_surge,no_prices,2,2805.443016215354,7785.529039114887,36.034070416032975,1091.0,79.74335472043997,55.36205316223648,24.381301558203482,16.773602199816683,0.0,0.0,3.483043079743355,46.2878093492209,33.91384051329056,182.70833333333331,12.216111111110916,194.92444444444422,0.06948080688782068,64.52083333333363,0.0,205.0088888888778,0.0,187.2690120720063,487.4942000984864,128.72111342410722,79.67914438502673,21.180555555555557,0.9982638888888888,100.0,23.473775636410057,41.63254446441894
event_surge,no_prices,3,2561.2685457477746,7583.942370429077,33.772257496767686,1127.0,79.5031055900621,53.94853593611358,25.554569653948537,19.964507542147295,0.0,0.0,0.5323868677905945,45.962732919254655,33.54037267080745,216.87500000000003,12.142020533569433,229.01702053356945,0.08941546598609668,78.39583333333336,0.0,186.23297946641716,0.0,193.67267937946826,513.6319289964099,126.22552138255092,67.22222222222223,25.27777777777778,0.9461805555555556,98.9838630454056,26.2777949981858,40.393243763207735
event_surge,no_prices,4,2278.2177454106,7669.33349110833,29.705550659022972,1104.0,72.73550724637681,53.44202898550725,19.293478260869566,25.72463768115942,0.0,0.0,1.539855072463768,38.677536231884055,34.14855072463768,184.47222222222223,12.167222222222415,196.63944444444465,0.08631284030710797,73.17847222222207,0.0,222.02722222220922,0.0,216.4183791014355,552.5735001878908,155.15587948062122,63.888888888888886,21.52777777777778,0.7581018518518519,100.0,26.926312872807195,41.072086323147126
event_surge,no_prices,5,2321.7555750531033,7434.441997224761,31.229722095078593,1113.0,77.35849056603773,55.34591194968554,22.0125786163522,20.12578616352201,0.0,0.0,2.5157232704402515,41.689128481581314,35.669362084456424,211.36111111111111,11.659931964649214,223.02104307576033,0.09605707227413868,69.19824807667905,0.0,183.14562359089388,0.0,199.82113228659162,506.55007729525164,143.99918307066827,65.11627906976744,24.6875,0.8304398148148148,95.71704992187526,23.131479280050925,38.45640284841592
event_surge,no_prices,6,2282.161551536946,7865.816404731675,29.01366411456176,1036.0,73.16602316602317,53.47490347490348,19.69111969111969,23.93822393822394,0.0,0.0,2.8957528957528957,41.988416988416986,31.563706563706564,186.04166666666669,10.832903348816277,196.87457001548296,0.08626671055907313,73.58333333333346,0.0,212.58376331783813,0.0,215.3980212531093,556.0919695408396,142.31721473114865,66.30434782608695,21.70138888888889,0.78125,96.63128018171898,23.081575694388704,37.09010272065828
event_surge,no_prices,7,2859.179173172254,8253.116970240242,34.643628382853585,1131.0,74.09372236958444,54.02298850574713,20.07073386383731,24.49160035366932,0.0,0.0,1.4146772767462423,42.705570291777185,31.47656940760389,220.56944444444449,11.920585350207437,232.49002979465192,0.08131355739301382,75.89236111111086,0.0,186.50997020533518,0.0,224.69855939065343,573.9043345601484,122.29392857172981,72.91666666666667,25.76388888888889,0.8651620370370371,99.49482347385377,26.525781233899014,40.19221545824706
event_surge,no_prices,8,2091.980123793582,7378.7555988626555,28.351394700158316,1049.0,75.5958055290753,55.9580552907531,19.637750238322212,20.972354623450904,0.0,0.0,3.4318398474737846,40.705433746425165,35.843660629170635,199.3888888888889,11.804664546263583,211.1935534351525,0.10095390058112769,73.73472222222146,0.0,201.20644656483444,0.0,226.8570417913977,555.8892708267978,145.73004277684907,65.47619047619048,23.29861111111111,0.7667824074074074,98.81136617965527,25.60018849613899,38.240208789210385
event_surge,no_prices,9,2283.709602849161,7012.7919715579565,32.56491297775961,1039.0,72.6660250240616,52.06929740134745,20.59672762271415,24.542829643888354,0.0,0.0,2.791145332050048,40.615976900866215,32.14629451395572,176.79166666666669,11.226111111112147,188.01777777777883,0.08232998518866298,68.77083333333354,0.0,216.00722222220926,0.0,213.03175625960438,499.7960841610208,132.9089988339531,66.875,20.59027777777778,0.7986111111111112,100.0,24.08336994329249,39.42839048815063
event_surge,no_prices,10,2237.989597410389,6508.47213490406,34.385790566857494,1076.0,77.23048327137546,55.111524163568774,22.118959107806692,21.74721189591078,0.0,0.0,1.0223048327137547,43.49442379182156,33.7360594795539,188.22222222222223,11.900764781948002,200.12298700417023,0.08942087453656421,74.95416666666655,0.0,218.54367966248378,0.0,209.315367394645,562.3759045987465,146.91750673412278,72.72727272727273,21.875,0.9317129629629629,98.770640942023,22.984690500157118,37.52124069842554
event_surge,no_prices,11,1898.654912352786,6429.712302358273,29.529391410816352,1082.0,75.04621072088725,51.478743068391864,23.567467652495377,23.290203327171906,0.0,0.0,1.6635859519408502,40.94269870609982,34.380776340110906,162.76388888888889,12.157777777776612,174.9216666666655,0.09212925715390011,77.48611111111083,0.0,243.41166666665524,0.0,230.89687061648993,553.1022427674066,164.2977846602317,66.88741721854305,18.88888888888889,0.8535879629629629,100.0,25.34263508857999,39.74597544273862
event_surge,no_prices,12,2348.365706170183,7245.827574293549,32.409903245581205,1071.0,77.3109243697479,52.38095238095238,24.92997198879552,20.168067226890756,0.0,0.0,2.5210084033613445,44.44444444444444,32.95985060690943,175.8888888888889,12.22111111111137,188.1100000000003,0.08010251533896665,65.2083333333336,0.0,212.10666666665475,0.0,186.5669119884716,494.9004362169264,136.61747997093065,70.11494252873563,20.381944444444443,0.9751157407407407,100.0,22.82404575141892,40.151004165271395
event_surge,no_prices,13,2732.8613004619983,7791.826652211822,35.07343556836235,1106.0,79.29475587703436,55.605786618444846,23.688969258589513,19.710669077757686,0.0,0.0,0.9945750452079566,44.66546112115732,34.719710669077756,203.8888888888889,12.267222222222738,216.15611111111164,0.0790951634005611,77.81250000000004,0.0,197.42722222220863,0.0,203.17928914688608,532.6901488127,114.70596035659254,68.25396825396825,23.75,0.9143518518518519,100.0,26.503970339044514,43.204637528995704
event_surge,no_prices,14,1892.1707939087773,7466.68175552301,25.34152192182508,1056.0,72.25378787878788,52.65151515151515,19.602272727272727,26.231060606060606,0.0,0.0,1.5151515151515151,40.05681818181818,32.196969696969695,184.41666666666669,12.16475072745288,196.58141739411957,0.10389200490090478,79.86805555555523,0.0,222.08524927253393,0.0,235.42203638947953,567.0573771487097,162.79540657199854,59.42857142857143,21.52777777777778,0.7465277777777778,99.94774196372279,26.180065613557943,39.87034601284944
event_surge,no_prices,15,2071.555348777869,6474.358166668744,31.996304428176973,1077.0,78.27298050139275,56.3602599814299,21.91272051996286,19.127205199628598,0.0,0.0,2.5998142989786444,40.11142061281337,38.16155988857939,188.9166666666667,12.191666666666666,201.10833333333338,0.09708083998430402,73.31249999999984,0.0,205.09166666665422,0.0,201.2594135452194,500.90006859178357,135.62723299818646,67.6470588235294,22.04861111111111,0.7725694444444444,100.0,23.894593335647933,41.70082011946744
event_surge,no_prices,16,1970.895362193563,7285.979763139486,27.050519302352765,1101.0,73.11534968210718,52.770208900999094,20.345140781108082,23.524069028156223,0.0,0.0,3.360581289736603,39.237057220708444,33.96911898274296,170.8888888888889,11.097955304867199,181.9868441937561,0.09233714162846715,73.12500000000013,0.0,224.5631558062317,0.0,233.7719375093655,566.7721672162895,160.86056768637926,63.387978142076506,19.895833333333332,0.7841435185185185,98.98087181033307,22.543966614133023,37.15750289588828
event_surge,no_prices,17,2055.672395485592,6970.739557720513,29.49001864814776,1065.0,75.11737089201878,53.333333333333336,21.784037558685448,23.380281690140844,0.0,0.0,1.5023474178403755,40.84507042253521,34.27230046948357,197.97222222222223,11.605235871125528,209.57745809334776,0.10195080624402765,76.13472222222296,0.0,208.58920857330577,0.0,237.21083905633057,575.8176170266665,153.87149261298612,65.4320987654321,23.125,0.7754629629629629,96.8268497637288,25.143387160049,40.374579474446016
event_surge,no_prices,18,2066.9395091967845,7452.581984427675,27.734542384313215,1079.0,71.08433734939759,51.251158480074146,19.833178869323447,27.710843373493976,0.0,0.0,1.2048192771084338,39.85171455050973,31.23262279888786,209.50000000000003,11.679315107009213,221.17931510700924,0.10700812197109717,80.09900874508665,0.0,192.1040182263106,0.0,225.80134449479354,558.5351287477314,146.79076860181868,58.959537572254334,24.51388888888889,0.7465277777777778,97.7303109693444,25.92790670850215,38.736911992300556
event_surge,no_prices,19,2290.476217747903,7554.829958816812,30.318037999979317,1134.0,72.04585537918871,52.116402116402114,19.929453262786595,24.603174603174605,0.0,0.0,3.3509700176366843,39.15343915343915,33.06878306878307,209.69444444444446,11.150191405887329,220.8446358503318,0.096418654836537,68.31250000000021,0.0,181.27203081632234,0.0,215.2629907012502,531.8937812723211,143.93293052945998,61.79775280898876,24.51388888888889,0.7870370370370371,99.27459331549207,24.421441402283847,38.07528375311579
event_surge,no_queue_pass,0,2428.6467565078083,7459.000206780908,32.55995025043635,1074.0,80.44692737430168,56.33147113594041,24.115456238361265,18.156424581005588,0.0,0.0,1.3966480446927374,46.8342644320298,33.61266294227188,201.78472222222223,12.05222222222219,213.8369444444444,0.08804777552414585,74.3315972222206,0.0,204.82972222220963,0.0,202.74821507706696,547.2379871621604,140.56987686623918,74.70588235294117,23.47222222222222,0.9620949074074074,100.00000000000001,25.80234557844803,40.03447899515478
event_surge,no_queue_pass,1,2040.297323170492,7296.554160868192,27.96247760501409,1102.0,76.76950998185119,54.990925589836664,21.77858439201452,21.960072595281307,0.0,0.0,1.2704174228675136,42.46823956442831,34.30127041742287,177.8402777777778,12.155555555555555,189.99583333333337,0.09312164025098653,76.88194444444416,0.0,228.75416666665382,0.0,228.23294359195577,572.4474885986042,156.28228067818117,62.71186440677966,20.65972222222222,0.8955439814814815,100.0,29.510687722782404,44.150276539749186
event_surge,no_queue_pass,2,2765.3799124154166,7785.529039114887,35.51948619704595,1091.0,79.56003666361137,55.453712190650776,24.106324472960587,16.498625114573784,0.0,0.0,3.9413382218148487,47.02108157653529,32.99725022914757,170.35416666666669,12.216111111110916,182.5702777777776,0.06601996237772331,64.52083333333363,0.0,217.3630555555443,0.0,192.82224264127157,500.3891967574529,128.72111342410722,79.67914438502673,19.6875,1.0373263888888888,100.0,27.67066999676688,42.50749978543846
event_surge,no_queue_pass,3,2541.156114314204,7583.942370429077,33.50705991942332,1127.0,79.59183673469387,54.037267080745345,25.554569653948537,19.25465838509317,0.0,0.0,1.1535048802129548,46.93877551020408,32.6530612244898,200.20833333333337,12.266666666666342,212.4749999999997,0.08361351701421993,78.39583333333336,0.0,202.77499999998727,0.0,192.04980503074054,509.4931598871221,126.22551163170408,67.22222222222223,23.26388888888889,0.9982638888888888,100.0,26.768072319170418,39.902237244803466
event_surge,no_queue_pass,4,2235.0079015322995,7669.33349110833,29.142139980267157,1104.0,73.46014492753623,53.89492753623188,19.565217391304348,24.63768115942029,0.0,0.0,1.9021739130434783,39.221014492753625,34.32971014492754,174.9930555555556,12.167222222222415,187.16027777777802,0.08374032040310138,80.14583333333299,0.0,231.5063888888757,0.0,222.59076239335423,556.3013627167546,155.15587948062122,63.888888888888886,20.381944444444443,0.7884837962962963,100.0,30.559876810438066,41.081372102279566
event_surge,no_queue_pass,5,2274.690760008698,7434.441997224761,30.596657568353194,1113.0,77.62803234501348,55.25606469002695,22.371967654986523,19.31716082659479,0.0,0.0,3.054806828391734,44.115004492362985,34.14195867026056,197.13194444444446,12.181666666666084,209.31361111111053,0.09201849094876974,72.64583333333321,0.0,196.85305555554382,0.0,206.17972085545483,509.35956713221543,143.99918307066827,65.11627906976744,22.95138888888889,0.9042245370370371,100.0,29.11492427731911,44.221460221664515
event_surge,no_queue_pass,6,2228.066479421082,7865.816404731675,28.32594056073811,1036.0,72.87644787644787,53.18532818532819,19.69111969111969,23.455598455598455,0.0,0.0,3.667953667953668,42.47104247104247,30.888030888030887,169.58333333333334,11.210555555555684,180.79388888888903,0.08114384851562628,73.58333333333346,0.0,229.88944444443217,0.0,217.61403973932624,567.5394960032479,142.31721473114865,66.30434782608695,19.72222222222222,0.8159722222222222,100.0,28.86315974305728,41.67844877049843
event_surge,no_queue_pass,7,2844.357676744018,8253.116970240242,34.46404173114756,1131.0,74.18213969938108,53.84615384615385,20.335985853227232,23.784261715296196,0.0,0.0,2.033598585322723,45.18125552608311,29.000884173297965,204.50694444444446,11.981111111112275,216.48805555555674,0.07611140375403634,75.31944444444417,0.0,202.51194444443053,0.0,224.8343651678212,568.6308970554844,122.29392857172981,72.91666666666667,23.78472222222222,0.9823495370370371,100.0,29.165687794188237,41.243030233111384
event_surge,no_queue_pass,8,2030.0832106967557,7378.7555988626555,27.512541694830876,1049.0,75.50047664442326,55.86272640610105,19.637750238322212,20.40038131553861,0.0,0.0,4.0991420400381315,42.040038131553864,34.795042897998094,193.24305555555557,11.946666666667442,205.18972222222303,0.1010745378027134,74.7604166666664,0.0,211.06027777776416,0.0,227.649774764217,552.2176833928258,145.73004277684907,65.47619047619048,22.53472222222222,0.8232060185185185,100.0,30.498545262579313,42.042636232901586
event_surge,no_queue_pass,9,2240.4159361218344,7012.7919715579565,31.947560190126463,1039.0,72.56977863330125,52.06929740134745,20.500481231953803,24.06159769008662,0.0,0.0,3.368623676612127,41.96342637151107,30.991337824831568,165.41666666666669,11.226111111112147,176.64277777777883,0.07884374277552583,68.77083333333354,0.0,229.1322222222094,0.0,216.49721713155773,506.5251490530912,132.90900504159058,66.875,19.20138888888889,0.859375,100.0,26.784924410827866,40.468818930735104
event_surge,no_queue_pass,10,2210.6569091920055,6508.47213490406,33.965835043474335,1076.0,77.23048327137546,54.83271375464684,22.397769516728623,21.096654275092938,0.0,0.0,1.6728624535315986,43.773234200743495,33.45724907063197,173.34722222222223,12.048888888889147,185.39611111111137,0.08386471475525055,76.77708333333317,0.0,233.27055555554273,0.0,213.9969620935314,564.9936491632686,146.91765512063026,72.72727272727273,20.104166666666668,0.9317129629629629,100.0,26.118801683877905,38.20029553131833
event_surge,no_queue_pass,11,1867.5486902770447,6429.712302358273,29.04560270281565,1082.0,75.32347504621072,51.75600739371534,23.567467652495377,22.64325323475046,0.0,0.0,2.033271719038817,41.21996303142329,34.103512014787434,152.97222222222223,12.157777777776612,165.12999999999883,0.08842072009137408,79.30902777777746,0.0,253.2033333333219,0.0,234.5356773840774,556.3156159447685,164.2977846602317,66.88741721854305,17.708333333333332,0.8796296296296297,100.0,28.9752106277876,40.15426496724954
event_surge,no_queue_pass,12,2298.27158113133,7245.827574293549,31.71855191924583,1071.0,77.40429505135387,52.474323062558355,24.92997198879552,19.234360410831,0.0,0.0,3.361344537815126,47.05882352941177,30.62558356676004,163.34722222222223,12.22111111111137,175.5683333333336,0.07639146512306855,65.2083333333336,0.0,225.45666666665517,0.0,188.97660934857203,500.4657767410733,136.61749092021498,70.11494252873563,18.819444444444443,1.0966435185185186,100.0,26.118222818914266,40.0888242423777
event_surge,no_queue_pass,13,2721.47549152312,7791.826652211822,34.92731053957149,1106.0,79.20433996383363,55.4249547920434,23.779385171790235,19.349005424954793,0.0,0.0,1.4466546112115732,46.02169981916818,33.273056057866185,195.9513888888889,12.267222222222738,208.21861111111164,0.07650945663838352,76.1645833333327,0.0,205.36472222220885,0.0,205.16424064122484,524.7659627527355,114.70596035659254,68.25396825396825,22.77777777777778,0.9620949074074074,100.0,26.2814074068249,42.1758427290273
event_surge,no_queue_pass,14,1850.7172391413008,7466.68175552301,24.78634150668533,1056.0,72.25378787878788,52.84090909090909,19.41287878787879,25.66287878787879,0.0,0.0,2.0833333333333335,41.47727272727273,30.776515151515152,175.37500000000003,12.171111111112662,187.54611111111268,0.10133698824685433,76.48749999999934,0.0,231.12055555554107,0.0,238.7760643794905,568.7632949909138,162.79540657199854,59.42857142857143,20.416666666666668,0.8072916666666666,100.0,30.64960005019277,41.421989605363294
event_surge,no_queue_pass,15,2023.4290906538324,6474.358166668744,31.252968071350136,1077.0,78.55153203342618,56.453110492107704,22.098421541318476,18.477251624883937,0.0,0.0,2.971216341689879,41.96843082636955,36.67595171773445,177.0625,12.191666666666666,189.25416666666666,0.0935314054447605,73.31249999999984,0.0,218.6291666666545,0.0,205.65724145240236,502.4862510838263,135.62723299818646,67.6470588235294,20.59027777777778,0.8550347222222222,100.0,28.242250108601688,39.17595632823647
event_surge,no_queue_pass,16,1936.371115250328,7285.979763139486,26.576674355405526,1101.0,72.66121707538602,52.497729336966394,20.16348773841962,23.160762942779293,0.0,0.0,4.178019981834696,40.508628519527704,32.24341507720254,156.9513888888889,11.212222222221964,168.16361111111087,0.08684472195784185,73.12500000000013,0.0,238.3863888888772,0.0,233.77725029595527,567.2526114115307,160.86056768637926,63.387978142076506,18.194444444444443,0.8579282407407407,100.0,27.77521850633856,39.12375454201332
event_surge,no_queue_pass,17,2035.4205817808888,6970.739557720513,29.19949260658488,1065.0,74.92957746478874,52.95774647887324,21.971830985915492,22.910798122065728,0.0,0.0,2.15962441314554,42.347417840375584,32.582159624413144,183.97222222222223,11.985555555555038,195.95777777777727,0.09627385098283925,76.78576388888956,0.0,222.2088888888764,0.0,239.60261552189547,579.6019999499275,153.87149261298612,65.4320987654321,21.42361111111111,0.8362268518518519,100.0,29.316477690098242,39.17978167203912
event_surge,no_queue_pass,18,2024.4536765898927,7452.581984427675,27.16446032824638,1079.0,71.36237256719184,51.43651529193698,19.925857275254867,26.59870250231696,0.0,0.0,2.0389249304911954,39.75903614457831,31.60333642261353,189.16666666666669,11.950555555556072,201.11722222222275,0.09934394871459656,79.16145833333154,0.0,212.16611111109756,0.0,229.6063139486699,560.5403976394332,146.79076860181868,58.959537572254334,22.083333333333332,0.7638888888888888,100.0,31.23701892067396,42.097044211761734
event_surge,no_queue_pass,19,2240.7191111865877,7554.829958816812,29.659424810370115,1134.0,72.13403880070547,52.29276895943563,19.841269841269842,23.897707231040563,0.0,0.0,3.9682539682539684,40.476190476190474,31.746031746031747,196.92361111111111,11.231666666668994,208.1552777777801,0.09289664051981512,68.31250000000021,0.0,195.12805555554093,0.0,217.64521118342478,533.9734408240672,143.93293052945998,61.79775280898876,22.95138888888889,0.8608217592592593,100.0,27.879388889306977,39.89096744583688
event_surge,no_storage_price,0,2461.4165925066964,7459.000206780908,32.99928307106153,1074.0,80.63314711359403,56.70391061452514,23.929236499068903,18.528864059590315,0.0,0.0,0.8379888268156425,47.95158286778398,32.68156424581006,215.40972222222223,11.970608314773031,227.38033053699525,0.09237783284195386,77.97007293986665,0.0,191.28633612965854,0.0,200.26532788726837,541.5683878525302,140.56987686623918,74.70588235294117,25.069444444444443,1.0054976851851851,99.32283104356743,24.049241226438024,38.72135142785012
event_surge,no_storage_price,1,2070.9787340241196,7296.554160868192,28.38296939027587,1102.0,75.95281306715063,54.26497277676951,21.687840290381125,23.049001814882033,0.0,0.0,0.9981851179673321,41.37931034482759,34.57350272232305,185.8402777777778,11.986855159142895,197.8271329369207,0.09552349799001687,78.70486111111079,0.0,220.92286706306635,0.0,219.70682130384503,553.8856913279276,156.28228067818117,62.71186440677966,21.631944444444443,0.8608217592592593,98.61215396004211,25.31359940545402,39.821185389680316
event_surge,no_storage_price,2,2810.3672988133403,7785.529039114887,36.09731958732559,1091.0,79.74335472043997,55.36205316223648,24.381301558203482,16.773602199816683,0.0,0.0,3.483043079743355,46.654445462878094,33.547204399633365,182.43750000000003,12.216111111110916,194.65361111111093,0.06926269430807218,64.52083333333363,0.0,205.27972222221072,0.0,187.56963201193372,497.6031301992958,128.72111342410722,79.67914438502673,21.145833333333332,1.0026041666666667,100.0,22.438052719003174,40.438343522785196
event_surge,no_storage_price,3,2563.4924317312366,7583.942370429077,33.80158111072516,1127.0,79.23691215616681,53.59361135758651,25.643300798580302,20.141969831410826,0.0,0.0,0.6211180124223602,46.76131322094055,32.475598935226266,213.79166666666669,12.266666666666342,226.05833333333302,0.08818373346265981,78.39583333333336,0.0,189.19166666665362,0.0,190.69836738853238,508.9079900218738,126.22551163170408,67.22222222222223,24.895833333333332,0.9722222222222222,100.0,24.230221087996476,39.25667445668799
event_surge,no_storage_price,4,2276.669509574534,7669.33349110833,29.685363300657855,1104.0,72.73550724637681,53.44202898550725,19.293478260869566,25.72463768115942,0.0,0.0,1.539855072463768,38.768115942028984,34.05797101449275,184.49305555555557,12.167222222222415,196.660277777778,0.08638068764514267,80.049305555555,0.0,222.00638888887545,0.0,216.6206364929647,551.5299021798719,155.15587948062122,63.888888888888886,21.52777777777778,0.7624421296296297,100.0,26.019341648984142,39.7027727734067
event_surge,no_storage_price,5,2327.5488726005306,7434.441997224761,31.307647211040084,1113.0,77.35849056603773,55.25606469002695,22.10242587601078,20.12578616352201,0.0,0.0,2.5157232704402515,42.318059299191376,35.04043126684636,210.29861111111111,11.734221864694105,222.0328329758052,0.09539341389971834,65.56830478639418,0.0,184.13383369084954,0.0,199.63538515893023,506.71069081393733,143.99918307066827,65.11627906976744,24.54861111111111,0.8521412037037037,96.32689997012996,22.780254550908577,40.11404361910184
event_surge,no_storage_price,6,2282.72484297503,7865.816404731675,29.02082537296267,1036.0,73.16602316602317,53.57142857142857,19.594594594594593,23.93822393822394,0.0,0.0,2.8957528957528957,42.76061776061776,30.79150579150579,186.45833333333334,10.903081631264714,197.36141496459805,0.08645869675093247,73.58333333333346,0.0,212.09691836872292,0.0,214.3278535263057,555.3702892019168,142.31721473114865,66.30434782608695,21.73611111111111,0.8072916666666666,97.25728200741493,23.8268659321391,37.50810634611407
event_surge,no_storage_price,7,2867.4549656369313,8253.116970240242,34.7439031335268,1131.0,74.53580901856763,54.37665782493369,20.159151193633953,24.049513704686117,0.0,0.0,1.4146772767462423,44.20866489832007,30.41556145004421,221.67361111111111,11.698508314494815,233.37211942560592,0.08138649855788348,76.34978127354935,0.0,185.62788057438078,0.0,222.10636515988767,569.3715727063998,122.29392857172981,72.91666666666667,25.868055555555557,0.9129050925925926,97.64126386946407,26.701810878925368,41.60207936401232
event_surge,no_storage_price,8,2087.668477302775,7378.7555988626555,28.29296145307433,1049.0,75.5958055290753,55.86272640610105,19.73307912297426,20.972354623450904,0.0,0.0,3.4318398474737846,41.75405147759771,34.795042897998094,202.18055555555557,11.417190898938625,213.5977464544942,0.10231401622275685,77.38055555555472,0.0,198.80225354549282,0.0,225.86537541600873,550.7637635887783,145.73004277684907,65.47619047619048,23.61111111111111,0.8015046296296297,95.56800417637739,25.845774987814192,38.8841406073787
event_surge,no_storage_price,9,2284.1140783516203,7012.7919715579565,32.570680659220855,1039.0,72.76227141482194,52.26179018286814,20.500481231953803,24.446583253128008,0.0,0.0,2.791145332050048,41.77093358999038,31.087584215591914,179.0,11.226111111112147,190.22611111111215,0.08328222872668115,68.77083333333354,0.0,213.79888888887598,0.0,211.71094922156723,499.7718791232397,132.9089988339531,66.875,20.833333333333332,0.8333333333333334,100.0,23.027704375919612,37.64679271794042
event_surge,no_storage_price,10,2240.812407604762,6508.47213490406,34.42916188559196,1076.0,77.32342007434944,54.92565055762082,22.397769516728623,21.654275092936803,0.0,0.0,1.0223048327137547,44.51672862453532,32.806691449814124,187.4930555555556,11.969442959451403,199.462498515007,0.08901347468359276,75.31874999999995,0.0,219.20416815164702,0.0,209.9625334628477,562.435903931182,146.91750673412278,72.72727272727273,21.770833333333332,0.9620949074074074,99.34063688220243,22.750709709181343,39.636644440000985
event_surge,no_storage_price,11,1900.0999770206017,6429.712302358273,29.551866205952763,1082.0,75.13863216266174,51.386321626617374,23.752310536044362,23.290203327171906,0.0,0.0,1.5711645101663585,41.40480591497227,34.011090573012936,166.28472222222223,11.667246206760804,177.95196842898304,0.09365400272674894,76.39236111111083,0.0,240.3813649043379,0.0,230.89719446377833,553.1481042149712,164.2977846602317,66.88741721854305,19.305555555555557,0.8579282407407407,95.96528592657404,23.91863995817473,38.605359184110156
event_surge,no_storage_price,12,2360.0073493429463,7245.827574293549,32.57057009906893,1071.0,77.59103641456582,52.661064425770306,24.92997198879552,19.981325863678805,0.0,0.0,2.4276377217553686,46.965452847805786,30.62558356676004,176.34722222222223,12.095606424043236,188.44282864626547,0.07984840754785368,65.2083333333336,0.0,211.77383802038986,0.0,184.424527329485,487.97349630169487,136.61747997093065,70.11494252873563,20.381944444444443,1.0706018518518519,98.9730501103617,21.07396261571232,39.45225495276452
event_surge,no_storage_price,13,2744.0263417440747,7791.826652211822,35.21672727363799,1106.0,79.4755877034358,55.51537070524412,23.960216998191683,19.620253164556964,0.0,0.0,0.9041591320072333,45.56962025316456,33.99638336347197,205.4513888888889,12.267222222222738,217.71861111111164,0.07934275549728577,77.81250000000004,0.0,195.8647222222085,0.0,205.0104041274235,531.1695441981934,114.70596035659254,68.25396825396825,23.92361111111111,0.9360532407407407,100.0,24.53231999289287,41.31097154805086
event_surge,no_storage_price,14,1896.8235869077632,7466.68175552301,25.403835987849714,1056.0,72.34848484848484,52.746212121212125,19.602272727272727,26.136363636363637,0.0,0.0,1.5151515151515151,40.90909090909091,31.439393939393938,185.10416666666669,12.053489477738221,197.1576561444049,0.10394095555602773,77.5482638888882,0.0,221.50901052224873,0.0,234.84336500424106,568.6626496932464,162.79540657199854,59.42857142857143,21.59722222222222,0.7682291666666666,99.03359987185517,26.671120107841627,39.80945407081528
event_surge,no_storage_price,15,2078.622313380571,6474.358166668744,32.10545755842986,1077.0,78.36583101207057,56.26740947075209,22.098421541318476,19.127205199628598,0.0,0.0,2.5069637883008355,41.132776230269265,37.2330547818013,191.70833333333334,12.1112025355541,203.81953586888744,0.09805510821126767,73.31249999999984,0.0,202.38046413110015,0.0,202.11716350210298,498.6861432207711,135.62723299818646,67.6470588235294,22.36111111111111,0.8072916666666666,99.34000712689624,23.58629835649988,39.03484162315673
event_surge,no_storage_price,16,1971.4760136009736,7285.979763139486,27.058488737161632,1101.0,73.2061762034514,52.86103542234333,20.345140781108082,23.43324250681199,0.0,0.0,3.360581289736603,39.963669391462304,33.333333333333336,170.7013888888889,11.122068276457457,181.82345716534638,0.09222707043401412,73.12500000000013,0.0,224.7265428346414,0.0,234.0053066193585,566.7780748460751,160.86056768637926,63.387978142076506,19.86111111111111,0.8058449074074074,99.19593151136597,23.476829869256875,37.09954872125702
event_surge,no_storage_price,17,2065.656174952392,6970.739557720513,29.633242754917642,1065.0,75.30516431924883,53.14553990610329,22.15962441314554,23.1924882629108,0.0,0.0,1.5023474178403755,41.690140845070424,33.6150234741784,198.05555555555554,11.626460679440864,209.6820162349964,0.10150867253589722,75.04097222222293,0.0,208.48465043165714,0.0,236.5985988177878,577.9859075427805,153.87149261298612,65.4320987654321,23.125,0.7928240740740741,97.00393632610763,25.754394692673518,41.19835473347039
event_surge,no_storage_price,18,2072.614097306011,7452.581984427675,27.810684963101128,1079.0,71.17701575532901,51.251158480074146,19.925857275254867,27.618164967562556,0.0,0.0,1.2048192771084338,40.12974976830399,31.047265987025025,209.8125,11.711699445792682,221.52419944579268,0.10688154622403195,80.05356537399298,0.0,191.75913388752713,0.0,226.13994071208924,559.1877268234833,146.79076860181868,58.959537572254334,24.54861111111111,0.7508680555555556,98.00129702210921,26.629045765833062,39.615892269511626
event_surge,no_storage_price,19,2295.4638737369332,7554.829958816812,30.384057434119057,1134.0,72.48677248677248,52.55731922398589,19.929453262786595,24.16225749559083,0.0,0.0,3.3509700176366843,39.94708994708995,32.71604938271605,210.13194444444446,11.079611326232957,221.21155577067742,0.09636899900783578,68.31250000000021,0.0,180.90511089597663,0.0,215.21713563928202,529.1633022933286,143.93293052945998,61.79775280898876,24.54861111111111,0.8174189814814815,98.646190766262,24.64969883022793,37.6673276390761
nominal,full_engine,0,1224.8540362086069,2781.0729689275527,44.042499060387456,750.0,81.73333333333333,67.06666666666666,14.666666666666666,16.8,0.0,0.0,1.4666666666666666,33.333333333333336,48.4,169.23611111111114,11.91483844412747,181.1509495552386,0.14789594857846922,80.11527777777738,0.0,237.51571711141446,0.0,222.5862506975361,550.6008144801245,154.7937024741616,70.37037037037037,19.96527777777778,0.31828703703703703,98.86009587641516,21.116316485227323,37.469177286402775
nominal,full_engine,1,1253.0055331952449,3001.6817517051036,41.743450400212346,759.0,78.65612648221344,63.37285902503294,15.2832674571805,18.840579710144926,0.0,0.0,2.503293807641634,32.015810276679844,47.430830039525695,189.5763888888889,12.07939107141216,201.65577996030106,0.16093766118180325,80.39583333333333,0.0,217.31922003968498,0.0,238.06239309533404,566.3715616673705,143.07164702919235,57.142857142857146,22.46527777777778,0.1808449074074074,99.37341832057537,24.511758329304957,40.33428640104302
nominal,full_engine,2,1273.5193411111857,2830.6558953221897,44.9902562588319,756.0,76.71957671957672,62.83068783068783,13.88888888888889,19.312169312169313,0.0,0.0,3.9682539682539684,30.82010582010582,46.03174603174603,183.47916666666669,12.078438321257222,195.5576049879239,0.15355683944092574,64.52083333333363,0.0,204.37572834539685,0.0,212.08053524061884,547.3526619340637,153.88203476958947,65.0,21.73611111111111,0.18663194444444445,98.8730227762215,20.82718042240647,41.33215896275069
nominal,full_engine,3,1293.1412896241004,2765.429239114129,46.76096105927998,743.0,81.42664872139973,66.62180349932706,14.804845222072679,17.227456258411845,0.0,0.0,1.3458950201884252,30.013458950201883,51.41318977119785,167.87500000000003,12.266666666666342,180.14166666666637,0.13930547892336748,78.39583333333336,0.0,235.1083333333202,0.0,213.81596869052584,516.2933934693161,106.0931176325247,69.23076923076923,19.86111111111111,0.2170138888888889,100.0,23.49497657726069,38.32607537003765
nominal,full_engine,4,1190.5932363966565,2872.986538398728,41.44096119086722,760.0,80.92105263157895,67.89473684210526,13.026315789473685,16.710526315789473,0.0,0.0,2.3684210526315788,29.473684210526315,51.578947368421055,191.5763888888889,12.068014736804791,203.6444036256937,0.17104448219614093,75.57262046788267,0.0,215.0222630409594,0.0,241.79232174620572,589.4374464788287,153.90674551843014,76.0,22.708333333333332,0.17216435185185186,99.18463324162494,25.82282784291111,40.04302977573729
nominal,full_engine,5,1292.7323083658318,2823.63896570814,45.782492877648316,738.0,80.21680216802169,67.20867208672087,13.008130081300813,15.718157181571815,0.0,0.0,4.065040650406504,30.08130081300813,50.5420054200542,182.54166666666669,12.151516652723206,194.6931833193899,0.1506059545811966,72.64583333333321,0.0,211.47348334726402,0.0,203.10987503112756,509.88874937955813,109.29251000799518,70.0,21.631944444444443,0.1736111111111111,99.75249680714559,20.720218891851783,40.201986114071374
nominal,full_engine,6,1301.050501618992,3173.0538754351437,41.00310151338258,734.0,75.34059945504087,62.67029972752044,12.670299727520437,19.482288828337875,0.0,0.0,5.177111716621253,30.381471389645778,45.23160762942779,196.72222222222223,11.210555555555684,207.93277777777791,0.1598191442369316,73.58333333333346,0.0,199.77555555554198,0.0,229.48298934012513,586.9204157512629,124.0116786375889,69.23076923076923,23.333333333333332,0.15046296296296297,100.0,23.45099026916609,38.35184129068326
nominal,full_engine,7,1237.7267982591584,2799.5507101330863,44.211622735718144,742.0,80.05390835579514,65.76819407008087,14.285714285714286,18.059299191374663,0.0,0.0,1.8867924528301887,29.919137466307276,50.13477088948787,191.58333333333334,11.69067686189982,203.27401019523316,0.16423172745482653,80.2166666666659,0.0,215.72598980475303,0.0,226.8451383153378,558.8886826185626,148.8416807926298,69.56521739130434,22.708333333333332,0.1736111111111111,97.57589887516292,26.83773342241044,40.41527274544285
nominal,full_engine,8,1286.042494169305,2669.009155986942,48.1842668574044,709.0,80.81805359661494,66.29055007052186,14.527503526093088,16.784203102961918,0.0,0.0,2.397743300423131,30.465444287729195,50.352609308885754,172.36111111111111,11.752541102766486,184.1136522138776,0.14316296160400388,77.10416666666481,0.0,228.28634778610916,0.0,226.93685379013522,551.7086089692543,89.7992495798297,76.0,20.416666666666668,0.17939814814814814,98.37506503431129,23.261787074472608,41.96275858987279
nominal,full_engine,9,1175.9125327382387,2619.62144577906,44.88864353408624,683.0,77.15959004392387,63.543191800878475,13.616398243045388,18.887262079062957,0.0,0.0,3.953147877013177,29.86822840409956,47.2913616398243,173.11111111111114,11.094272475397089,184.20538358650822,0.15664888200278484,68.77083333333354,0.0,218.9446164134789,0.0,231.4757284992126,537.3442630512175,100.43526171608383,68.18181818181819,20.520833333333332,0.15335648148148148,98.8256072435934,21.3713908697064,41.22639985807804
nominal,full_engine,10,1351.006488968829,3049.7191450513924,44.29937396566602,754.0,81.6976127320955,64.72148541114058,16.97612732095491,16.97612732095491,0.0,0.0,1.3262599469496021,39.389920424403186,42.30769230769231,202.5277777777778,12.048888888889147,214.57666666666694,0.15882726575980033,77.78472222222187,0.0,204.08999999998616,0.0,229.44978234718644,583.9425386047299,120.66935141636773,71.42857142857143,23.88888888888889,0.38773148148148145,100.0,22.88496204393971,42.06795786431434
nominal,full_engine,11,1063.914265877102,2695.5438346040655,39.469373572007775,749.0,79.4392523364486,65.02002670226969,14.419225634178906,17.890520694259013,0.0,0.0,2.67022696929239,28.17089452603471,51.93591455273698,181.87500000000003,11.77767794481018,193.6526779448102,0.18201906314806382,80.11111111111072,0.0,224.68065538850942,0.0,244.1588635828904,577.2823902189004,205.98687682140823,54.166666666666664,21.5625,0.15625,96.87360766158085,23.601715848644016,39.71581556456686
nominal,full_engine,12,1202.695086929771,2720.0840553711027,44.21536476253071,716.0,78.49162011173185,62.849162011173185,15.64245810055866,18.435754189944134,0.0,0.0,3.0726256983240225,30.726256983240223,47.76536312849162,175.86111111111111,11.950541592655643,187.81165270376675,0.15615899220409277,65.2083333333336,0.0,212.40501396288755,0.0,211.5447686535843,528.2796063110477,140.42968201165743,73.07692307692308,20.833333333333332,0.17939814814814814,97.78604812610102,21.353683009183303,38.41255273460331
nominal,full_engine,13,1402.9753881331294,2948.046341488098,47.59000455280983,783.0,81.99233716475096,67.17752234993614,14.814814814814815,16.85823754789272,0.0,0.0,1.1494252873563218,33.205619412515965,48.78671775223499,215.41666666666669,12.267222222222738,227.6838888888894,0.16228644551766314,73.31180555555466,0.0,185.89944444443023,0.0,210.22787812483168,524.3309132628681,153.90169347787273,71.42857142857143,25.520833333333332,0.2170138888888889,100.0,23.737222975313784,37.52293017526277
nominal,full_engine,14,1240.2738502797783,2614.4977210630345,47.43832210247606,711.0,80.59071729957806,66.66666666666667,13.924050632911392,17.018284106891702,0.0,0.0,2.390998593530239,32.63009845288326,48.38255977496484,192.30555555555557,12.171111111112662,204.47666666666822,0.164864127886388,76.89583333333302,0.0,214.1899999999847,0.0,251.15170326092166,571.3954644610378,145.40599582193127,93.75,22.77777777777778,0.2025462962962963,100.0,26.688978190619096,39.48507153799654
nominal,full_engine,15,1238.1123485652993,2871.5316123264615,43.11679325592392,773.0,79.94825355756792,65.32988357050453,14.618369987063389,15.394566623544632,0.0,0.0,4.657179818887451,28.460543337645536,51.48771021992238,175.5763888888889,12.191666666666666,187.76805555555558,0.1516567182074693,73.31249999999984,0.0,218.4319444444316,0.0,203.6466949651919,503.7076618043205,130.2708403600365,87.09677419354838,20.79861111111111,0.1808449074074074,100.0,22.760533434487872,38.20847298652103
nominal,full_engine,16,1105.907777603197,2606.9633013761813,42.42130209579103,742.0,74.93261455525607,61.59029649595687,13.342318059299192,20.754716981132077,0.0,0.0,4.3126684636118595,27.088948787061994,48.113207547169814,154.52777777777777,11.212222222221964,165.73999999999972,0.14986783107647852,73.12500000000013,0.0,242.55999999998784,0.0,227.36512162014208,546.4392228898381,131.6686456882562,74.07407407407408,18.29861111111111,0.1707175925925926,100.0,23.62934979761017,37.6517438411175
nominal,full_engine,17,1392.0491624182043,3292.2341112093236,42.28281207823548,769.0,81.66449934980494,66.84005201560468,14.82444733420026,15.864759427828348,0.0,0.0,2.4707412223667102,33.02990897269181,48.634590377113135,205.79166666666669,11.985555555555038,217.77722222222172,0.156443628645923,78.13125000000059,0.0,200.3894444444309,0.0,254.72145983261623,575.7356523641951,132.16805449139545,78.37837837837837,24.375,0.2170138888888889,100.0,26.704254043767502,39.58824663571338
nominal,full_engine,18,1165.6182400743546,3068.3884087204506,37.987962565678885,763.0,76.53997378768021,63.564875491481,12.975098296199214,20.57667103538663,0.0,0.0,2.8833551769331587,30.275229357798164,46.26474442988204,189.0138888888889,11.950555555556072,200.96444444444498,0.17241017473407544,80.0763888888885,0.0,212.31888888887457,0.0,250.181138152143,555.3512629075863,188.81295170594615,70.96774193548387,22.395833333333332,0.18518518518518517,100.0,26.845080156981776,39.17239862390855
nominal,full_engine,19,1149.881990481728,2864.1710844587165,40.147112605147946,752.0,79.38829787234043,63.16489361702128,16.22340425531915,16.75531914893617,0.0,0.0,3.856382978723404,31.78191489361702,47.73936170212766,191.18055555555557,11.231666666668994,202.41222222222456,0.17602869155071,68.31250000000021,0.0,199.7044444444291,0.0,238.66770061208334,575.6104707196517,158.15724903396747,66.66666666666667,22.63888888888889,0.21122685185185186,100.0,25.764174560547236,36.4955418317317
nominal,no_battery_guard,0,1224.8540362086069,2781.0729689275527,44.042499060387456,750.0,81.73333333333333,67.06666666666666,14.666666666666666,16.8,0.0,0.0,1.4666666666666666,33.333333333333336,48.4,169.23611111111114,11.91483844412747,181.1509495552386,0.14789594857846922,80.11527777777738,0.0,237.51571711141446,0.0,222.5862506975361,550.6008144801245,154.7937024741616,70.37037037037037,19.96527777777778,0.31828703703703703,98.86009587641516,21.116316485227323,37.469177286402775
nominal,no_battery_guard,1,1253.0055331952449,3001.6817517051036,41.743450400212346,759.0,78.65612648221344,63.37285902503294,15.2832674571805,18.840579710144926,0.0,0.0,2.503293807641634,32.015810276679844,47.430830039525695,189.5763888888889,12.07939107141216,201.65577996030106,0.16093766118180325,80.39583333333333,0.0,217.31922003968498,0.0,238.06239309533404,566.3715616673705,143.07164702919235,57.142857142857146,22.46527777777778,0.1808449074074074,99.37341832057537,24.511758329304957,40.33428640104302
nominal,no_battery_guard,2,1273.5193411111857,2830.6558953221897,44.9902562588319,756.0,76.71957671957672,62.83068783068783,13.88888888888889,19.312169312169313,0.0,0.0,3.9682539682539684,30.82010582010582,46.03174603174603,183.47916666666669,12.078438321257222,195.5576049879239,0.15355683944092574,64.52083333333363,0.0,204.37572834539685,0.0,212.08053524061884,547.3526619340637,153.88203476958947,65.0,21.73611111111111,0.18663194444444445,98.8730227762215,20.82718042240647,41.33215896275069
nominal,no_battery_guard,3,1293.1412896241004,2765.429239114129,46.76096105927998,743.0,81.42664872139973,66.62180349932706,14.804845222072679,17.227456258411845,0.0,0.0,1.3458950201884252,30.013458950201883,51.41318977119785,167.87500000000003,12.266666666666342,180.14166666666637,0.13930547892336748,78.39583333333336,0.0,235.1083333333202,0.0,213.81596869052584,516.2933934693161,106.0931176325247,69.23076923076923,19.86111111111111,0.2170138888888889,100.0,23.49497657726069,38.32607537003765
nominal,no_battery_guard,4,1190.5932363966565,2872.986538398728,41.44096119086722,760.0,80.92105263157895,67.89473684210526,13.026315789473685,16.710526315789473,0.0,0.0,2.3684210526315788,29.473684210526315,51.578947368421055,191.5763888888889,12.068014736804791,203.6444036256937,0.17104448219614093,75.57262046788267,0.0,215.0222630409594,0.0,241.79232174620572,589.4374464788287,153.90674551843014,76.0,22.708333333333332,0.17216435185185186,99.18463324162494,25.82282784291111,40.04302977573729
nominal,no_battery_guard,5,1292.7323083658318,2823.63896570814,45.782492877648316,738.0,80.21680216802169,67.20867208672087,13.008130081300813,15.718157181571815,0.0,0.0,4.065040650406504,30.08130081300813,50.5420054200542,182.54166666666669,12.151516652723206,194.6931833193899,0.1506059545811966,72.64583333333321,0.0,211.47348334726402,0.0,203.10987503112756,509.88874937955813,109.29251000799518,70.0,21.631944444444443,0.1736111111111111,99.75249680714559,20.720218891851783,40.201986114071374
nominal,no_battery_guard,6,1301.050501618992,3173.0538754351437,41.00310151338258,734.0,75.34059945504087,62.67029972752044,12.670299727520437,19.482288828337875,0.0,0.0,5.177111716621253,30.381471389645778,45.23160762942779,196.72222222222223,11.210555555555684,207.93277777777791,0.1598191442369316,73.58333333333346,0.0,199.77555555554198,0.0,229.48298934012513,586.9204157512629,124.0116786375889,69.23076923076923,23.333333333333332,0.15046296296296297,100.0,23.45099026916609,38.35184129068326
nominal,no_battery_guard,7,1237.7267982591584,2799.5507101330863,44.211622735718144,742.0,80.05390835579514,65.76819407008087,14.285714285714286,18.059299191374663,0.0,0.0,1.8867924528301887,29.919137466307276,50.13477088948787,191.58333333333334,11.69067686189982,203.27401019523316,0.16423172745482653,80.2166666666659,0.0,215.72598980475303,0.0,226.8451383153378,558.8886826185626,148.8416807926298,69.56521739130434,22.708333333333332,0.1736111111111111,97.57589887516292,26.83773342241044,40.41527274544285
nominal,no_battery_guard,8,1286.042494169305,2669.009155986942,48.1842668574044,709.0,80.81805359661494,66.29055007052186,14.527503526093088,16.784203102961918,0.0,0.0,2.397743300423131,30.465444287729195,50.352609308885754,172.36111111111111,11.752541102766486,184.1136522138776,0.14316296160400388,77.10416666666481,0.0,228.28634778610916,0.0,226.93685379013522,551.7086089692543,89.7992495798297,76.0,20.416666666666668,0.17939814814814814,98.37506503431129,23.261787074472608,41.96275858987279
nominal,no_battery_guard,9,1175.9125327382387,2619.62144577906,44.88864353408624,683.0,77.15959004392387,63.543191800878475,13.616398243045388,18.887262079062957,0.0,0.0,3.953147877013177,29.86822840409956,47.2913616398243,173.11111111111114,11.094272475397089,184.20538358650822,0.15664888200278484,68.77083333333354,0.0,218.9446164134789,0.0,231.4757284992126,537.3442630512175,100.43526171608383,68.18181818181819,20.520833333333332,0.15335648148148148,98.8256072435934,21.3713908697064,41.22639985807804
nominal,no_battery_guard,10,1351.006488968829,3049.7191450513924,44.29937396566602,754.0,81.6976127320955,64.72148541114058,16.97612732095491,16.97612732095491,0.0,0.0,1.3262599469496021,39.389920424403186,42.30769230769231,202.5277777777778,12.048888888889147,214.57666666666694,0.15882726575980033,77.78472222222187,0.0,204.08999999998616,0.0,229.44978234718644,583.9425386047299,120.66935141636773,71.42857142857143,23.88888888888889,0.38773148148148145,100.0,22.88496204393971,42.06795786431434
nominal,no_battery_guard,11,1063.914265877102,2695.5438346040655,39.469373572007775,749.0,79.4392523364486,65.02002670226969,14.419225634178906,17.890520694259013,0.0,0.0,2.67022696929239,28.17089452603471,51.93591455273698,181.87500000000003,11.77767794481018,193.6526779448102,0.18201906314806382,80.11111111111072,0.0,224.68065538850942,0.0,244.1588635828904,577.2823902189004,205.98687682140823,54.166666666666664,21.5625,0.15625,96.87360766158085,23.601715848644016,39.71581556456686
nominal,no_battery_guard,12,1202.695086929771,2720.0840553711027,44.21536476253071,716.0,78.49162011173185,62.849162011173185,15.64245810055866,18.435754189944134,0.0,0.0,3.0726256983240225,30.726256983240223,47.76536312849162,175.86111111111111,11.950541592655643,187.81165270376675,0.15615899220409277,65.2083333333336,0.0,212.40501396288755,0.0,211.5447686535843,528.2796063110477,140.42968201165743,73.07692307692308,20.833333333333332,0.17939814814814814,97.78604812610102,21.353683009183303,38.41255273460331
nominal,no_battery_guard,13,1402.9753881331294,2948.046341488098,47.59000455280983,783.0,81.99233716475096,67.17752234993614,14.814814814814815,16.85823754789272,0.0,0.0,1.1494252873563218,33.205619412515965,48.78671775223499,215.41666666666669,12.267222222222738,227.6838888888894,0.16228644551766314,73.31180555555466,0.0,185.89944444443023,0.0,210.22787812483168,524.3309132628681,153.90169347787273,71.42857142857143,25.520833333333332,0.2170138888888889,100.0,23.737222975313784,37.52293017526277
nominal,no_battery_guard,14,1240.2738502797783,2614.4977210630345,47.43832210247606,711.0,80.59071729957806,66.66666666666667,13.924050632911392,17.018284106891702,0.0,0.0,2.390998593530239,32.63009845288326,48.38255977496484,192.30555555555557,12.171111111112662,204.47666666666822,0.164864127886388,76.89583333333302,0.0,214.1899999999847,0.0,251.15170326092166,571.3954644610378,145.40599582193127,93.75,22.77777777777778,0.2025462962962963,100.0,26.688978190619096,39.48507153799654
nominal,no_battery_guard,15,1238.1123485652993,2871.5316123264615,43.11679325592392,773.0,79.94825355756792,65.32988357050453,14.618369987063389,15.394566623544632,0.0,0.0,4.657179818887451,28.460543337645536,51.48771021992238,175.5763888888889,12.191666666666666,187.76805555555558,0.1516567182074693,73.31249999999984,0.0,218.4319444444316,0.0,203.6466949651919,503.7076618043205,130.2708403600365,87.09677419354838,20.79861111111111,0.1808449074074074,100.0,22.760533434487872,38.20847298652103
nominal,no_battery_guard,16,1105.907777603197,2606.9633013761813,42.42130209579103,742.0,74.93261455525607,61.59029649595687,13.342318059299192,20.754716981132077,0.0,0.0,4.3126684636118595,27.088948787061994,48.113207547169814,154.52777777777777,11.212222222221964,165.73999999999972,0.14986783107647852,73.12500000000013,0.0,242.55999999998784,0.0,227.36512162014208,546.4392228898381,131.6686456882562,74.07407407407408,18.29861111111111,0.1707175925925926,100.0,23.62934979761017,37.6517438411175
nominal,no_battery_guard,17,1392.0491624182043,3292.2341112093236,42.28281207823548,769.0,81.66449934980494,66.84005201560468,14.82444733420026,15.864759427828348,0.0,0.0,2.4707412223667102,33.02990897269181,48.634590377113135,205.79166666666669,11.985555555555038,217.77722222222172,0.156443628645923,78.13125000000059,0.0,200.3894444444309,0.0,254.72145983261623,575.7356523641951,132.16805449139545,78.37837837837837,24.375,0.2170138888888889,100.0,26.704254043767502,39.58824663571338
nominal,no_battery_guard,18,1165.6182400743546,3068.3884087204506,37.987962565678885,763.0,76.53997378768021,63.564875491481,12.975098296199214,20.57667103538663,0.0,0.0,2.8833551769331587,30.275229357798164,46.26474442988204,189.0138888888889,11.950555555556072,200.96444444444498,0.17241017473407544,80.0763888888885,0.0,212.31888888887457,0.0,250.181138152143,555.3512629075863,188.81295170594615,70.96774193548387,22.395833333333332,0.18518518518518517,100.0,26.845080156981776,39.17239862390855
nominal,no_battery_guard,19,1149.881990481728,2864.1710844587165,40.147112605147946,752.0,79.38829787234043,63.16489361702128,16.22340425531915,16.75531914893617,0.0,0.0,3.856382978723404,31.78191489361702,47.73936170212766,191.18055555555557,11.231666666668994,202.41222222222456,0.17602869155071,68.31250000000021,0.0,199.7044444444291,0.0,238.66770061208334,575.6104707196517,158.15724903396747,66.66666666666667,22.63888888888889,0.21122685185185186,100.0,25.764174560547236,36.4955418317317
nominal,no_prices,0,1217.715774080505,2781.0729689275527,43.7858261068959,750.0,81.86666666666666,67.2,14.666666666666666,16.666666666666668,0.0,0.0,1.4666666666666666,32.0,49.86666666666667,171.0902777777778,11.830551927446907,182.92082970522472,0.15021635885709692,80.39583333333333,0.0,235.74583696142832,0.0,225.8094963716674,551.314250794587,154.7937024741616,70.37037037037037,20.208333333333332,0.27922453703703703,98.16075167974782,21.628740141030157,36.46472280133754
nominal,no_prices,1,1255.0924008045563,3001.6817517051036,41.81297368022449,759.0,78.5243741765481,63.37285902503294,15.151515151515152,18.840579710144926,0.0,0.0,2.635046113306983,31.488801054018445,47.82608695652174,187.18055555555557,12.155555555555555,199.33611111111114,0.15882186122976286,77.519444444444,0.0,219.6388888888751,0.0,237.88656622155725,566.4608354061415,143.07164702919235,57.142857142857146,22.1875,0.16782407407407407,100.0,25.705603158650742,41.81648503191353
nominal,no_prices,2,1273.0309051448232,2830.6558953221897,44.973001036564526,756.0,76.58730158730158,62.698412698412696,13.88888888888889,19.444444444444443,0.0,0.0,3.9682539682539684,29.894179894179896,46.82539682539682,183.08333333333334,12.163089437497845,195.2464227708312,0.15337131406768123,64.52083333333363,0.0,204.68691056248957,0.0,211.59863925802944,547.2729929873038,153.88203476958947,65.0,21.70138888888889,0.16493055555555555,99.56596929144787,21.41446094101192,39.707699972612176
nominal,no_prices,3,1276.0150204621816,2765.429239114129,46.141662292937106,743.0,80.88829071332437,66.48721399730822,14.401076716016151,17.49663526244953,0.0,0.0,1.6150740242261103,28.936742934051143,51.95154777927322,162.58333333333334,12.266666666666342,174.84999999999968,0.13702816753416255,78.39583333333336,0.0,240.39999999998693,0.0,214.3658098902377,523.7110701840049,106.0931176325247,69.23076923076923,19.23611111111111,0.20833333333333334,100.0,26.512717598433994,42.990256811824516
nominal,no_prices,4,1187.5149176965897,2872.986538398728,41.33381419734937,760.0,80.26315789473684,67.23684210526316,13.026315789473685,17.236842105263158,0.0,0.0,2.5,28.026315789473685,52.36842105263158,189.38888888888889,12.167222222222415,201.5561111111113,0.16972932980249847,77.27152777777725,0.0,217.11055555554202,0.0,241.46660512794963,590.0224255773601,153.90674551843014,76.0,22.46527777777778,0.1417824074074074,100.0,27.418821021628304,43.21427081764443
nominal,no_prices,5,1286.4187167584166,2823.63896570814,45.558895183888914,738.0,80.08130081300813,66.93766937669376,13.143631436314363,15.718157181571815,0.0,0.0,4.200542005420054,28.726287262872628,51.76151761517615,182.08333333333337,12.181666666666084,194.26499999999945,0.15101226176926147,72.64583333333321,0.0,211.90166666665434,0.0,203.6177160279163,508.4806277498178,109.29251000799518,70.0,21.59722222222222,0.1388888888888889,100.0,21.75903937630732,41.92204460557464
nominal,no_prices,6,1292.0249813127498,3173.0538754351437,40.7186588073789,734.0,75.20435967302453,62.80653950953678,12.397820163487738,19.754768392370572,0.0,0.0,5.040871934604905,29.291553133514988,46.18528610354223,200.68055555555554,10.854501026782673,211.53505658233823,0.16372365832076252,73.58333333333346,0.0,196.1732767509818,0.0,230.14763320282492,573.7869511749159,124.0116786375889,69.23076923076923,23.819444444444443,0.1244212962962963,96.82393502259075,23.799894325983068,40.606749912304025
nominal,no_prices,7,1229.4505504119968,2799.5507101330863,43.91599501884181,742.0,79.91913746630728,65.90296495956873,14.016172506738544,18.194070080862534,0.0,0.0,1.8867924528301887,28.571428571428573,51.34770889487871,190.37500000000003,11.905287626018184,202.2802876260182,0.16452901465474376,80.39583333333333,0.0,216.71971237396804,0.0,227.31618166952705,561.3476617872454,148.8416807926298,69.56521739130434,22.569444444444443,0.16493055555555555,99.36714145799243,26.18010902625869,41.333532789045734
nominal,no_prices,8,1285.3146638555875,2669.009155986942,48.1569971752422,709.0,80.67700987306065,66.14950634696756,14.527503526093088,16.92524682651622,0.0,0.0,2.397743300423131,29.478138222849083,51.198871650211565,171.11111111111111,11.885443800983108,182.9965549120942,0.14237490636196065,76.77291666666582,0.0,229.40344508789252,0.0,227.48091448877742,550.9954530894818,89.7992495798297,76.0,20.27777777777778,0.16203703703703703,99.48753181625838,22.887033903161694,41.19624898992371
nominal,no_prices,9,1174.479205422645,2619.62144577906,44.833928479057846,683.0,76.86676427525622,63.396778916544655,13.469985358711567,19.1800878477306,0.0,0.0,3.953147877013177,28.989751098096633,47.87701317715959,172.48611111111114,11.201707725748944,183.6878188368601,0.1563993793919567,68.77083333333354,0.0,219.46218116312735,0.0,230.51959929640373,531.0980131830637,100.43526171608383,68.18181818181819,20.45138888888889,0.14467592592592593,99.78261942072669,20.4098152504605,35.35420253824131
nominal,no_prices,10,1349.8640303612717,3049.7191450513924,44.261912856848475,754.0,81.96286472148542,64.45623342175067,17.50663129973475,16.843501326259947,0.0,0.0,1.193633952254642,38.46153846153846,43.50132625994695,203.23611111111114,11.916006043366293,215.15211715447742,0.15938799191270772,79.45069444444418,0.0,203.51454951217556,0.0,234.65019341135806,589.6313810674064,120.66935141636773,71.42857142857143,23.993055555555557,0.35300925925925924,98.89713610318549,25.98282697063401,42.378235329023205
nominal,no_prices,11,1059.2201432728777,2695.5438346040655,39.2952297668148,749.0,79.4392523364486,65.02002670226969,14.419225634178906,17.890520694259013,0.0,0.0,2.67022696929239,27.636849132176234,52.46995994659546,181.54166666666669,11.75319605728598,193.29486272395266,0.18248790296480963,80.39583333333333,0.0,225.03847060936693,0.0,244.35128275720498,577.2053755509423,205.98687682140823,54.166666666666664,21.52777777777778,0.14756944444444445,96.67223954997618,23.18871859934849,38.77393776638506
nominal,no_prices,12,1197.3734721198175,2720.0840553711027,44.0197232050779,716.0,78.91061452513966,63.26815642458101,15.64245810055866,18.01675977653631,0.0,0.0,3.0726256983240225,29.88826815642458,49.022346368715084,176.94444444444446,11.887388167237823,188.83183261168227,0.15770504108244218,65.2083333333336,0.0,211.38483405497215,0.0,212.1348559981736,510.44819100526064,140.42968201165743,73.07692307692308,20.97222222222222,0.16203703703703703,97.2692913038805,22.891406863387402,41.572475792034666
nominal,no_prices,13,1397.8296567745058,2948.046341488098,47.415457386226755,783.0,81.8646232439336,67.04980842911877,14.814814814814815,16.985951468710088,0.0,0.0,1.1494252873563218,31.673052362707534,50.191570881226056,214.91666666666669,12.267222222222738,227.1838888888894,0.16252616174499876,68.20763888888807,0.0,186.39944444443086,0.0,211.4496465783996,524.3918793431719,153.90169347787273,71.42857142857143,25.48611111111111,0.1736111111111111,100.0,25.98676136594625,45.03849654828869
nominal,no_prices,14,1237.0524157266723,2614.4977210630345,47.31510782207515,711.0,80.16877637130801,66.52601969057665,13.642756680731365,17.440225035161745,0.0,0.0,2.390998593530239,30.80168776371308,49.78902953586498,192.3888888888889,12.171111111112662,204.56000000000157,0.1653608185064967,79.94236111111034,0.0,214.10666666665122,0.0,251.16935330018902,571.5765753592812,145.40599582193127,93.75,22.8125,0.15914351851851852,100.0,26.523191802444007,41.937004624021334
nominal,no_prices,15,1235.5481422867329,2871.5316123264615,43.02749574418632,773.0,79.94825355756792,65.84734799482536,14.100905562742561,15.394566623544632,0.0,0.0,4.657179818887451,27.813712807244503,52.13454075032342,174.97222222222223,12.191666666666666,187.1638888888889,0.15148247363513406,73.31249999999984,0.0,219.03611111109825,0.0,203.6713243639803,507.3457832321666,130.2708403600365,87.09677419354838,20.729166666666668,0.17650462962962962,100.0,24.87306667167355,42.371046308069864
nominal,no_prices,16,1114.6805513505326,2606.9633013761813,42.757815223639994,742.0,75.06738544474393,61.99460916442049,13.07277628032345,20.754716981132077,0.0,0.0,4.177897574123989,26.28032345013477,49.056603773584904,155.61111111111111,11.123867591108993,166.7349787022201,0.14958095258790166,73.12500000000013,0.0,242.44002129776743,0.0,227.93255192425877,550.0083155624446,131.6686456882562,74.07407407407408,18.4375,0.15335648148148148,99.21197930827793,21.724461856268224,37.36445149872209
nominal,no_prices,17,1394.0161477369672,3292.2341112093236,42.34255829470489,769.0,80.88426527958387,66.18985695708713,14.694408322496749,16.775032509752926,0.0,0.0,2.340702210663199,31.339401820546165,49.544863459037714,207.33333333333337,11.805460604615197,219.13879393794858,0.1571996094117679,79.01736111111074,0.0,199.02787272870398,0.0,254.81121865042485,576.2979956050003,132.16805449139545,78.37837837837837,24.583333333333332,0.1736111111111111,98.49740005705144,26.729224109560885,39.937339185745046
nominal,no_prices,18,1155.2115869851214,3068.3884087204506,37.64880559781727,763.0,76.67103538663171,63.564875491481,13.106159895150721,20.57667103538663,0.0,0.0,2.7522935779816513,29.357798165137616,47.313237221494106,190.93055555555557,11.861838147792707,202.79239370334827,0.17554567144932917,80.39583333333333,0.0,210.49093962997114,0.0,252.64243856657976,561.6031377176465,188.81295170594615,70.96774193548387,22.63888888888889,0.15914351851851852,99.25762942692553,27.534555145708993,40.050026903981546
nominal,no_prices,19,1153.7070722804601,2864.1710844587165,40.280661952792975,752.0,78.45744680851064,63.03191489361702,15.425531914893616,17.68617021276596,0.0,0.0,3.856382978723404,30.319148936170212,48.27127659574468,195.43055555555557,11.137615526011558,206.56817108156713,0.1790473301626355,68.31250000000021,0.0,195.5484955850864,0.0,239.145817577888,584.3061367947589,158.15724903396747,66.66666666666667,23.15972222222222,0.18518518518518517,99.16262525011945,24.588789715540308,37.22592938919186
nominal,no_queue_pass,0,1177.8717314986318,2781.0729689275527,42.353140124649336,750.0,80.93333333333334,66.4,14.533333333333333,16.4,0.0,0.0,2.6666666666666665,32.13333333333333,48.8,156.2777777777778,12.05222222222219,168.32999999999998,0.1429102978690473,79.02152777777741,0.0,250.3366666666533,0.0,226.17244628743072,570.4831801255871,154.7937024741616,70.37037037037037,18.4375,0.29224537037037035,100.00000000000001,24.824649422967752,38.240726571307306
nominal,no_queue_pass,1,1213.0153713423435,3001.6817517051036,40.41119184781301,759.0,78.12911725955205,63.768115942028984,14.361001317523057,18.181818181818183,0.0,0.0,3.689064558629776,32.015810276679844,46.9038208168643,179.1805555555556,12.155555555555555,191.33611111111117,0.15773593280963566,79.66736111111075,0.0,227.63888888887504,0.0,243.42459393968565,571.0010111937354,143.07164702919235,57.142857142857146,21.21527777777778,0.2025462962962963,100.0,30.406689369313668,41.458314547742276
nominal,no_queue_pass,2,1215.5839469587875,2830.6558953221897,42.94354354295076,756.0,76.85185185185185,63.22751322751323,13.624338624338625,18.253968253968253,0.0,0.0,4.894179894179894,30.687830687830687,46.6931216931217,173.35416666666669,12.216111111110916,185.5702777777776,0.15265936856277773,64.52083333333363,0.0,217.57138888887675,0.0,219.6418382646011,560.4896313723766,153.88203476958947,65.0,20.520833333333332,0.20399305555555555,100.0,26.564209583771085,40.811593893997305
nominal,no_queue_pass,3,1238.332134753169,2765.429239114129,44.77902082028515,743.0,80.48452220726783,66.08344549125168,14.401076716016151,17.092866756393,0.0,0.0,2.4226110363391657,31.22476446837147,49.25975773889637,152.72916666666669,12.266666666666342,164.99583333333302,0.1332403712241715,78.39583333333336,0.0,250.25416666665382,0.0,214.04031982115367,515.7907673603197,106.0931176325247,69.23076923076923,18.020833333333332,0.2821180555555556,100.0,26.02719368598528,39.20114915902268
nominal,no_queue_pass,4,1174.480809736332,2872.986538398728,40.880136194126905,760.0,80.52631578947368,67.63157894736842,12.894736842105264,16.44736842105263,0.0,0.0,3.026315789473684,30.0,50.526315789473685,180.59722222222223,12.167222222222415,192.76444444444465,0.16412736832006627,75.44861111111064,0.0,225.90222222220882,0.0,243.69257317508985,592.2352791227528,153.90674551843014,76.0,21.38888888888889,0.19386574074074073,100.0,29.891232148166797,43.589262204999514
nominal,no_queue_pass,5,1242.0322112804797,2823.63896570814,43.98693410752641,738.0,80.62330623306234,67.61517615176152,13.008130081300813,14.634146341463415,0.0,0.0,4.742547425474255,31.165311653116532,50.0,172.5,12.181666666666084,184.68166666666608,0.14869313773776247,72.64583333333321,0.0,221.7766666666545,0.0,208.28052181675565,512.427812352563,109.29251000799518,70.0,20.416666666666668,0.20833333333333334,100.0,26.545462684026905,41.88516395978835
nominal,no_queue_pass,6,1258.0607675811427,3173.0538754351437,39.64826369072021,734.0,75.34059945504087,62.80653950953678,12.534059945504087,18.80108991825613,0.0,0.0,5.858310626702997,31.743869209809265,44.141689373297005,185.2638888888889,11.210555555555684,196.4744444444446,0.15617245963579604,73.58333333333346,0.0,213.8588888888763,0.0,232.78789786499843,571.5710006212206,124.0116786375889,69.23076923076923,21.944444444444443,0.19386574074074073,100.0,28.40392930051141,40.30273369786993
nominal,no_queue_pass,7,1171.3075711103695,2799.5507101330863,41.839126788122634,742.0,80.3234501347709,65.90296495956873,14.420485175202156,16.846361185983827,0.0,0.0,2.830188679245283,30.32345013477089,50.0,178.02083333333337,11.981111111112275,190.00194444444566,0.16221353735836325,80.39583333333333,0.0,228.9980555555407,0.0,234.4758139518304,565.3970871311373,148.8416807926298,69.56521739130434,21.07638888888889,0.20399305555555555,100.0,30.285805340652285,40.08648882388855
nominal,no_queue_pass,8,1223.9751286266285,2669.009155986942,45.85878343208714,709.0,79.97179125528913,65.86741889985896,14.104372355430183,16.361071932299012,0.0,0.0,3.6671368124118477,29.90126939351199,50.07052186177715,154.13194444444446,11.946666666667442,166.0786111111119,0.13568789694073424,77.07812499999815,0.0,246.321388888875,0.0,230.46752826528632,556.2983227560527,89.7992495798297,76.0,18.229166666666668,0.2097800925925926,100.0,28.793791892995586,42.653998376224315
nominal,no_queue_pass,9,1129.0735384079574,2619.62144577906,43.10063731640346,683.0,76.86676427525622,63.250366032210835,13.616398243045388,18.15519765739385,0.0,0.0,4.978038067349927,29.72181551976574,47.2913616398243,157.4027777777778,11.226111111112147,168.62888888888995,0.14935155519335258,68.77083333333354,0.0,235.39611111109758,0.0,235.21814299898202,545.838289816688,100.43561809143598,68.18181818181819,18.645833333333332,0.16203703703703703,100.0,27.696082188221247,42.722807009183256
nominal,no_queue_pass,10,1339.2610681475212,3049.7191450513924,43.91424273676692,754.0,81.29973474801061,64.72148541114058,16.578249336870027,16.445623342175065,0.0,0.0,2.2546419098143238,36.3395225464191,44.96021220159151,190.48611111111114,12.048888888889147,202.53500000000028,0.15122891631588203,78.35694444444421,0.0,216.13166666665276,0.0,237.31120604915972,589.1498619128698,120.66935141636773,71.42857142857143,22.5,0.30960648148148145,100.0,25.165196423009824,41.11977319639542
nominal,no_queue_pass,11,1045.1012960138055,2695.5438346040655,38.77144502705945,749.0,79.4392523364486,65.82109479305741,13.618157543391188,16.955941255006675,0.0,0.0,3.6048064085447264,28.30440587449933,51.134846461949266,165.97916666666669,12.157777777776612,178.1369444444433,0.17044945320026678,80.39583333333333,0.0,240.1963888888766,0.0,250.2857739332972,582.1439007192685,205.98687682140823,54.166666666666664,19.65277777777778,0.18663194444444445,100.0,29.201472729586385,40.69771400371503
nominal,no_queue_pass,12,1172.7762441432264,2720.0840553711027,43.11544129775886,716.0,78.35195530726257,63.40782122905028,14.94413407821229,17.45810055865922,0.0,0.0,4.189944134078212,30.58659217877095,47.76536312849162,163.17361111111111,12.22111111111137,175.39472222222247,0.14955514583291835,65.2083333333336,0.0,224.8219444444317,0.0,213.7736261278779,526.5714607639561,140.42968201165743,73.07692307692308,19.305555555555557,0.2097800925925926,100.0,26.323070255405156,38.95851243820072
nominal,no_queue_pass,13,1369.7075368469862,2948.046341488098,46.46153344236756,783.0,80.71519795657727,66.41123882503193,14.303959131545339,16.985951468710088,0.0,0.0,2.2988505747126435,33.205619412515965,47.509578544061306,205.66666666666669,12.267222222222738,217.9338888888894,0.15910979754887294,70.29618055555473,0.0,195.64944444443063,0.0,217.1657297082354,555.8070482877143,153.90169347787273,71.42857142857143,24.34027777777778,0.2517361111111111,100.0,26.62176361770088,38.63309256701287
nominal,no_queue_pass,14,1199.3889425448324,2614.4977210630345,45.87454534315563,711.0,81.29395218002813,66.9479606188467,14.345991561181435,15.893108298171589,0.0,0.0,2.8129395218002813,34.31786216596343,46.976090014064695,183.80555555555557,12.171111111112662,195.97666666666822,0.1633970930654488,77.62499999999967,0.0,222.68999999998493,0.0,259.4863911327893,579.278459264041,145.40599582193127,93.75,21.73611111111111,0.25462962962962965,100.0,30.906687476261407,41.94044038641468
nominal,no_queue_pass,15,1200.0269072852377,2871.5316123264615,41.79048219890563,773.0,80.20698576972833,65.71798188874514,14.489003880983182,14.359637774902975,0.0,0.0,5.433376455368693,28.589909443725745,52.005174644243205,165.1388888888889,12.191666666666666,177.33055555555558,0.1477721495068155,73.31249999999984,0.0,229.96944444443167,0.0,206.0734883784655,502.7412200417554,130.2708403600365,87.09677419354838,19.54861111111111,0.19386574074074073,100.0,26.650768412784693,38.462739848465
nominal,no_queue_pass,16,1068.8749958794967,2606.9633013761813,41.00076879928658,742.0,74.39353099730458,61.59029649595687,12.803234501347708,20.485175202156334,0.0,0.0,5.121293800539084,26.684636118598384,48.113207547169814,141.44444444444446,11.212222222221964,152.6566666666664,0.1428199436371479,73.12500000000013,0.0,257.3933333333215,0.0,228.53946031187513,554.6947438428514,131.6686456882562,74.07407407407408,16.73611111111111,0.17939814814814814,100.0,27.693349412726768,39.31695697978943
nominal,no_queue_pass,17,1362.9003574617823,3292.2341112093236,41.39743139230015,769.0,81.53446033810143,66.97009102730819,14.564369310793237,15.474642392717815,0.0,0.0,2.990897269180754,34.070221066319895,47.46423927178154,196.95833333333334,11.985555555555038,208.94388888888838,0.15330826479348655,78.86041666666725,0.0,209.2227777777643,0.0,256.9853866839094,576.4046961804677,132.16805449139545,78.37837837837837,23.29861111111111,0.2604166666666667,100.0,30.054894858540955,39.504898267107315
nominal,no_queue_pass,18,1114.1345033972675,3068.3884087204506,36.31008708776452,763.0,76.80209698558322,64.08912188728702,12.7129750982962,19.39711664482307,0.0,0.0,3.800786369593709,30.013106159895152,46.788990825688074,176.30555555555554,11.950555555556072,188.2561111111116,0.16897072170108085,80.39583333333333,0.0,225.02722222220797,0.0,253.36498218606243,555.1112713014132,188.81295170594615,70.96774193548387,20.868055555555557,0.21122685185185186,100.0,30.739139406160778,39.185218649773965
nominal,no_queue_pass,19,1121.2263219611525,2864.1710844587165,39.146625285236645,752.0,79.38829787234043,63.297872340425535,16.090425531914892,15.957446808510639,0.0,0.0,4.654255319148936,32.4468085106383,47.07446808510638,181.07638888888889,11.231666666668994,192.30805555555787,0.1715158231561931,68.31250000000021,0.0,209.80861111109607,0.0,242.4754185023566,587.044834439708,158.15724903396747,66.66666666666667,21.42361111111111,0.23292824074074073,100.0,28.709789598295618,38.66896210418923
nominal,no_storage_price,0,1224.8540362086069,2781.0729689275527,44.042499060387456,750.0,81.73333333333333,67.06666666666666,14.666666666666666,16.8,0.0,0.0,1.4666666666666666,33.333333333333336,48.4,169.23611111111114,11.91483844412747,181.1509495552386,0.14789594857846922,80.11527777777738,0.0,237.51571711141446,0.0,222.5862506975361,550.6008144801245,154.7937024741616,70.37037037037037,19.96527777777778,0.31828703703703703,98.86009587641516,21.116316485227323,37.469177286402775
nominal,no_storage_price,1,1253.0055331952449,3001.6817517051036,41.743450400212346,759.0,78.65612648221344,63.37285902503294,15.2832674571805,18.840579710144926,0.0,0.0,2.503293807641634,32.015810276679844,47.430830039525695,189.5763888888889,12.07939107141216,201.65577996030106,0.16093766118180325,80.39583333333333,0.0,217.31922003968498,0.0,238.06239309533404,566.3715616673705,143.07164702919235,57.142857142857146,22.46527777777778,0.1808449074074074,99.37341832057537,24.511758329304957,40.33428640104302
nominal,no_storage_price,2,1273.5193411111857,2830.6558953221897,44.9902562588319,756.0,76.71957671957672,62.83068783068783,13.88888888888889,19.312169312169313,0.0,0.0,3.9682539682539684,30.82010582010582,46.03174603174603,183.47916666666669,12.078438321257222,195.5576049879239,0.15355683944092574,64.52083333333363,0.0,204.37572834539685,0.0,212.08053524061884,547.3526619340637,153.88203476958947,65.0,21.73611111111111,0.18663194444444445,98.8730227762215,20.82718042240647,41.33215896275069
nominal,no_storage_price,3,1293.1412896241004,2765.429239114129,46.76096105927998,743.0,81.42664872139973,66.62180349932706,14.804845222072679,17.227456258411845,0.0,0.0,1.3458950201884252,30.013458950201883,51.41318977119785,167.87500000000003,12.266666666666342,180.14166666666637,0.13930547892336748,78.39583333333336,0.0,235.1083333333202,0.0,213.81596869052584,516.2933934693161,106.0931176325247,69.23076923076923,19.86111111111111,0.2170138888888889,100.0,23.49497657726069,38.32607537003765
nominal,no_storage_price,4,1190.5932363966565,2872.986538398728,41.44096119086722,760.0,80.92105263157895,67.89473684210526,13.026315789473685,16.710526315789473,0.0,0.0,2.3684210526315788,29.473684210526315,51.578947368421055,191.5763888888889,12.068014736804791,203.6444036256937,0.17104448219614093,75.57262046788267,0.0,215.0222630409594,0.0,241.79232174620572,589.4374464788287,153.90674551843014,76.0,22.708333333333332,0.17216435185185186,99.18463324162494,25.82282784291111,40.04302977573729
nominal,no_storage_price,5,1292.7323083658318,2823.63896570814,45.782492877648316,738.0,80.21680216802169,67.20867208672087,13.008130081300813,15.718157181571815,0.0,0.0,4.065040650406504,30.08130081300813,50.5420054200542,182.54166666666669,12.151516652723206,194.6931833193899,0.1506059545811966,72.64583333333321,0.0,211.47348334726402,0.0,203.10987503112756,509.88874937955813,109.29251000799518,70.0,21.631944444444443,0.1736111111111111,99.75249680714559,20.720218891851783,40.201986114071374
nominal,no_storage_price,6,1301.050501618992,3173.0538754351437,41.00310151338258,734.0,75.34059945504087,62.67029972752044,12.670299727520437,19.482288828337875,0.0,0.0,5.177111716621253,30.381471389645778,45.23160762942779,196.72222222222223,11.210555555555684,207.93277777777791,0.1598191442369316,73.58333333333346,0.0,199.77555555554198,0.0,229.48298934012513,586.9204157512629,124.0116786375889,69.23076923076923,23.333333333333332,0.15046296296296297,100.0,23.45099026916609,38.35184129068326
nominal,no_storage_price,7,1237.7267982591584,2799.5507101330863,44.211622735718144,742.0,80.05390835579514,65.76819407008087,14.285714285714286,18.059299191374663,0.0,0.0,1.8867924528301887,29.919137466307276,50.13477088948787,191.58333333333334,11.69067686189982,203.27401019523316,0.16423172745482653,80.2166666666659,0.0,215.72598980475303,0.0,226.8451383153378,558.8886826185626,148.8416807926298,69.56521739130434,22.708333333333332,0.1736111111111111,97.57589887516292,26.83773342241044,40.41527274544285
nominal,no_storage_price,8,1286.042494169305,2669.009155986942,48.1842668574044,709.0,80.81805359661494,66.29055007052186,14.527503526093088,16.784203102961918,0.0,0.0,2.397743300423131,30.465444287729195,50.352609308885754,172.36111111111111,11.752541102766486,184.1136522138776,0.14316296160400388,77.10416666666481,0.0,228.28634778610916,0.0,226.93685379013522,551.7086089692543,89.7992495798297,76.0,20.416666666666668,0.17939814814814814,98.37506503431129,23.261787074472608,41.96275858987279
nominal,no_storage_price,9,1175.9125327382387,2619.62144577906,44.88864353408624,683.0,77.15959004392387,63.543191800878475,13.616398243045388,18.887262079062957,0.0,0.0,3.953147877013177,29.86822840409956,47.2913616398243,173.11111111111114,11.094272475397089,184.20538358650822,0.15664888200278484,68.77083333333354,0.0,218.9446164134789,0.0,231.4757284992126,537.3442630512175,100.43526171608383,68.18181818181819,20.520833333333332,0.15335648148148148,98.8256072435934,21.3713908697064,41.22639985807804
nominal,no_storage_price,10,1351.006488968829,3049.7191450513924,44.29937396566602,754.0,81.6976127320955,64.72148541114058,16.97612732095491,16.97612732095491,0.0,0.0,1.3262599469496021,39.389920424403186,42.30769230769231,202.5277777777778,12.048888888889147,214.57666666666694,0.15882726575980033,77.78472222222187,0.0,204.08999999998616,0.0,229.44978234718644,583.9425386047299,120.66935141636773,71.42857142857143,23.88888888888889,0.38773148148148145,100.0,22.88496204393971,42.06795786431434
nominal,no_storage_price,11,1063.914265877102,2695.5438346040655,39.469373572007775,749.0,79.4392523364486,65.02002670226969,14.419225634178906,17.890520694259013,0.0,0.0,2.67022696929239,28.17089452603471,51.93591455273698,181.87500000000003,11.77767794481018,193.6526779448102,0.18201906314806382,80.11111111111072,0.0,224.68065538850942,0.0,244.1588635828904,577.2823902189004,205.98687682140823,54.166666666666664,21.5625,0.15625,96.87360766158085,23.601715848644016,39.71581556456686
nominal,no_storage_price,12,1202.695086929771,2720.0840553711027,44.21536476253071,716.0,78.49162011173185,62.849162011173185,15.64245810055866,18.435754189944134,0.0,0.0,3.0726256983240225,30.726256983240223,47.76536312849162,175.86111111111111,11.950541592655643,187.81165270376675,0.15615899220409277,65.2083333333336,0.0,212.40501396288755,0.0,211.5447686535843,528.2796063110477,140.42968201165743,73.07692307692308,20.833333333333332,0.17939814814814814,97.78604812610102,21.353683009183303,38.41255273460331
nominal,no_storage_price,13,1402.9753881331294,2948.046341488098,47.59000455280983,783.0,81.99233716475096,67.17752234993614,14.814814814814815,16.85823754789272,0.0,0.0,1.1494252873563218,33.205619412515965,48.78671775223499,215.41666666666669,12.267222222222738,227.6838888888894,0.16228644551766314,73.31180555555466,0.0,185.89944444443023,0.0,210.22787812483168,524.3309132628681,153.90169347787273,71.42857142857143,25.520833333333332,0.2170138888888889,100.0,23.737222975313784,37.52293017526277
nominal,no_storage_price,14,1240.2738502797783,2614.4977210630345,47.43832210247606,711.0,80.59071729957806,66.66666666666667,13.924050632911392,17.018284106891702,0.0,0.0,2.390998593530239,32.63009845288326,48.38255977496484,192.30555555555557,12.171111111112662,204.47666666666822,0.164864127886388,76.89583333333302,0.0,214.1899999999847,0.0,251.15170326092166,571.3954644610378,145.40599582193127,93.75,22.77777777777778,0.2025462962962963,100.0,26.688978190619096,39.48507153799654
nominal,no_storage_price,15,1238.1123485652993,2871.5316123264615,43.11679325592392,773.0,79.94825355756792,65.32988357050453,14.618369987063389,15.394566623544632,0.0,0.0,4.657179818887451,28.460543337645536,51.48771021992238,175.5763888888889,12.191666666666666,187.76805555555558,0.1516567182074693,73.31249999999984,0.0,218.4319444444316,0.0,203.6466949651919,503.7076618043205,130.2708403600365,87.09677419354838,20.79861111111111,0.1808449074074074,100.0,22.760533434487872,38.20847298652103
nominal,no_storage_price,16,1105.907777603197,2606.9633013761813,42.42130209579103,742.0,74.93261455525607,61.59029649595687,13.342318059299192,20.754716981132077,0.0,0.0,4.3126684636118595,27.088948787061994,48.113207547169814,154.52777777777777,11.212222222221964,165.73999999999972,0.14986783107647852,73.12500000000013,0.0,242.55999999998784,0.0,227.36512162014208,546.4392228898381,131.6686456882562,74.07407407407408,18.29861111111111,0.1707175925925926,100.0,23.62934979761017,37.6517438411175
nominal,no_storage_price,17,1392.0491624182043,3292.2341112093236,42.28281207823548,769.0,81.66449934980494,66.84005201560468,14.82444733420026,15.864759427828348,0.0,0.0,2.4707412223667102,33.02990897269181,48.634590377113135,205.79166666666669,11.985555555555038,217.77722222222172,0.156443628645923,78.13125000000059,0.0,200.3894444444309,0.0,254.72145983261623,575.7356523641951,132.16805449139545,78.37837837837837,24.375,0.2170138888888889,100.0,26.704254043767502,39.58824663571338
nominal,no_storage_price,18,1165.6182400743546,3068.3884087204506,37.987962565678885,763.0,76.53997378768021,63.564875491481,12.975098296199214,20.57667103538663,0.0,0.0,2.8833551769331587,30.275229357798164,46.26474442988204,189.0138888888889,11.950555555556072,200.96444444444498,0.17241017473407544,80.0763888888885,0.0,212.31888888887457,0.0,250.181138152143,555.3512629075863,188.81295170594615,70.96774193548387,22.395833333333332,0.18518518518518517,100.0,26.845080156981776,39.17239862390855
nominal,no_storage_price,19,1149.881990481728,2864.1710844587165,40.147112605147946,752.0,79.38829787234043,63.16489361702128,16.22340425531915,16.75531914893617,0.0,0.0,3.856382978723404,31.78191489361702,47.73936170212766,191.18055555555557,11.231666666668994,202.41222222222456,0.17602869155071,68.31250000000021,0.0,199.7044444444291,0.0,238.66770061208334,575.6104707196517,158.15724903396747,66.66666666666667,22.63888888888889,0.21122685185185186,100.0,25.764174560547236,36.4955418317317
storage_tight,full_engine,0,1179.0627077145207,2781.0729689275527,42.39596446723924,750.0,80.26666666666667,66.0,14.266666666666667,18.266666666666666,0.0,0.0,1.4666666666666666,32.53333333333333,47.733333333333334,150.36111111111114,11.717366778001455,162.0784778891126,0.13746383193077436,80.39583333333333,0.0,256.58818877754084,0.0,220.26247455379996,550.5655588182959,154.7937024741616,70.37037037037037,17.708333333333332,0.33564814814814814,97.22162902370553,62.887984999611966,94.07363621512346
storage_tight,full_engine,1,1177.8543633815723,3001.6817517051036,39.23981490417806,759.0,76.15283267457181,62.714097496706195,13.438735177865613,21.080368906455863,0.2635046113306983,0.0,2.503293807641634,29.512516469038207,47.56258234519104,154.03472222222223,12.006493357956264,166.0412155801785,0.14096922399088532,80.39583333333333,0.0,252.933784419808,0.0,233.133663908718,560.4198385023849,143.07164702919235,57.142857142857146,18.229166666666668,0.18952546296296297,98.77371135430201,69.75873225256736,93.84225118917475
storage_tight,full_engine,2,1186.6885669646952,2830.6558953221897,41.9227419668269,756.0,75.13227513227513,61.904761904761905,13.227513227513228,21.296296296296298,0.26455026455026454,0.0,3.306878306878307,29.232804232804234,46.6931216931217,155.47916666666669,12.042237907171359,167.52140457383805,0.14116711767294032,64.52083333333363,0.0,235.62026209281626,0.0,212.3064131323685,547.4544225165454,153.88203476958947,65.0,18.40277777777778,0.18663194444444445,98.57668940337803,65.95726039464031,94.09672025774809
storage_tight,full_engine,3,1225.7275226114698,2765.429239114129,44.32322857062567,743.0,79.54239569313593,65.41049798115748,14.131897711978466,18.842530282637956,0.2691790040376851,0.0,1.3458950201884252,28.532974427994617,51.00942126514132,133.5625,12.266666666666342,145.82916666666634,0.11897355976471058,78.39583333333336,0.0,269.42083333332073,0.0,211.37223084508787,515.72924532727,106.0931176325247,69.23076923076923,15.76388888888889,0.2387152777777778,100.0,68.06882015347185,93.73243604933458
storage_tight,full_engine,4,1144.199758696271,2872.986538398728,39.82614409791129,760.0,79.07894736842105,66.84210526315789,12.236842105263158,18.157894736842106,0.39473684210526316,0.0,2.3684210526315788,28.55263157894737,50.6578947368421,161.1180555555556,11.968928220446735,173.08698377600234,0.15127339650309127,78.20816450140673,0.0,245.57968289065093,0.0,237.91419907932902,582.9324248244183,153.90674551843014,76.0,19.0625,0.20688657407407407,98.3702607040947,66.44701421243742,93.91429066985178
storage_tight,full_engine,5,1183.2373415713466,2823.63896570814,41.90469659688248,738.0,77.50677506775068,65.31165311653116,12.195121951219512,18.29268292682927,0.6775067750677507,0.0,3.5230352303523036,27.642276422764226,51.0840108401084,144.3125,12.052450319463926,156.36495031946393,0.13215011462688483,72.64583333333321,0.0,250.38504968052334,0.0,203.11543877645556,508.11861537471526,109.29251000799518,70.0,17.083333333333332,0.16927083333333334,98.93925559828571,63.12351439982829,93.03933278187091
storage_tight,full_engine,6,1164.5102003896457,3173.0538754351437,36.69998197650987,734.0,72.0708446866485,60.35422343324251,11.716621253405995,22.47956403269755,0.8174386920980926,0.0,4.632152588555858,27.6566757493188,45.095367847411445,148.09722222222223,10.97432144476495,159.07154366698717,0.13659952795068842,73.58333333333346,0.0,249.51178966633358,0.0,229.37592108484213,571.8388396152991,124.0116786375889,69.23076923076923,17.53472222222222,0.16782407407407407,97.89275286474394,69.18595051947959,94.11593372967856
storage_tight,full_engine,7,1140.083781899404,2799.5507101330863,40.72381249508447,742.0,78.4366576819407,64.6900269541779,13.746630727762803,19.137466307277627,0.5390835579514824,0.0,1.8867924528301887,28.30188679245283,50.13477088948787,155.89583333333334,11.47175094797033,167.36758428130366,0.14680288145355921,80.39583333333333,0.0,251.63241571868292,0.0,223.13890323362412,553.8707382623222,148.8416807926298,69.56521739130434,18.4375,0.2126736111111111,95.74864001829077,67.85088681088041,93.9029085533598
storage_tight,full_engine,8,1217.6528665578694,2669.009155986942,45.621906684977546,709.0,78.98448519040903,65.16220028208745,13.82228490832158,18.194640338504936,0.4231311706629055,0.0,2.397743300423131,28.913963328631876,50.07052186177715,138.65277777777777,11.820561011785003,150.47333878956277,0.12357654872108945,78.48928222623879,0.0,261.92666121042413,0.0,224.83445810252118,551.5140388550917,89.7992495798297,76.0,16.38888888888889,0.20543981481481483,98.94442811203324,64.78686092227106,93.71203939421353
storage_tight,full_engine,9,1132.0967232758856,2619.62144577906,43.21604272632631,683.0,75.84187408491947,62.51830161054173,13.323572474377745,20.497803806734993,0.29282576866764276,0.0,3.3674963396778916,29.428989751098097,46.559297218155194,145.79861111111114,11.176872437776415,156.97548354888755,0.1386590741952298,68.77083333333354,0.0,247.0495164511001,0.0,227.32355560136753,526.0610029792699,100.43526171608383,68.18181818181819,17.256944444444443,0.17505787037037038,99.56139153756467,62.98738886890252,94.11231036388543
storage_tight,full_engine,10,1292.7090429849272,3049.7191450513924,42.38780627004731,754.0,79.973474801061,63.39522546419098,16.578249336870027,18.70026525198939,0.13262599469496023,0.0,1.193633952254642,37.79840848806366,42.175066312997345,168.19444444444446,11.942232681735454,180.1366771261799,0.13934819912007088,78.68749999999963,0.0,238.52998954047342,0.0,230.7828459214006,585.7164015158407,120.66935141636773,71.42857142857143,19.791666666666668,0.4050925925925926,99.11480462524602,66.05953586502014,93.76631979513083
storage_tight,full_engine,11,982.2576745567408,2695.5438346040655,36.44005569291807,749.0,77.30307076101468,63.951935914552735,13.35113484646195,19.759679572763684,0.26702269692923897,0.0,2.67022696929239,26.83578104138852,51.134846461949266,138.08333333333334,11.819210710171642,149.90254404350497,0.15261020394791097,80.39583333333333,0.0,268.43078928981527,0.0,242.15677162506523,573.0990481418587,205.98687682140823,54.166666666666664,16.319444444444443,0.20833333333333334,97.21522243790436,67.73023762407672,93.91830978574022
storage_tight,full_engine,12,1142.054122332611,2720.0840553711027,41.98598642852601,716.0,77.09497206703911,62.29050279329609,14.804469273743017,19.83240223463687,0.13966480446927373,0.0,2.9329608938547485,29.189944134078214,48.46368715083799,154.31944444444446,11.727571629393225,166.04701607383768,0.14539329864217965,65.2083333333336,0.0,235.8529839261501,0.0,208.92367904477533,508.18422670930266,140.42968201165743,73.07692307692308,18.26388888888889,0.1880787037037037,95.96158256617582,65.41929420595035,94.12095098611645
storage_tight,full_engine,13,1288.0445306065335,2948.046341488098,43.69146144277914,783.0,80.33205619412516,66.41123882503193,13.920817369093232,17.879948914431672,0.7662835249042146,0.0,1.0217113665389528,30.65134099616858,49.68071519795658,180.52083333333334,12.267222222222738,192.78805555555607,0.14967499257558523,77.81250000000004,0.0,220.79527777776354,0.0,211.4923011391866,513.4060614569254,153.90169347787273,71.42857142857143,21.354166666666668,0.2387152777777778,100.0,66.67802142203665,94.12762315537462
storage_tight,full_engine,14,1167.1046828046588,2614.4977210630345,44.63972844199394,711.0,78.76230661040788,65.40084388185655,13.361462728551336,18.846694796061886,0.14064697609001406,0.0,2.250351617440225,32.48945147679325,46.69479606188467,162.22222222222223,11.751540904143633,173.97376312636587,0.14906440329610457,79.72916666666629,0.0,244.69290354028735,0.0,247.20730846923738,562.7601513423277,145.40599582193127,93.75,19.166666666666668,0.25462962962962965,96.552737025086,68.74933664525088,93.851465812945
storage_tight,full_engine,15,1162.4750427166612,2871.5316123264615,40.48275274862273,773.0,78.26649417852522,64.8124191461837,13.454075032341526,17.076326002587322,0.258732212160414,0.0,4.3984476067270375,26.520051746442434,52.39327296248383,147.86805555555557,12.128161517836936,159.9962170733925,0.13763410928761727,73.31249999999984,0.0,247.30378292659464,0.0,202.0831792665452,504.39011372357686,130.2708403600365,87.09677419354838,17.5,0.1808449074074074,99.47911019415123,65.2177248297197,93.67623056985977
storage_tight,full_engine,16,1041.8618986422941,2606.9633013761813,39.964578638000354,742.0,73.58490566037736,60.64690026954178,12.93800539083558,22.237196765498652,0.2695417789757412,0.0,3.908355795148248,26.684636118598384,47.7088948787062,135.11111111111111,10.877744934719788,145.98885604583091,0.1401230395660661,73.12500000000013,0.0,264.06114395415676,0.0,225.6496500596789,547.6254772780208,131.6686456882562,74.07407407407408,15.972222222222221,0.19675925925925927,97.0168510677637,64.10982508738974,92.54624866966326
storage_tight,full_engine,17,1332.5802523994053,3292.2341112093236,40.47647303884819,769.0,79.9739921976593,66.05981794538361,13.914174252275682,17.685305591677505,0.0,0.0,2.340702210663199,31.98959687906372,47.98439531859558,175.66666666666669,11.79161234238282,187.4582790090495,0.14067316296449506,78.51041666666632,0.0,230.70838765760362,0.0,253.39359549816365,571.6017132644183,132.16806398152016,78.37837837837837,20.76388888888889,0.2604166666666667,98.38185879433574,69.74559384539494,93.98110026440094
storage_tight,full_engine,18,1121.9348016155743,3068.3884087204506,36.56430191259367,763.0,75.49148099606815,63.040629095674966,12.450851900393184,21.887287024901703,0.0,0.0,2.6212319790301444,29.61992136304063,46.26474442988204,165.78472222222223,11.870205223403037,177.65492744562528,0.15834692638984374,79.6409722222205,0.0,235.6284058876946,0.0,248.37993759987486,553.7395150503527,188.81295170594615,70.96774193548387,19.618055555555557,0.20688657407407407,99.32764354109312,68.5812089903045,93.9422320073373
storage_tight,full_engine,19,1082.7408239463018,2864.1710844587165,37.80293816320413,752.0,76.99468085106383,61.702127659574465,15.292553191489361,19.414893617021278,0.26595744680851063,0.0,3.324468085106383,30.18617021276596,47.340425531914896,160.36805555555557,10.898774644547716,171.2668302001033,0.1581789717467947,68.31250000000021,0.0,230.84983646655076,0.0,238.56449125963317,572.129222052394,158.15724903396747,66.66666666666667,18.958333333333332,0.23292824074074073,97.03612979265877,70.90201471107089,94.06883965763735
storage_tight,no_battery_guard,0,1179.0627077145207,2781.0729689275527,42.39596446723924,750.0,80.26666666666667,66.0,14.266666666666667,18.266666666666666,0.0,0.0,1.4666666666666666,32.53333333333333,47.733333333333334,150.36111111111114,11.717366778001455,162.0784778891126,0.13746383193077436,80.39583333333333,0.0,256.58818877754084,0.0,220.26247455379996,550.5655588182959,154.7937024741616,70.37037037037037,17.708333333333332,0.33564814814814814,97.22162902370553,62.887984999611966,94.07363621512346
storage_tight,no_battery_guard,1,1177.8543633815723,3001.6817517051036,39.23981490417806,759.0,76.15283267457181,62.714097496706195,13.438735177865613,21.080368906455863,0.2635046113306983,0.0,2.503293807641634,29.512516469038207,47.56258234519104,154.03472222222223,12.006493357956264,166.0412155801785,0.14096922399088532,80.39583333333333,0.0,252.933784419808,0.0,233.133663908718,560.4198385023849,143.07164702919235,57.142857142857146,18.229166666666668,0.18952546296296297,98.77371135430201,69.75873225256736,93.84225118917475
storage_tight,no_battery_guard,2,1186.6885669646952,2830.6558953221897,41.9227419668269,756.0,75.13227513227513,61.904761904761905,13.227513227513228,21.296296296296298,0.26455026455026454,0.0,3.306878306878307,29.232804232804234,46.6931216931217,155.47916666666669,12.042237907171359,167.52140457383805,0.14116711767294032,64.52083333333363,0.0,235.62026209281626,0.0,212.3064131323685,547.4544225165454,153.88203476958947,65.0,18.40277777777778,0.18663194444444445,98.57668940337803,65.95726039464031,94.09672025774809
storage_tight,no_battery_guard,3,1225.7275226114698,2765.429239114129,44.32322857062567,743.0,79.54239569313593,65.41049798115748,14.131897711978466,18.842530282637956,0.2691790040376851,0.0,1.3458950201884252,28.532974427994617,51.00942126514132,133.5625,12.266666666666342,145.82916666666634,0.11897355976471058,78.39583333333336,0.0,269.42083333332073,0.0,211.37223084508787,515.72924532727,106.0931176325247,69.23076923076923,15.76388888888889,0.2387152777777778,100.0,68.06882015347185,93.73243604933458
storage_tight,no_battery_guard,4,1144.199758696271,2872.986538398728,39.82614409791129,760.0,79.07894736842105,66.84210526315789,12.236842105263158,18.157894736842106,0.39473684210526316,0.0,2.3684210526315788,28.55263157894737,50.6578947368421,161.1180555555556,11.968928220446735,173.08698377600234,0.15127339650309127,78.20816450140673,0.0,245.57968289065093,0.0,237.91419907932902,582.9324248244183,153.90674551843014,76.0,19.0625,0.20688657407407407,98.3702607040947,66.44701421243742,93.91429066985178
storage_tight,no_battery_guard,5,1183.2373415713466,2823.63896570814,41.90469659688248,738.0,77.50677506775068,65.31165311653116,12.195121951219512,18.29268292682927,0.6775067750677507,0.0,3.5230352303523036,27.642276422764226,51.0840108401084,144.3125,12.052450319463926,156.36495031946393,0.13215011462688483,72.64583333333321,0.0,250.38504968052334,0.0,203.11543877645556,508.11861537471526,109.29251000799518,70.0,17.083333333333332,0.16927083333333334,98.93925559828571,63.12351439982829,93.03933278187091
storage_tight,no_battery_guard,6,1164.5102003896457,3173.0538754351437,36.69998197650987,734.0,72.0708446866485,60.35422343324251,11.716621253405995,22.47956403269755,0.8174386920980926,0.0,4.632152588555858,27.6566757493188,45.095367847411445,148.09722222222223,10.97432144476495,159.07154366698717,0.13659952795068842,73.58333333333346,0.0,249.51178966633358,0.0,229.37592108484213,571.8388396152991,124.0116786375889,69.23076923076923,17.53472222222222,0.16782407407407407,97.89275286474394,69.18595051947959,94.11593372967856
storage_tight,no_battery_guard,7,1140.083781899404,2799.5507101330863,40.72381249508447,742.0,78.4366576819407,64.6900269541779,13.746630727762803,19.137466307277627,0.5390835579514824,0.0,1.8867924528301887,28.30188679245283,50.13477088948787,155.89583333333334,11.47175094797033,167.36758428130366,0.14680288145355921,80.39583333333333,0.0,251.63241571868292,0.0,223.13890323362412,553.8707382623222,148.8416807926298,69.56521739130434,18.4375,0.2126736111111111,95.74864001829077,67.85088681088041,93.9029085533598
storage_tight,no_battery_guard,8,1217.6528665578694,2669.009155986942,45.621906684977546,709.0,78.98448519040903,65.16220028208745,13.82228490832158,18.194640338504936,0.4231311706629055,0.0,2.397743300423131,28.913963328631876,50.07052186177715,138.65277777777777,11.820561011785003,150.47333878956277,0.12357654872108945,78.48928222623879,0.0,261.92666121042413,0.0,224.83445810252118,551.5140388550917,89.7992495798297,76.0,16.38888888888889,0.20543981481481483,98.94442811203324,64.78686092227106,93.71203939421353
storage_tight,no_battery_guard,9,1132.0967232758856,2619.62144577906,43.21604272632631,683.0,75.84187408491947,62.51830161054173,13.323572474377745,20.497803806734993,0.29282576866764276,0.0,3.3674963396778916,29.428989751098097,46.559297218155194,145.79861111111114,11.176872437776415,156.97548354888755,0.1386590741952298,68.77083333333354,0.0,247.0495164511001,0.0,227.32355560136753,526.0610029792699,100.43526171608383,68.18181818181819,17.256944444444443,0.17505787037037038,99.56139153756467,62.98738886890252,94.11231036388543
storage_tight,no_battery_guard,10,1292.7090429849272,3049.7191450513924,42.38780627004731,754.0,79.973474801061,63.39522546419098,16.578249336870027,18.70026525198939,0.13262599469496023,0.0,1.193633952254642,37.79840848806366,42.175066312997345,168.19444444444446,11.942232681735454,180.1366771261799,0.13934819912007088,78.68749999999963,0.0,238.52998954047342,0.0,230.7828459214006,585.7164015158407,120.66935141636773,71.42857142857143,19.791666666666668,0.4050925925925926,99.11480462524602,66.05953586502014,93.76631979513083
storage_tight,no_battery_guard,11,982.2576745567408,2695.5438346040655,36.44005569291807,749.0,77.30307076101468,63.951935914552735,13.35113484646195,19.759679572763684,0.26702269692923897,0.0,2.67022696929239,26.83578104138852,51.134846461949266,138.08333333333334,11.819210710171642,149.90254404350497,0.15261020394791097,80.39583333333333,0.0,268.43078928981527,0.0,242.15677162506523,573.0990481418587,205.98687682140823,54.166666666666664,16.319444444444443,0.20833333333333334,97.21522243790436,67.73023762407672,93.91830978574022
storage_tight,no_battery_guard,12,1142.054122332611,2720.0840553711027,41.98598642852601,716.0,77.09497206703911,62.29050279329609,14.804469273743017,19.83240223463687,0.13966480446927373,0.0,2.9329608938547485,29.189944134078214,48.46368715083799,154.31944444444446,11.727571629393225,166.04701607383768,0.14539329864217965,65.2083333333336,0.0,235.8529839261501,0.0,208.92367904477533,508.18422670930266,140.42968201165743,73.07692307692308,18.26388888888889,0.1880787037037037,95.96158256617582,65.41929420595035,94.12095098611645
storage_tight,no_battery_guard,13,1288.0445306065335,2948.046341488098,43.69146144277914,783.0,80.33205619412516,66.41123882503193,13.920817369093232,17.879948914431672,0.7662835249042146,0.0,1.0217113665389528,30.65134099616858,49.68071519795658,180.52083333333334,12.267222222222738,192.78805555555607,0.14967499257558523,77.81250000000004,0.0,220.79527777776354,0.0,211.4923011391866,513.4060614569254,153.90169347787273,71.42857142857143,21.354166666666668,0.2387152777777778,100.0,66.67802142203665,94.12762315537462
storage_tight,no_battery_guard,14,1167.1046828046588,2614.4977210630345,44.63972844199394,711.0,78.76230661040788,65.40084388185655,13.361462728551336,18.846694796061886,0.14064697609001406,0.0,2.250351617440225,32.48945147679325,46.69479606188467,162.22222222222223,11.751540904143633,173.97376312636587,0.14906440329610457,79.72916666666629,0.0,244.69290354028735,0.0,247.20730846923738,562.7601513423277,145.40599582193127,93.75,19.166666666666668,0.25462962962962965,96.552737025086,68.74933664525088,93.851465812945
storage_tight,no_battery_guard,15,1162.4750427166612,2871.5316123264615,40.48275274862273,773.0,78.26649417852522,64.8124191461837,13.454075032341526,17.076326002587322,0.258732212160414,0.0,4.3984476067270375,26.520051746442434,52.39327296248383,147.86805555555557,12.128161517836936,159.9962170733925,0.13763410928761727,73.31249999999984,0.0,247.30378292659464,0.0,202.0831792665452,504.39011372357686,130.2708403600365,87.09677419354838,17.5,0.1808449074074074,99.47911019415123,65.2177248297197,93.67623056985977
storage_tight,no_battery_guard,16,1041.8618986422941,2606.9633013761813,39.964578638000354,742.0,73.58490566037736,60.64690026954178,12.93800539083558,22.237196765498652,0.2695417789757412,0.0,3.908355795148248,26.684636118598384,47.7088948787062,135.11111111111111,10.877744934719788,145.98885604583091,0.1401230395660661,73.12500000000013,0.0,264.06114395415676,0.0,225.6496500596789,547.6254772780208,131.6686456882562,74.07407407407408,15.972222222222221,0.19675925925925927,97.0168510677637,64.10982508738974,92.54624866966326
storage_tight,no_battery_guard,17,1332.5802523994053,3292.2341112093236,40.47647303884819,769.0,79.9739921976593,66.05981794538361,13.914174252275682,17.685305591677505,0.0,0.0,2.340702210663199,31.98959687906372,47.98439531859558,175.66666666666669,11.79161234238282,187.4582790090495,0.14067316296449506,78.51041666666632,0.0,230.70838765760362,0.0,253.39359549816365,571.6017132644183,132.16806398152016,78.37837837837837,20.76388888888889,0.2604166666666667,98.38185879433574,69.74559384539494,93.98110026440094
storage_tight,no_battery_guard,18,1121.9348016155743,3068.3884087204506,36.56430191259367,763.0,75.49148099606815,63.040629095674966,12.450851900393184,21.887287024901703,0.0,0.0,2.6212319790301444,29.61992136304063,46.26474442988204,165.78472222222223,11.870205223403037,177.65492744562528,0.15834692638984374,79.6409722222205,0.0,235.6284058876946,0.0,248.37993759987486,553.7395150503527,188.81295170594615,70.96774193548387,19.618055555555557,0.20688657407407407,99.32764354109312,68.5812089903045,93.9422320073373
storage_tight,no_battery_guard,19,1082.7408239463018,2864.1710844587165,37.80293816320413,752.0,76.99468085106383,61.702127659574465,15.292553191489361,19.414893617021278,0.26595744680851063,0.0,3.324468085106383,30.18617021276596,47.340425531914896,160.36805555555557,10.898774644547716,171.2668302001033,0.1581789717467947,68.31250000000021,0.0,230.84983646655076,0.0,238.56449125963317,572.129222052394,158.15724903396747,66.66666666666667,18.958333333333332,0.23292824074074073,97.03612979265877,70.90201471107089,94.06883965763735
storage_tight,no_prices,0,1105.6884109396763,2781.0729689275527,39.757619569617255,750.0,77.6,64.53333333333333,13.066666666666666,20.533333333333335,0.4,0.0,1.4666666666666666,27.466666666666665,50.13333333333333,109.25694444444446,11.921421430225337,121.1783658746698,0.10959540199185555,80.39583333333333,0.0,297.4883007919842,0.0,220.67802284622599,551.1443201280983,154.7937024741616,70.37037037037037,12.847222222222221,0.27922453703703703,98.91471639349895,66.30248981034862,94.07459706121534
storage_tight,no_prices,1,1139.337079256575,3001.6817517051036,37.95662476907737,759.0,72.85902503293808,61.26482213438735,11.594202898550725,24.110671936758894,0.5270092226613966,0.0,2.503293807641634,25.164690382081687,48.484848484848484,118.93055555555557,12.044602430636239,130.97515798619182,0.11495733823712118,80.39583333333333,0.0,287.9998420137953,0.0,231.88079144062866,560.3467777324703,143.07164702919235,57.142857142857146,14.0625,0.16782407407407407,99.08722292113907,73.63697169486186,94.05524925137858
storage_tight,no_prices,2,1133.292417998992,2830.6558953221897,40.03638944146543,756.0,71.82539682539682,60.58201058201058,11.243386243386244,23.280423280423282,0.9259259259259259,0.0,3.9682539682539684,24.074074074074073,47.883597883597886,118.58333333333334,12.04644047233388,130.6297738056672,0.11526572641888388,64.52083333333363,0.0,269.3035595276542,0.0,210.6844562097989,553.8693989063413,153.88203476958947,65.0,14.027777777777779,0.15625,98.61109122834749,69.06155870810153,93.96352864727149
storage_tight,no_prices,3,1167.9505751174133,2765.429239114129,42.233970719552815,743.0,76.17765814266487,63.79542395693136,12.382234185733513,21.80349932705249,0.6729475100942126,0.0,1.3458950201884252,23.82234185733513,52.35531628532974,100.16666666666667,12.266666666666342,112.43333333333301,0.09626548907861975,78.39583333333336,0.0,302.81666666665456,0.0,207.13470471051215,509.00356303003406,106.0931176325247,69.23076923076923,11.805555555555555,0.20833333333333334,100.0,71.85651829068797,94.02389278116195
storage_tight,no_prices,4,1040.1122929216224,2872.986538398728,36.20317321435601,760.0,73.8157894736842,64.47368421052632,9.342105263157896,22.63157894736842,1.1842105263157894,0.0,2.3684210526315788,20.789473684210527,53.1578947368421,101.88888888888889,11.80451002532746,113.69339891421635,0.10930877337759116,76.86334352833488,0.0,304.97326775243795,0.0,238.91947922601125,591.8605727380909,153.90674551843014,76.0,12.04861111111111,0.1417824074074074,97.01893998259939,72.39178740108949,94.10337459971143
storage_tight,no_prices,5,1121.3005617891113,2823.63896570814,39.711187421862924,738.0,74.52574525745257,63.41463414634146,11.11111111111111,20.59620596205962,0.8130081300813008,0.0,4.065040650406504,22.22222222222222,52.710027100271006,108.00000000000001,12.072233630444998,120.07223363044501,0.10708300496956998,72.64583333333321,0.0,286.09443303620947,0.0,201.05195341536952,510.22060746505116,109.29251000799518,70.0,12.777777777777779,0.1388888888888889,99.10165793223894,65.61206101986538,93.97209024423402
storage_tight,no_prices,6,1086.600412938325,3173.0538754351437,34.244625385987554,734.0,67.84741144414168,58.99182561307902,8.85558583106267,25.749318801089917,1.2261580381471389,0.0,5.177111716621253,20.708446866485012,47.54768392370572,100.34722222222223,11.210555555555684,111.55777777777791,0.10266679125964025,73.58333333333346,0.0,297.0255555555435,0.0,227.81246228495084,572.9137189107902,124.0116786375889,69.23076923076923,11.875,0.1244212962962963,100.0,73.37223543134924,94.0577196714551
storage_tight,no_prices,7,1043.4761637715312,2799.5507101330863,37.27298669728065,742.0,72.10242587601078,62.264150943396224,9.838274932614555,23.8544474393531,2.1563342318059298,0.0,1.8867924528301887,19.67654986522911,52.42587601078167,85.95833333333334,11.736139634537214,97.69447296787055,0.09362405808558626,80.28124999999963,0.0,321.30552703211714,0.0,220.52362410305372,553.44958808829,148.8416807926298,69.56521739130434,10.13888888888889,0.16493055555555555,97.95535260208166,75.48386454080472,94.1232501793964
storage_tight,no_prices,8,1138.7524201528188,2669.009155986942,42.66573674348197,709.0,74.18899858956276,62.76445698166432,11.424541607898448,22.28490832157969,1.1283497884344147,0.0,2.397743300423131,22.002820874471087,52.18617771509168,89.73611111111111,11.800040215486685,101.5361513265978,0.08916437807699396,79.1571914456781,0.0,310.86384867338984,0.0,219.9656336881899,543.1492111170825,89.7992495798297,76.0,10.590277777777779,0.16203703703703703,98.77265805373257,69.99128996508402,93.95804025601498
storage_tight,no_prices,9,1060.7108299910365,2619.62144577906,40.49099657891934,683.0,71.1566617862372,60.46852122986823,10.68814055636896,23.865300146412885,1.0248901903367496,0.0,3.953147877013177,22.840409956076133,48.31625183016106,100.73611111111111,11.091225127826537,111.82733623893765,0.10542678841120406,68.77083333333354,0.0,291.32266376105065,0.0,228.27583707258873,555.0980212778275,100.43526171608383,68.18181818181819,11.909722222222221,0.14467592592592593,98.79846206802557,67.30489252870242,94.11900299706545
storage_tight,no_prices,10,1212.4779782243781,3049.7191450513924,39.75703730593678,754.0,75.86206896551724,61.14058355437666,14.721485411140584,21.883289124668433,0.9283819628647215,0.0,1.3262599469496021,31.43236074270557,44.42970822281167,122.11111111111113,12.048888888889147,134.16000000000028,0.11064943232739932,80.17986111111084,0.0,284.5066666666537,0.0,226.5139670460564,584.3079772373998,120.66935141636773,71.42857142857143,14.340277777777779,0.3443287037037037,100.0,70.47124913566688,94.1253119570301
storage_tight,no_prices,11,960.0277581558095,2695.5438346040655,35.615364359185904,749.0,74.76635514018692,62.88384512683578,11.882510013351135,21.895861148197596,0.6675567423230975,0.0,2.67022696929239,22.296395193591454,53.13751668891856,110.08333333333334,11.602509962695738,121.68584329602908,0.12675242175266338,80.39583333333333,0.0,296.6474900372917,0.0,240.22939604427359,579.12097815273,205.98687682140823,54.166666666666664,13.020833333333334,0.14756944444444445,95.43281819070704,69.55035316704716,94.03326429026264
storage_tight,no_prices,12,1090.9457059444176,2720.0840553711027,40.1070585958631,716.0,76.25698324022346,64.3854748603352,11.871508379888269,19.83240223463687,0.8379888268156425,0.0,3.0726256983240225,23.88268156424581,52.374301675977655,104.31944444444446,11.698911249807121,116.01835569425158,0.10634658999259362,65.2083333333336,0.0,284.1983109724037,0.0,209.3688360072338,503.30733931464505,140.42968201165743,73.07692307692308,12.32638888888889,0.16203703703703703,95.7270672318046,70.31123931445225,94.06570571083546
storage_tight,no_prices,13,1145.2598943504831,2948.046341488098,38.84809672877752,783.0,74.84035759897829,63.2183908045977,11.621966794380587,22.988505747126435,1.277139208173691,0.0,0.8939974457215837,22.733077905491697,52.10727969348659,107.0,12.142908400534164,119.14290840053417,0.10403132859908996,77.81250000000004,0.0,294.44042493278664,0.0,207.0701051863317,514.5400611869967,153.90169347787273,71.42857142857143,12.63888888888889,0.1736111111111111,98.98661800172353,71.6971578858851,94.12853930712821
storage_tight,no_prices,14,1051.414425555046,2614.4977210630345,40.2147768990041,711.0,73.69901547116737,63.29113924050633,10.40787623066104,22.644163150492265,1.4064697609001406,0.0,2.250351617440225,23.066104078762308,51.0548523206751,100.51388888888889,12.067593171779565,112.58148206066845,0.1070762197325153,79.94236111111034,0.0,306.0851846059858,0.0,248.48190647261447,568.5830018147857,145.40599582193127,93.75,11.875,0.15914351851851852,99.1494783147729,75.57104584116884,94.09280949898381
storage_tight,no_prices,15,1152.2589949108785,2871.5316123264615,40.12698275598435,773.0,74.64424320827943,63.90685640362225,10.737386804657179,20.051746442432083,0.7761966364812419,0.0,4.527813712807244,22.38033635187581,52.26390685640362,103.22222222222223,11.960791442465917,115.18301366468815,0.09996278108776836,73.31249999999984,0.0,291.0169863352998,0.0,200.57025290585673,505.263524855219,130.2708403600365,87.09677419354838,12.1875,0.17650462962962962,98.10628660942652,68.83900865806979,94.13029491001865
storage_tight,no_prices,16,967.8195609120158,2606.9633013761813,37.12440295577298,742.0,69.13746630727763,58.894878706199464,10.242587601078167,25.87601078167116,0.8086253369272237,0.0,4.177897574123989,20.080862533692724,49.32614555256065,87.65277777777777,10.99568475832317,98.64846253610094,0.10192856863023152,73.12500000000013,0.0,310.5265374638875,0.0,220.56277622362936,544.3216372921247,131.6686456882562,74.07407407407408,10.347222222222221,0.15335648148148148,98.06873731534121,68.93264103211949,93.82947788025561
storage_tight,no_prices,17,1183.0185444547024,3292.2341112093236,35.93360935137595,769.0,73.08192457737321,63.198959687906374,9.882964889466841,23.016905071521457,1.5604681404421326,0.0,2.340702210663199,21.586475942782833,51.495448634590375,93.58333333333333,11.366245402258196,104.94957873559153,0.08871338427240524,79.15902777777835,0.0,313.2170879310628,0.0,250.9209997699044,575.5809745546952,132.16805449139545,78.37837837837837,11.041666666666666,0.1736111111111111,94.83286235313636,72.64674133700315,93.94703777714753
storage_tight,no_prices,18,994.6075631884165,3068.3884087204506,32.414656513553254,763.0,70.51114023591087,60.15727391874181,10.35386631716907,25.950196592398427,0.7863695937090432,0.0,2.7522935779816513,22.14941022280472,48.36173001310616,100.51388888888889,11.70149965457425,112.21538854346313,0.11282378366773516,79.57513487060257,0.0,301.06794478985773,0.0,243.09935890761503,553.2209474037563,188.81295170594615,70.96774193548387,11.875,0.15914351851851852,97.91594708861855,75.21688022037397,94.07158357164951
storage_tight,no_prices,19,1008.5525012000186,2864.1710844587165,35.21271849550214,752.0,71.54255319148936,60.1063829787234,11.436170212765957,23.670212765957448,0.9308510638297872,0.0,3.856382978723404,22.73936170212766,48.93617021276596,101.80555555555556,11.07007585536287,112.87563141091843,0.11191844874373343,68.31250000000021,0.0,289.2410352557365,0.0,234.1799486717978,576.6597651255106,158.15724903396747,66.66666666666667,12.01388888888889,0.18518518518518517,98.56129267274588,76.63619375329982,94.07093112409096
storage_tight,no_queue_pass,0,1054.3505060669136,2781.0729689275527,37.91164481647873,750.0,77.6,64.8,12.8,19.6,0.4,0.0,2.4,26.133333333333333,51.6,116.94444444444446,12.05222222222219,128.99666666666664,0.12234704296569092,80.39583333333333,0.0,289.66999999998717,0.0,227.7696437669287,557.8253755505115,154.7937024741616,70.37037037037037,13.784722222222221,0.24016203703703703,100.00000000000001,71.80276167360067,94.06508399615386
storage_tight,no_queue_pass,1,1155.425051888287,3001.6817517051036,38.492590069948236,759.0,76.81159420289855,63.241106719367586,13.570487483530961,20.28985507246377,0.2635046113306983,0.0,2.635046113306983,30.039525691699605,47.69433465085639,149.5138888888889,12.155555555555555,161.66944444444448,0.13992205221812656,80.39583333333333,0.0,257.3055555555421,0.0,235.306661699246,560.9804098290483,143.07164702919235,57.142857142857146,17.67361111111111,0.2199074074074074,100.0,71.44019700977337,93.94698655803582
storage_tight,no_queue_pass,2,1045.917546299936,2830.6558953221897,36.949653542430596,756.0,72.08994708994709,60.97883597883598,11.11111111111111,23.41269841269841,1.0582010582010581,0.0,3.439153439153439,24.47089947089947,48.41269841269841,119.60416666666667,12.216111111110916,131.8202777777776,0.12603314500661003,64.52083333333363,0.0,270.44638888887715,0.0,221.24825608103384,553.5521473095855,153.88203476958947,65.0,14.131944444444445,0.18663194444444445,100.0,73.24444346455876,94.06756358717189
storage_tight,no_queue_pass,3,1117.6626124737104,2765.429239114129,40.41552018997744,743.0,77.5235531628533,64.06460296096904,13.458950201884253,20.053835800807537,0.4037685060565276,0.0,2.018842530282638,26.11036339165545,51.81695827725437,109.66666666666669,12.266666666666342,121.93333333333302,0.1090967273777364,78.39583333333336,0.0,296.5255555555441,0.0,216.275414423731,517.1736142395401,106.0931176325247,69.23076923076923,12.916666666666666,0.24305555555555555,100.0,73.47681074142888,94.09192058916003
storage_tight,no_queue_pass,4,1068.6440978101102,2872.986538398728,37.19627932561507,760.0,76.84210526315789,65.65789473684211,11.18421052631579,19.86842105263158,0.6578947368421053,0.0,2.6315789473684212,25.657894736842106,51.18421052631579,129.34722222222223,12.167222222222415,141.51444444444465,0.1324242979813759,80.39583333333333,0.0,277.152222222209,0.0,241.9002368827095,584.9741835688021,153.90674551843014,76.0,15.277777777777779,0.21122685185185186,100.0,72.65854992812142,93.98282938661441
storage_tight,no_queue_pass,5,1119.213752011309,2823.63896570814,39.63728244310517,738.0,76.96476964769647,65.04065040650407,11.924119241192411,18.56368563685637,0.8130081300813008,0.0,3.658536585365854,26.829268292682926,51.49051490514905,130.66666666666669,12.181666666666084,142.84833333333276,0.1276327538654916,72.64583333333321,0.0,263.90166666665476,0.0,207.79471637983318,511.753621052069,109.29251000799518,70.0,15.45138888888889,0.18229166666666666,100.0,70.34002971181373,93.8273265290148
storage_tight,no_queue_pass,6,1092.6420859198163,3173.0538754351437,34.435031008415336,734.0,71.11716621253406,59.80926430517711,11.307901907356948,23.024523160762943,0.9536784741144414,0.0,4.9046321525885554,27.247956403269754,45.095367847411445,138.28472222222223,11.210555555555684,149.49527777777791,0.13681998863509698,73.58333333333346,0.0,261.4213888888763,0.0,231.1462527265813,568.801183480227,124.0116786375889,69.23076923076923,16.354166666666668,0.18952546296296297,100.0,73.52734046227152,94.11257754663512
storage_tight,no_queue_pass,7,1069.647418627546,2799.5507101330863,38.20782437538688,742.0,76.68463611859838,63.61185983827493,13.07277628032345,20.080862533692724,0.8086253369272237,0.0,2.4258760107816713,26.28032345013477,50.539083557951486,137.79166666666669,11.981111111112275,149.77277777777897,0.14002069763319858,80.39583333333333,0.0,269.2272222222078,0.0,232.22878172249125,564.3983083199852,148.8416807926298,69.56521739130434,16.28472222222222,0.20833333333333334,100.0,74.49246128904477,94.11726743013264
storage_tight,no_queue_pass,8,1192.5308061949102,2669.009155986942,44.68065624727833,709.0,78.42031029619181,64.73906911142454,13.681241184767277,18.47672778561354,0.7052186177715092,0.0,2.397743300423131,29.055007052186177,49.365303244005645,129.17361111111111,11.737494161740369,140.91110527285147,0.118161396368842,79.68958333333242,0.0,271.54722806046885,0.0,223.20508112318143,540.528706849116,89.7992495798297,76.0,15.243055555555555,0.23582175925925927,98.24911407706145,66.92624738156796,94.11400402685989
storage_tight,no_queue_pass,9,1021.4140098097693,2619.62144577906,38.99090120275018,683.0,74.96339677891655,61.78623718887262,13.177159590043924,21.083455344070277,0.7320644216691069,0.0,3.22108345534407,26.64714494875549,48.46266471449488,120.42361111111111,11.226111111112147,131.64972222222326,0.12888967740587584,68.77083333333354,0.0,271.5002777777646,0.0,232.91545131028872,538.0111093515482,100.43526171608383,68.18181818181819,14.23611111111111,0.17505787037037038,100.0,68.74049973340821,93.87055010472506
storage_tight,no_queue_pass,10,1248.2520227728767,3049.7191450513924,40.930064815914115,754.0,78.77984084880637,63.12997347480106,15.649867374005305,18.83289124668435,0.5305039787798409,0.0,1.856763925729443,31.83023872679045,46.94960212201592,150.31944444444446,12.048888888889147,162.3683333333336,0.1300765633630998,78.68749999999963,0.0,256.29833333331993,0.0,235.49530410222587,586.5758892710398,120.66935141636773,71.42857142857143,17.743055555555557,0.2662037037037037,100.0,70.62672590489635,93.97671370891409
storage_tight,no_queue_pass,11,972.9961162449072,2695.5438346040655,36.09646794661848,749.0,77.03604806408545,64.75300400534046,12.283044058744993,19.359145527369826,0.5340453938584779,0.0,3.0707610146862483,26.7022696929239,50.60080106809079,133.29166666666669,12.157777777776612,145.4494444444433,0.1494861510915148,80.39583333333333,0.0,272.88388888887687,0.0,245.21664986706023,571.1623066274716,205.98687682140823,54.166666666666664,15.729166666666666,0.24305555555555555,100.0,71.57550591515994,93.90615182373811
storage_tight,no_queue_pass,12,1048.7569106708456,2720.0840553711027,38.55604787653384,716.0,76.53631284916202,63.687150837988824,12.849162011173185,19.41340782122905,1.1173184357541899,0.0,2.9329608938547485,25.69832402234637,51.25698324022346,121.98611111111111,12.22111111111137,134.20722222222247,0.1279679026251906,65.2083333333336,0.0,267.6927777777655,0.0,215.6975188793955,509.84269456217464,140.42968201165743,73.07692307692308,14.409722222222221,0.19675925925925927,100.0,71.28695001515852,93.99656780970132
storage_tight,no_queue_pass,13,1201.2774413805082,2948.046341488098,40.748255021463955,783.0,78.544061302682,66.15581098339719,12.388250319284802,18.51851851851852,0.8939974457215837,0.0,2.0434227330779056,28.22477650063857,50.31928480204342,151.72916666666669,12.267222222222738,163.9963888888894,0.13651832893858787,77.81250000000004,0.0,249.58694444443063,0.0,218.50283626948428,526.1061949328206,153.90169347787273,71.42857142857143,17.916666666666668,0.2560763888888889,100.0,73.64421824304021,94.12464211258198
storage_tight,no_queue_pass,14,1138.7009979567486,2614.4977210630345,43.55333679517462,711.0,78.48101265822785,65.40084388185655,13.080168776371307,18.28410689170183,0.5625879043600562,0.0,2.6722925457102673,31.645569620253166,47.257383966244724,152.95138888888889,12.171111111112662,165.12250000000154,0.1450095330523926,79.4479166666663,0.0,253.54416666665173,0.0,248.4461520712337,561.5770065327534,145.40599582193127,93.75,18.055555555555557,0.26765046296296297,100.0,72.0175086956825,93.83342384000224
storage_tight,no_queue_pass,15,1126.6378600444234,2871.5316123264615,39.23473644546237,773.0,77.23156532988357,64.42432082794308,12.807244501940492,17.076326002587322,1.034928848641656,0.0,4.657179818887451,26.26131953428202,51.875808538163,135.15972222222223,12.191666666666666,147.3513888888889,0.1307886004142261,73.31249999999984,0.0,260.8236111110985,0.0,206.48733842066508,506.73758676124953,130.2708403600365,87.09677419354838,15.972222222222221,0.20688657407407407,100.0,71.28980117628237,93.709785855792
storage_tight,no_queue_pass,16,981.3310706158071,2606.9633013761813,37.642688337721346,742.0,71.83288409703503,60.242587601078164,11.590296495956874,23.18059299191375,0.9433962264150944,0.0,4.0431266846361185,24.258760107816713,48.38274932614555,112.06944444444444,11.212222222221964,123.28166666666641,0.12562698803504144,73.12500000000013,0.0,286.76833333332155,0.0,226.91816279987577,548.2268441477497,131.6686456882562,74.07407407407408,13.229166666666666,0.19675925925925927,100.0,70.59118092964111,94.02224500836604
storage_tight,no_queue_pass,17,1316.071865522947,3292.2341112093236,39.97503886622204,769.0,79.9739921976593,65.9297789336801,14.044213263979193,17.685305591677505,0.0,0.0,2.340702210663199,31.599479843953187,48.37451235370611,170.72916666666669,11.96250166902537,182.69166833569204,0.13881587557765981,78.48437499999964,0.0,235.47499833096094,0.0,253.33113634131797,571.4313543384912,132.16805449139545,78.37837837837837,20.17361111111111,0.2647569444444444,99.80765274982198,70.04142250483962,93.76817505213548
storage_tight,no_queue_pass,18,1037.62914470829,3068.3884087204506,33.81674698546368,763.0,73.78768020969856,62.123197903014415,11.66448230668414,23.32896461336828,0.2621231979030144,0.0,2.6212319790301444,27.522935779816514,46.65792922673656,145.4513888888889,11.950555555556072,157.40194444444498,0.15169383516949653,80.39583333333333,0.0,255.8813888888751,0.0,249.69583412215573,555.8041786685553,188.81295170594615,70.96774193548387,17.1875,0.22424768518518517,100.0,71.49994624297743,93.91500765573674
storage_tight,no_queue_pass,19,1063.484766783464,2864.1710844587165,37.13062995971297,752.0,77.3936170212766,61.96808510638298,15.425531914893616,19.01595744680851,0.13297872340425532,0.0,3.4574468085106385,30.585106382978722,47.340425531914896,154.34722222222223,11.231666666668994,165.5788888888912,0.15569465032366064,68.31250000000021,0.0,236.53777777776287,0.0,242.23031810439116,572.2257701753078,158.15724903396747,66.66666666666667,18.229166666666668,0.25462962962962965,100.0,72.23335483752588,94.0474057757544
storage_tight,no_storage_price,0,1106.7492239427256,2781.0729689275527,39.795763588666794,750.0,77.6,64.53333333333333,13.066666666666666,20.533333333333335,0.4,0.0,1.4666666666666666,28.266666666666666,49.333333333333336,110.8402777777778,11.921421430225337,122.76169920800314,0.1109209715735532,80.39583333333333,0.0,295.90496745865084,0.0,218.8249964861896,550.1683918047778,154.7937024741616,70.37037037037037,13.020833333333334,0.3052662037037037,98.91471639349895,66.47375647712494,94.1247825306127
storage_tight,no_storage_price,1,1139.337079256575,3001.6817517051036,37.95662476907737,759.0,72.85902503293808,61.26482213438735,11.594202898550725,24.110671936758894,0.5270092226613966,0.0,2.503293807641634,25.164690382081687,48.484848484848484,118.93055555555557,12.044602430636239,130.97515798619182,0.11495733823712118,80.39583333333333,0.0,287.9998420137953,0.0,231.88079144062866,560.3467777324703,143.07164702919235,57.142857142857146,14.0625,0.16782407407407407,99.08722292113907,73.63697169486186,94.05524925137858
storage_tight,no_storage_price,2,1133.292417998992,2830.6558953221897,40.03638944146543,756.0,71.82539682539682,60.58201058201058,11.243386243386244,23.280423280423282,0.9259259259259259,0.0,3.9682539682539684,24.074074074074073,47.883597883597886,118.58333333333334,12.04644047233388,130.6297738056672,0.11526572641888388,64.52083333333363,0.0,269.3035595276542,0.0,210.6844562097989,553.8693989063413,153.88203476958947,65.0,14.027777777777779,0.15625,98.61109122834749,69.06155870810153,93.96352864727149
storage_tight,no_storage_price,3,1167.9505751174133,2765.429239114129,42.233970719552815,743.0,76.17765814266487,63.79542395693136,12.382234185733513,21.80349932705249,0.6729475100942126,0.0,1.3458950201884252,23.82234185733513,52.35531628532974,100.16666666666667,12.266666666666342,112.43333333333301,0.09626548907861975,78.39583333333336,0.0,302.81666666665456,0.0,207.13470471051215,509.00356303003406,106.0931176325247,69.23076923076923,11.805555555555555,0.20833333333333334,100.0,71.85651829068797,94.02389278116195
storage_tight,no_storage_price,4,1040.1122929216224,2872.986538398728,36.20317321435601,760.0,73.8157894736842,64.47368421052632,9.342105263157896,22.63157894736842,1.1842105263157894,0.0,2.3684210526315788,20.789473684210527,53.1578947368421,101.88888888888889,11.80451002532746,113.69339891421635,0.10930877337759116,76.86334352833488,0.0,304.97326775243795,0.0,238.91947922601125,591.8605727380909,153.90674551843014,76.0,12.04861111111111,0.1417824074074074,97.01893998259939,72.39178740108949,94.10337459971143
storage_tight,no_storage_price,5,1121.399893161544,2823.63896570814,39.714705271476106,738.0,74.66124661246613,63.41463414634146,11.246612466124661,20.460704607046072,0.8130081300813008,0.0,4.065040650406504,22.357723577235774,52.710027100271006,108.87500000000001,12.072233630444998,120.94723363044501,0.1078537945009612,72.64583333333321,0.0,285.21943303620947,0.0,201.03628081074447,510.22060746505116,109.29251000799518,70.0,12.881944444444445,0.1388888888888889,99.10165793223894,65.71028779627576,94.04156197404988
storage_tight,no_storage_price,6,1086.600412938325,3173.0538754351437,34.244625385987554,734.0,67.84741144414168,58.99182561307902,8.85558583106267,25.749318801089917,1.2261580381471389,0.0,5.177111716621253,20.708446866485012,47.54768392370572,100.34722222222223,11.210555555555684,111.55777777777791,0.10266679125964025,73.58333333333346,0.0,297.0255555555435,0.0,227.81246228495084,572.9137189107902,124.0116786375889,69.23076923076923,11.875,0.1244212962962963,100.0,73.37223543134924,94.0577196714551
storage_tight,no_storage_price,7,1043.4761637715312,2799.5507101330863,37.27298669728065,742.0,72.10242587601078,62.264150943396224,9.838274932614555,23.8544474393531,2.1563342318059298,0.0,1.8867924528301887,19.67654986522911,52.42587601078167,85.95833333333334,11.736139634537214,97.69447296787055,0.09362405808558626,80.28124999999963,0.0,321.30552703211714,0.0,220.52362410305372,553.44958808829,148.8416807926298,69.56521739130434,10.13888888888889,0.16493055555555555,97.95535260208166,75.48386454080472,94.1232501793964
storage_tight,no_storage_price,8,1138.7524201528188,2669.009155986942,42.66573674348197,709.0,74.18899858956276,62.76445698166432,11.424541607898448,22.28490832157969,1.1283497884344147,0.0,2.397743300423131,22.002820874471087,52.18617771509168,89.73611111111111,11.800040215486685,101.5361513265978,0.08916437807699396,79.1571914456781,0.0,310.86384867338984,0.0,219.9656336881899,543.1492111170825,89.7992495798297,76.0,10.590277777777779,0.16203703703703703,98.77265805373257,69.99128996508402,93.95804025601498
storage_tight,no_storage_price,9,1060.7108299910365,2619.62144577906,40.49099657891934,683.0,71.1566617862372,60.46852122986823,10.68814055636896,23.865300146412885,1.0248901903367496,0.0,3.953147877013177,22.840409956076133,48.31625183016106,100.73611111111111,11.091225127826537,111.82733623893765,0.10542678841120406,68.77083333333354,0.0,291.32266376105065,0.0,228.27583707258873,555.0980212778275,100.43526171608383,68.18181818181819,11.909722222222221,0.14467592592592593,98.79846206802557,67.30489252870242,94.11900299706545
storage_tight,no_storage_price,10,1238.435098917048,3049.7191450513924,40.60816881864636,754.0,76.25994694960212,61.6710875331565,14.588859416445624,21.750663129973475,0.6631299734748011,0.0,1.3262599469496021,33.02387267904509,43.236074270557026,126.38194444444447,12.048888888889147,138.43083333333362,0.11177883560824846,80.17986111111084,0.0,280.2358333333204,0.0,224.42511483386937,584.0134638396516,120.66935141636773,71.42857142857143,14.82638888888889,0.3833912037037037,100.0,69.81775801840395,94.1253119570301
storage_tight,no_storage_price,11,960.0277581558095,2695.5438346040655,35.615364359185904,749.0,74.76635514018692,62.88384512683578,11.882510013351135,21.895861148197596,0.6675567423230975,0.0,2.67022696929239,22.296395193591454,53.13751668891856,110.08333333333334,11.602509962695738,121.68584329602908,0.12675242175266338,80.39583333333333,0.0,296.6474900372917,0.0,240.22939604427359,579.12097815273,205.98687682140823,54.166666666666664,13.020833333333334,0.14756944444444445,95.43281819070704,69.55035316704716,94.03326429026264
storage_tight,no_storage_price,12,1090.9457059444176,2720.0840553711027,40.1070585958631,716.0,76.25698324022346,64.3854748603352,11.871508379888269,19.83240223463687,0.8379888268156425,0.0,3.0726256983240225,23.88268156424581,52.374301675977655,104.31944444444446,11.698911249807121,116.01835569425158,0.10634658999259362,65.2083333333336,0.0,284.1983109724037,0.0,209.3688360072338,503.30733931464505,140.42968201165743,73.07692307692308,12.32638888888889,0.16203703703703703,95.7270672318046,70.31123931445225,94.06570571083546
storage_tight,no_storage_price,13,1145.2598943504831,2948.046341488098,38.84809672877752,783.0,74.84035759897829,63.2183908045977,11.621966794380587,22.988505747126435,1.277139208173691,0.0,0.8939974457215837,22.733077905491697,52.10727969348659,107.0,12.142908400534164,119.14290840053417,0.10403132859908996,77.81250000000004,0.0,294.44042493278664,0.0,207.0701051863317,514.5400611869967,153.90169347787273,71.42857142857143,12.63888888888889,0.1736111111111111,98.98661800172353,71.6971578858851,94.12853930712821
storage_tight,no_storage_price,14,1051.414425555046,2614.4977210630345,40.2147768990041,711.0,73.69901547116737,63.29113924050633,10.40787623066104,22.644163150492265,1.4064697609001406,0.0,2.250351617440225,23.066104078762308,51.0548523206751,100.51388888888889,12.067593171779565,112.58148206066845,0.1070762197325153,79.94236111111034,0.0,306.0851846059858,0.0,248.48190647261447,568.5830018147857,145.40599582193127,93.75,11.875,0.15914351851851852,99.1494783147729,75.57104584116884,94.09280949898381
storage_tight,no_storage_price,15,1136.2601287812158,2871.5316123264615,39.56982830708379,773.0,74.77360931435963,63.90685640362225,10.866752910737386,19.922380336351875,0.7761966364812419,0.0,4.527813712807244,22.121604139715394,52.652005174644245,101.47222222222223,12.031429836196086,113.50365205841831,0.09989231266978053,73.31249999999984,0.0,292.6963479415696,0.0,201.05288139497313,505.1790018861481,130.2708403600365,87.09677419354838,11.979166666666666,0.17650462962962962,98.68568560106155,69.32005122569441,94.13029491001865
storage_tight,no_storage_price,16,967.8195609120158,2606.9633013761813,37.12440295577298,742.0,69.13746630727763,58.894878706199464,10.242587601078167,25.87601078167116,0.8086253369272237,0.0,4.177897574123989,20.080862533692724,49.32614555256065,87.65277777777777,10.99568475832317,98.64846253610094,0.10192856863023152,73.12500000000013,0.0,310.5265374638875,0.0,220.56277622362936,544.3216372921247,131.6686456882562,74.07407407407408,10.347222222222221,0.15335648148148148,98.06873731534121,68.93264103211949,93.82947788025561
storage_tight,no_storage_price,17,1183.0185444547024,3292.2341112093236,35.93360935137595,769.0,73.08192457737321,63.198959687906374,9.882964889466841,23.016905071521457,1.5604681404421326,0.0,2.340702210663199,21.586475942782833,51.495448634590375,93.58333333333333,11.366245402258196,104.94957873559153,0.08871338427240524,79.15902777777835,0.0,313.2170879310628,0.0,250.9209997699044,575.5809745546952,132.16805449139545,78.37837837837837,11.041666666666666,0.1736111111111111,94.83286235313636,72.64674133700315,93.94703777714753
storage_tight,no_storage_price,18,994.6075631884165,3068.3884087204506,32.414656513553254,763.0,70.51114023591087,60.15727391874181,10.35386631716907,25.950196592398427,0.7863695937090432,0.0,2.7522935779816513,22.14941022280472,48.36173001310616,100.51388888888889,11.70149965457425,112.21538854346313,0.11282378366773516,79.57513487060257,0.0,301.06794478985773,0.0,243.09935890761503,553.2209474037563,188.81295170594615,70.96774193548387,11.875,0.15914351851851852,97.91594708861855,75.21688022037397,94.07158357164951
storage_tight,no_storage_price,19,1008.5525012000186,2864.1710844587165,35.21271849550214,752.0,71.54255319148936,60.1063829787234,11.436170212765957,23.670212765957448,0.9308510638297872,0.0,3.856382978723404,22.73936170212766,48.93617021276596,101.80555555555556,11.07007585536287,112.87563141091843,0.11191844874373343,68.31250000000021,0.0,289.2410352557365,0.0,234.1799486717978,576.6597651255106,158.15724903396747,66.66666666666667,12.01388888888889,0.18518518518518517,98.56129267274588,76.63619375329982,94.07093112409096
