scenario,policy,seed,value_delivered,value_ideal,value_score_pct,items_generated,completion_rate_pct,delivered_pct,discarded_onboard_pct,dropped_pct,overflow_pct,expired_pct,backlog_pct,processed_onboard_pct,sent_raw_pct,energy_proc_wh,energy_radio_wh,energy_total_wh,wh_per_value,min_soc_pct,time_below_reserve_pct,spilled_solar_wh,stalled_job_steps,latency_mean_min,latency_p95_min,alert_latency_mean_min,alerts_delivered_pct,gpu_util_pct,cpu_util_pct,downlink_util_pct,storage_mean_pct,storage_peak_pct
downlink_starved,bent_pipe,0,23.114842022608137,2781.0729689275527,0.8311483474495732,750.0,3.3333333333333335,3.3333333333333335,0.0,0.0,20.933333333333334,36.666666666666664,39.06666666666667,0.0,3.3333333333333335,0.0,6.018333333333349,6.018333333333349,0.26036662190669285,80.39583333333333,0.0,412.6483333333222,0.0,958.6086392161517,1314.0265470569514,nan,0.0,0.0,0.0,99.99999999999999,81.80719997654336,99.9998300194176
downlink_starved,bent_pipe,1,36.59370243964302,3001.6817517051036,1.2191066697479167,759.0,4.084321475625823,4.084321475625823,0.0,0.0,25.559947299077734,33.86034255599473,36.49538866930171,0.0,4.084321475625823,0.0,6.839444444444557,6.839444444444557,0.18690222602442078,80.39583333333333,0.0,411.9105555555443,0.0,1124.1030699983432,1342.310071683261,nan,0.0,0.0,0.0,100.00000000000001,82.68610958207707,99.99959274075873
downlink_starved,bent_pipe,2,28.094903008400813,2830.6558953221897,0.9925227243208594,756.0,4.232804232804233,4.232804232804233,0.0,0.0,23.80952380952381,32.804232804232804,39.15343915343915,0.0,4.232804232804233,0.0,5.622777777777809,5.622777777777809,0.2001351553374828,64.52083333333363,0.0,394.3105555555454,0.0,962.929242806346,1311.1830973738479,nan,0.0,0.0,0.0,100.0,80.08937830539419,99.99998564718187
downlink_starved,bent_pipe,3,32.77480337903106,2765.429239114129,1.1851615262999846,743.0,3.2301480484522207,3.2301480484522207,0.0,0.0,18.438761776581426,35.39703903095558,42.934051144010766,0.0,3.2301480484522207,0.0,5.696666666667118,5.696666666667118,0.1738123826644153,78.39583333333336,0.0,409.55333333332186,0.0,825.6277708347976,1254.9934551381023,nan,0.0,0.0,0.0,100.0,77.17361733627445,99.99817928784123
downlink_starved,bent_pipe,4,35.63745066337749,2872.986538398728,1.2404322187753858,760.0,4.2105263157894735,4.2105263157894735,0.0,0.0,20.13157894736842,35.0,40.6578947368421,0.0,4.2105263157894735,0.0,6.886111111111111,6.886111111111111,0.19322681569328867,80.39583333333333,0.0,411.7805555555444,0.0,1022.0892296971493,1321.1898335575286,nan,0.0,0.0,0.0,100.0,83.0745943656861,99.99993911812776
downlink_starved,bent_pipe,5,32.06856498866366,2823.63896570814,1.1357176104354116,738.0,2.710027100271003,2.710027100271003,0.0,0.0,20.460704607046072,34.959349593495936,41.86991869918699,0.0,2.710027100271003,0.0,5.998888888888825,5.998888888888825,0.18706446300323856,72.64583333333321,0.0,400.1677777777673,0.0,1024.8643582674274,1338.4111924863555,nan,0.0,0.0,0.0,100.0,81.82944554574652,99.99732554592136
downlink_starved,bent_pipe,6,24.434884105884464,3173.0538754351437,0.7700746682888747,734.0,3.1335149863760217,3.1335149863760217,0.0,0.0,23.024523160762943,35.14986376021798,38.69209809264305,0.0,3.1335149863760217,0.0,4.8394444444443145,4.8394444444443145,0.1980547328758915,73.58333333333346,0.0,401.9938888888787,0.0,1044.8818057791918,1338.3137907781636,nan,0.0,0.0,0.0,100.0,81.52911770467648,99.99876060241073
downlink_starved,bent_pipe,7,38.91010369081758,2799.5507101330863,1.3898695797858167,742.0,1.6172506738544474,1.6172506738544474,0.0,0.0,21.29380053908356,35.84905660377358,41.23989218328841,0.0,1.6172506738544474,0.0,6.038888888888241,6.038888888888241,0.15520104846992128,80.39583333333333,0.0,412.96111111110065,0.0,985.7852168873455,1382.069898420142,nan,0.0,0.0,0.0,100.0,84.12507251030371,99.99977689167802
downlink_starved,bent_pipe,8,36.0825893745948,2669.009155986942,1.3519095389259626,709.0,2.8208744710860367,2.8208744710860367,0.0,0.0,32.01692524682652,30.6064880112835,34.55571227080395,0.0,2.8208744710860367,0.0,6.048333333333721,6.048333333333721,0.16762470316479727,80.39583333333333,0.0,406.3516666666553,0.0,1040.816014414406,1397.6741423759,nan,0.0,0.0,0.0,100.0,80.6474478991066,99.99979889583209
downlink_starved,bent_pipe,9,23.73787530624203,2619.62144577906,0.9061567023162969,683.0,4.24597364568082,4.24597364568082,0.0,0.0,23.865300146412885,34.99267935578331,36.896046852122986,0.0,4.24597364568082,0.0,4.845000000000517,4.845000000000517,0.20410419793242793,68.77083333333354,0.0,398.30499999998926,0.0,974.4274025026172,1298.7233974490953,nan,0.0,0.0,0.0,100.0,75.65683923609107,99.99928048757681
downlink_starved,bent_pipe,10,31.75476606931662,3049.7191450513924,1.0412357518508972,754.0,3.050397877984085,3.050397877984085,0.0,0.0,30.371352785145888,30.90185676392573,35.676392572944295,0.0,3.050397877984085,0.0,6.019999999999223,6.019999999999223,0.18957784122415916,80.39583333333333,0.0,412.6466666666563,0.0,1005.1479686548819,1333.7283525492096,nan,0.0,0.0,0.0,100.0,88.03910874849994,99.99994147370715
downlink_starved,bent_pipe,11,38.03846262876903,2695.5438346040655,1.4111609739173954,749.0,4.539385847797063,4.539385847797063,0.0,0.0,20.16021361815754,36.18157543391188,39.11882510013351,0.0,4.539385847797063,0.0,6.841111111109947,6.841111111109947,0.17984720302381296,80.39583333333333,0.0,411.49222222221226,0.0,931.5308487406161,1319.0506864094423,nan,0.0,0.0,0.0,100.0,76.09676341523588,99.99911534110944
downlink_starved,bent_pipe,12,22.170191148385502,2720.0840553711027,0.8150553695062489,716.0,2.9329608938547485,2.9329608938547485,0.0,0.0,24.022346368715084,34.497206703910614,38.547486033519554,0.0,2.9329608938547485,0.0,5.623333333333075,5.623333333333075,0.25364388135835186,65.2083333333336,0.0,394.59333333332347,0.0,959.9098051903626,1342.6388130516705,nan,0.0,0.0,0.0,100.0,84.33623977479797,99.99959389193882
downlink_starved,bent_pipe,13,26.242525849338076,2948.046341488098,0.8901666666505496,783.0,2.426564495530013,2.426564495530013,0.0,0.0,25.415070242656448,33.84418901660281,38.31417624521073,0.0,2.426564495530013,0.0,5.698333333331782,5.698333333331782,0.2171411915928631,77.81250000000004,0.0,407.8849999999906,0.0,1043.4043454757534,1349.9833498136743,nan,0.0,0.0,0.0,100.0,83.78076062308247,99.99983787533732
downlink_starved,bent_pipe,14,37.80565701409099,2614.4977210630345,1.4460007637229648,711.0,3.7974683544303796,3.7974683544303796,0.0,0.0,22.925457102672294,30.942334739803094,42.33473980309423,0.0,3.7974683544303796,0.0,6.888333333335402,6.888333333335402,0.1822037725932913,80.39583333333333,0.0,411.7783333333202,0.0,1147.2850243500036,1340.3929736092598,nan,0.0,0.0,0.0,100.0,82.47960797759669,99.99875492314087
downlink_starved,bent_pipe,15,29.21775841632625,2871.5316123264615,1.0174973624147068,773.0,2.5873221216041395,2.5873221216041395,0.0,0.0,23.93272962483829,32.341526520051744,41.13842173350582,0.0,2.5873221216041395,0.0,5.996666666666149,5.996666666666149,0.20524047674086254,73.31249999999984,0.0,400.20333333332326,0.0,1230.6373598482728,1361.2079028023795,nan,0.0,0.0,0.0,100.0,82.93104324949151,99.99997713077757
downlink_starved,bent_pipe,16,18.89752332397275,2606.9633013761813,0.7248864344962967,742.0,2.6954177897574123,2.6954177897574123,0.0,0.0,21.428571428571427,34.097035040431265,41.77897574123989,0.0,2.6954177897574123,0.0,4.84055555555452,4.84055555555452,0.25614761641352,73.12500000000013,0.0,401.7094444444352,0.0,870.6585667663345,1326.7431518584285,nan,0.0,0.0,0.0,100.0,79.61106637153773,99.99998252623504
downlink_starved,bent_pipe,17,28.962105257082154,3292.2341112093236,0.8797097739335316,769.0,3.6410923276983094,3.6410923276983094,0.0,0.0,25.8777633289987,30.429128738621586,40.0520156046814,0.0,3.6410923276983094,0.0,6.041666666665373,6.041666666665373,0.2086059218774503,80.39583333333333,0.0,412.1249999999902,0.0,991.1390332640966,1311.0024273547033,nan,0.0,0.0,0.0,100.0,85.38400778698822,99.99986932233968
downlink_starved,bent_pipe,18,27.77410597877736,3068.3884087204506,0.9051691728414346,763.0,1.9659239842726082,1.9659239842726082,0.0,0.0,22.411533420707734,35.38663171690695,40.23591087811271,0.0,1.9659239842726082,0.0,6.049444444443926,6.049444444443926,0.21780879100362055,80.39583333333333,0.0,407.2338888888784,0.0,1117.152970878855,1434.6514187638375,nan,0.0,0.0,0.0,100.0,86.18039231498472,99.99949634437878
downlink_starved,bent_pipe,19,25.014176070119678,2864.1710844587165,0.8733478319730669,752.0,2.6595744680851063,2.6595744680851063,0.0,0.0,26.1968085106383,33.244680851063826,37.898936170212764,0.0,2.6595744680851063,0.0,4.846111111112663,4.846111111112663,0.1937345886399798,68.31250000000021,0.0,397.2705555555438,0.0,938.2002987246791,1340.6179543464689,nan,0.0,0.0,0.0,100.0,84.12725790926568,99.9996318656204
downlink_starved,priority_rules,0,856.7477671931427,2781.0729689275527,30.806374977047977,750.0,71.06666666666666,50.8,20.266666666666666,0.0,0.0,13.6,15.333333333333334,62.4,22.933333333333334,230.75694444444446,5.5612616185805255,236.31820606302497,0.27583171513506854,80.39583333333333,0.0,182.34846060362798,0.0,243.93011999357657,573.1631779559456,192.16226982507834,55.55555555555556,26.875,1.0431134259259258,92.4053439808448,4.084176155569359,11.624575665470456
downlink_starved,priority_rules,1,1051.1016911801614,3001.6817517051036,35.01709302070693,759.0,82.6086956521739,61.133069828722,21.47562582345191,0.0,0.0,13.306982872200264,4.084321475625823,63.768115942028984,22.266139657444004,255.54166666666669,6.747802320397769,262.2894689870645,0.24953767193787857,76.61284722222163,0.0,156.68553101292156,0.0,361.4319294102234,1124.3664774314996,156.55816105914155,60.714285714285715,29.86111111111111,0.9809027777777778,98.66009403554371,5.133589337206702,13.876917564482502
downlink_starved,priority_rules,2,628.3517509370826,2830.6558953221897,22.198097337633566,756.0,57.01058201058201,36.507936507936506,20.502645502645503,0.0,0.0,15.60846560846561,27.38095238095238,61.904761904761905,20.37037037037037,257.19444444444446,5.622777777777809,262.81722222222226,0.4182644861421551,64.29513888888917,0.0,141.59527777776503,0.0,287.5499071141636,741.4531505046207,157.64480845119377,55.0,30.069444444444443,0.9606481481481481,100.0,6.706325330782015,17.854878662110753
downlink_starved,priority_rules,3,841.0804053146663,2765.429239114129,30.41409967821473,743.0,66.62180349932706,44.279946164199195,22.34185733512786,0.0,0.0,13.997308209959623,19.380888290713326,63.52624495289368,18.842530282637956,229.10416666666669,5.696666666667118,234.8008333333338,0.27916573950559426,78.39583333333336,0.0,183.07694444443095,0.0,255.88123029743073,577.336500459737,124.55982373428027,50.0,26.666666666666668,1.0633680555555556,100.0,4.267110623804957,12.16134461878618
downlink_starved,priority_rules,4,925.4568904751975,2872.986538398728,32.21236431518419,760.0,73.28947368421052,52.63157894736842,20.657894736842106,0.0,0.0,12.368421052631579,14.342105263157896,64.34210526315789,22.894736842105264,252.83333333333334,6.1814474156067964,259.01478074894015,0.2798777375961218,79.99826388888853,0.0,159.65188591771266,0.0,239.12205016029134,577.7813210422573,155.8334950823381,76.0,29.479166666666668,1.0850694444444444,89.76688461550813,4.353787382977054,14.128160392304203
downlink_starved,priority_rules,5,646.4666776873063,2823.63896570814,22.894806508139364,738.0,60.16260162601626,40.78590785907859,19.37669376693767,0.0,0.0,14.092140921409214,25.745257452574524,60.97560975609756,23.170731707317074,253.74305555555554,5.998888888888825,259.74194444444436,0.40178705787845825,71.39583333333324,0.0,146.75805555554263,0.0,301.4189480610657,944.427171736359,123.61040902361286,65.0,29.6875,0.9100115740740741,100.0,7.106879474226986,17.01407855730937
downlink_starved,priority_rules,6,565.8200591670557,3173.0538754351437,17.83203441792997,734.0,51.771117166212534,32.42506811989101,19.346049046321525,0.0,0.0,15.53133514986376,32.69754768392371,64.30517711171662,17.57493188010899,265.1388888888889,4.8394444444443145,269.97833333333324,0.47714521420602984,73.47048611111123,0.0,139.75083333332003,0.0,292.7648395023734,784.1002699693997,162.191897538663,65.38461538461539,31.006944444444443,0.9751157407407407,100.0,6.72734165095747,17.864984308510206
downlink_starved,priority_rules,7,861.746644573092,2799.5507101330863,30.781605114490887,742.0,68.59838274932615,47.03504043126684,21.5633423180593,0.0,0.0,12.533692722371967,18.867924528301888,64.42048517520216,20.889487870619945,248.97222222222226,6.038888888888241,255.0111111111105,0.2959235324176314,80.39583333333333,0.0,163.98888888887575,0.0,244.9354686148785,571.6498335847936,173.46270921475283,56.52173913043478,29.02777777777778,1.0706018518518519,100.0,4.497033366954498,13.753769247167577
downlink_starved,priority_rules,8,931.2011218572729,2669.009155986942,34.88939405728396,709.0,75.74047954866009,53.4555712270804,22.28490832157969,0.0,0.0,11.706629055007053,12.552891396332862,65.58533145275035,21.720733427362482,237.84722222222226,6.048333333333721,243.89555555555597,0.2619150147382859,76.57465277777735,0.0,168.562777777764,0.0,397.67526234330074,1096.0027002483946,112.19032887522081,76.0,27.743055555555557,1.0011574074074074,100.0,5.235764319001366,15.359190790333868
downlink_starved,priority_rules,9,619.2805567399986,2619.62144577906,23.640078139451486,683.0,54.319180087847734,32.94289897510981,21.37628111273792,0.0,0.0,17.27672035139092,28.404099560761345,64.27525622254758,17.27672035139092,236.90972222222223,4.845000000000517,241.75472222222274,0.39037996525332874,68.74479166666687,0.0,162.44388888887542,0.0,258.079474497581,581.8429313386945,136.6803554657624,59.09090909090909,27.67361111111111,0.9273726851851852,100.0,5.205640626588526,14.543068000096033
downlink_starved,priority_rules,10,769.9531499147889,3049.7191450513924,25.24669037685482,754.0,59.283819628647215,36.3395225464191,22.94429708222812,0.0,0.0,12.9973474801061,27.718832891246684,67.10875331564986,17.77188328912467,260.3263888888889,6.019999999999223,266.34638888888816,0.34592544873459485,79.6336805555552,0.0,152.32027777776466,0.0,261.47632655230103,602.7198350887714,151.66861297131769,60.714285714285715,30.381944444444443,1.0662615740740742,100.0,5.868636561766032,13.405022588332866
downlink_starved,priority_rules,11,928.4726954552415,2695.5438346040655,34.44472627511992,749.0,82.9105473965287,62.483311081441926,20.427236315086784,0.0,0.0,12.016021361815755,5.073431241655541,60.88117489986649,26.034712950600802,240.13888888888889,6.424606190014244,246.56349507890312,0.26555815403705546,80.39583333333333,0.0,171.76983825441644,0.0,259.9920177090168,590.5171903361817,194.99303745915145,50.0,28.020833333333332,0.9924768518518519,93.91173576439505,4.008496250395133,13.113906579467672
downlink_starved,priority_rules,12,695.0732770513871,2720.0840553711027,25.55337492894343,716.0,61.87150837988827,40.08379888268156,21.787709497206706,0.0,0.0,15.502793296089385,22.625698324022345,63.40782122905028,19.692737430167597,245.48611111111114,5.623333333333075,251.10944444444422,0.36127046274846153,65.0520833333336,0.0,151.24888888887767,0.0,335.3408865523939,1223.7130891723937,163.86258217274022,61.53846153846154,28.680555555555557,0.9519675925925926,100.0,5.663471627127762,13.35556843734388
downlink_starved,priority_rules,13,681.1056977437228,2948.046341488098,23.103629280125837,783.0,56.960408684546614,36.65389527458493,20.306513409961685,0.0,0.0,13.793103448275861,29.24648786717752,62.96296296296296,21.58365261813538,274.6388888888889,5.698333333331782,280.3372222222207,0.41159136261946555,75.00347222222194,0.0,134.97944444443286,0.0,257.6075353194068,613.8447975897088,167.79647752768057,52.38095238095238,32.11805555555556,1.009837962962963,100.0,6.550441026515325,18.769092396074324
downlink_starved,priority_rules,14,1037.2796110155807,2614.4977210630345,39.67414477583981,711.0,80.028129395218,57.80590717299578,22.22222222222222,0.0,0.0,10.68917018284107,9.282700421940929,68.21378340365682,19.549929676511955,254.88194444444446,6.806396128750205,261.68834057319464,0.2522833166623034,80.3854166666663,0.0,156.97832609345798,0.0,277.8653522540321,606.4284822261313,147.33786682985925,93.75,29.72222222222222,1.0865162037037037,98.81049303771827,4.673576729268542,13.436574020076135
downlink_starved,priority_rules,15,850.2528346863807,2871.5316123264615,29.609732695838986,773.0,78.65459249676584,57.050452781371284,21.604139715394567,0.0,0.0,15.00646830530401,6.338939197930142,62.35446313065977,21.474773609314358,248.6041666666667,5.910741753428724,254.51490842009542,0.29934026449200174,65.1527777777778,0.0,154.03509157989197,0.0,393.8972571422822,1140.3422422235813,162.1831403637641,61.29032258064516,28.993055555555557,1.0546875,98.5671220694147,4.970623768251537,13.4902240924377
downlink_starved,priority_rules,16,599.0667670217122,2606.9633013761813,22.979486006015993,742.0,53.504043126684635,31.401617250673855,22.10242587601078,0.0,0.0,18.059299191374663,28.4366576819407,62.80323450134771,15.902964959568733,222.03472222222223,4.84055555555452,226.87527777777674,0.3787145110814569,73.0121527777779,0.0,183.11916666665513,0.0,263.706129283322,652.4378675056076,171.68994604552503,66.66666666666667,25.833333333333332,1.048900462962963,100.0,5.1373184433966435,12.671561753461015
downlink_starved,priority_rules,17,1019.57598079577,3292.2341112093236,30.969121464489447,769.0,69.96098829648895,49.02470741222367,20.93628088426528,0.0,0.0,11.443433029908972,18.59557867360208,63.97919375812744,20.93628088426528,269.7222222222223,5.832995333879378,275.55521755610164,0.2702645244163493,77.4687499999997,0.0,142.6114491105509,0.0,269.42482912957485,585.0750516711454,136.01522635687687,75.67567567567568,31.52777777777778,1.0185185185185186,96.54612966423107,5.058236838316579,12.388645452901768
downlink_starved,priority_rules,18,648.7943208767495,3068.3884087204506,21.144465251949747,763.0,59.76408912188729,38.92529488859764,20.838794233289647,0.0,0.0,15.46526867627785,24.770642201834864,63.040629095674966,20.314547837483616,254.25000000000006,6.049444444443926,260.29944444444396,0.4012048750560699,66.26388888888867,0.0,153.0255555555444,0.0,306.2841251690578,771.6249973504722,203.11888065918393,64.51612903225806,29.6875,1.015625,100.0,6.9143619264021,14.229449623133732
downlink_starved,priority_rules,19,520.3239271974642,2864.1710844587165,18.166649681675604,752.0,55.319148936170215,32.579787234042556,22.73936170212766,0.0,0.0,16.090425531914892,28.590425531914892,63.829787234042556,18.75,258.88194444444446,4.846111111112663,263.72805555555715,0.5068535997874104,68.26909722222243,0.0,138.55527777776342,0.0,289.3430195566553,660.4835704714601,191.45703379787787,51.851851851851855,30.243055555555557,1.0083912037037037,100.0,6.427326137557351,14.12740042819319
downlink_starved,process_all,0,825.3144590117417,2781.0729689275527,29.676116672695663,750.0,76.26666666666667,56.0,20.266666666666666,0.0,0.0,13.733333333333333,10.0,62.4,21.2,230.75694444444446,5.561261618580525,236.31820606302497,0.2863371694057075,80.39583333333333,0.0,182.34846060362798,0.0,261.77852767041963,544.9316044395238,213.72227145186014,44.44444444444444,26.875,1.0431134259259258,92.4053439808448,4.0817916431346175,10.598403636727207
downlink_starved,process_all,1,926.4692237785875,3001.6817517051036,30.865005034338072,759.0,78.12911725955205,56.52173913043478,21.607378129117258,0.0,0.0,17.918313570487484,3.952569169960474,63.768115942028984,18.050065876152832,255.54166666666669,6.70905113885514,262.25071780552184,0.2830646837203476,76.61284722222163,0.0,156.7242821944642,0.0,281.28010662923333,560.3147179828238,224.2442235430787,50.0,29.86111111111111,0.9809027777777778,98.09351027486844,5.098235940575829,13.800074463914791
downlink_starved,process_all,2,568.2683322647441,2830.6558953221897,20.07550028259662,756.0,57.01058201058201,36.507936507936506,20.502645502645503,0.0,0.0,23.280423280423282,19.70899470899471,61.904761904761905,6.746031746031746,257.19444444444446,5.622777777777809,262.81722222222226,0.46248789049146116,64.2690972222225,0.0,141.595277777765,0.0,440.13289370740944,669.0273187526559,318.21303281591474,10.0,30.069444444444443,0.9606481481481481,100.0,6.650608596766238,17.39609717983639
downlink_starved,process_all,3,777.7696177516981,2765.429239114129,28.124734010581555,743.0,71.60161507402422,49.25975773889637,22.34185733512786,0.0,0.0,14.266487213997308,14.131897711978466,63.52624495289368,15.88156123822342,229.10416666666669,5.696666666667118,234.8008333333338,0.3018899529812871,78.39583333333336,0.0,183.07694444443095,0.0,278.0635360078731,559.5085349383506,197.45090316672812,38.46153846153846,26.666666666666668,1.0633680555555556,100.0,4.272145017482045,12.163578307434008
downlink_starved,process_all,4,893.6767920582388,2872.986538398728,31.10619489906603,760.0,79.86842105263158,59.21052631578947,20.657894736842106,0.0,0.0,12.368421052631579,7.7631578947368425,64.34210526315789,21.18421052631579,252.83333333333334,6.1814474156067964,259.01478074894015,0.2898304879915252,79.99826388888853,0.0,159.65188591771266,0.0,270.1147990592309,549.9759665059984,203.4065721339292,72.0,29.479166666666668,1.0850694444444444,89.76688461550813,4.344018672280351,14.128160392304208
downlink_starved,process_all,5,592.6211480641582,2823.63896570814,20.987851324524232,738.0,60.16260162601626,40.78590785907859,19.37669376693767,0.0,0.0,25.203252032520325,14.634146341463415,60.97560975609756,8.130081300813009,253.74305555555554,5.998888888888825,259.74194444444436,0.4382934110483756,71.39583333333324,0.0,146.75805555554263,0.0,457.06495878341434,757.3125978596967,266.8797959440539,20.0,29.6875,0.9100115740740741,100.0,7.05607742825528,16.144591302626345
downlink_starved,process_all,6,501.71523572368113,3173.0538754351437,15.8117465199004,734.0,50.817438692098094,31.47138964577657,19.346049046321525,0.0,0.0,24.114441416893733,25.068119891008173,64.30517711171662,5.449591280653951,265.1388888888889,4.8394444444443145,269.97833333333324,0.5381106932977882,73.47048611111123,0.0,139.75083333332003,0.0,456.07690264618265,782.8690343898661,212.66569824756235,11.538461538461538,31.006944444444443,0.9751157407407407,100.0,6.682315880502706,17.281439316582528
downlink_starved,process_all,7,834.0370818412346,2799.5507101330863,29.791819052335928,742.0,74.93261455525607,53.36927223719677,21.5633423180593,0.0,0.0,13.07277628032345,11.994609164420485,64.42048517520216,18.733153638814017,248.97222222222226,6.038888888888241,255.0111111111105,0.305755123678846,80.39583333333333,0.0,163.98888888887575,0.0,258.60561244957165,537.2737280751668,216.91343259152214,52.17391304347826,29.02777777777778,1.0706018518518519,100.0,4.501725979769665,13.75376924716758
downlink_starved,process_all,8,767.7340347539805,2669.009155986942,28.764758376038206,709.0,74.33004231311706,52.04513399153738,22.28490832157969,0.0,0.0,19.322990126939352,6.346967559943582,65.58533145275035,13.399153737658674,237.84722222222226,6.048333333333721,243.89555555555597,0.3176823541940693,76.57465277777735,0.0,168.562777777764,0.0,347.38201924046524,665.2261940419115,213.77683035365942,48.0,27.743055555555557,1.0011574074074074,100.0,5.195557105699532,14.323018685101049
downlink_starved,process_all,9,585.3758600381866,2619.62144577906,22.345818743444408,683.0,62.81112737920937,41.434846266471446,21.37628111273792,0.0,0.0,19.765739385065885,17.423133235724745,64.27525622254758,9.956076134699854,236.90972222222223,4.845000000000517,241.75472222222274,0.41299059070603295,68.74479166666687,0.0,162.44388888887542,0.0,356.56763826308634,663.427904052985,187.23402778625172,31.818181818181817,27.67361111111111,0.9273726851851852,100.0,5.175766935865865,14.655059574723325
downlink_starved,process_all,10,712.9987515572874,3049.7191450513924,23.379161084856953,754.0,67.90450928381964,44.96021220159151,22.94429708222812,0.0,0.0,15.649867374005305,16.445623342175065,67.10875331564986,11.405835543766578,260.3263888888889,6.019999999999223,266.34638888888816,0.3735580017596819,79.6336805555552,0.0,152.32027777776466,0.0,351.75747090498766,602.1680168667839,250.0292560523715,32.142857142857146,30.381944444444443,1.0662615740740742,100.0,5.853508832516476,13.405022588332871
downlink_starved,process_all,11,904.8995570340358,2695.5438346040655,33.57020373467426,749.0,82.9105473965287,62.3497997329773,20.560747663551403,0.0,0.0,12.016021361815755,5.073431241655541,61.01468624833111,25.901201602136183,241.01388888888889,6.11644613120813,247.13033502009702,0.27310250413881215,80.39583333333333,0.0,171.2029983132225,0.0,261.6966144903716,537.8069069435836,214.9579917580626,50.0,28.125,0.9924768518518519,89.40720347715208,4.002910850961373,13.11390657946767
downlink_starved,process_all,12,612.3731548049416,2720.0840553711027,22.513023213225487,716.0,65.50279329608938,43.71508379888268,21.787709497206706,0.0,0.0,22.48603351955307,12.011173184357542,63.40782122905028,9.916201117318435,245.48611111111114,5.623333333333075,251.10944444444422,0.41005952412206864,65.02604166666693,0.0,151.24888888887767,0.0,410.210250049316,665.9768520417913,240.1777694275005,30.76923076923077,28.680555555555557,0.9519675925925926,100.0,5.6038404056413516,13.215594275103964
downlink_starved,process_all,13,617.7807938848243,2948.046341488098,20.955599821846235,783.0,58.748403575989784,38.441890166028095,20.306513409961685,0.0,0.0,19.029374201787995,22.22222222222222,62.96296296296296,9.578544061302683,274.6388888888889,5.698333333331782,280.3372222222207,0.4537810579370087,75.00347222222194,0.0,134.97944444443286,0.0,396.1972146482289,690.5225778781515,300.9386979522252,23.80952380952381,32.11805555555556,1.009837962962963,100.0,6.540014911514784,19.63406433632605
downlink_starved,process_all,14,994.6581423631488,2614.4977210630345,38.04394757547268,711.0,83.40365682137833,61.18143459915612,22.22222222222222,0.0,0.0,10.829817158931084,5.766526019690577,68.21378340365682,18.846694796061886,254.88194444444446,6.805121808162214,261.68706625260666,0.2630924687660828,80.3854166666663,0.0,156.97960041404596,0.0,269.9495159990799,541.9578243408373,168.9296530416151,81.25,29.72222222222222,1.0865162037037037,98.79199334372373,4.676496746561794,12.387963345371285
downlink_starved,process_all,15,779.5595867980614,2871.5316123264615,27.147867133055062,773.0,74.51487710219922,52.910737386804655,21.604139715394567,0.0,0.0,19.146183699870633,6.338939197930142,62.35446313065977,17.852522639068564,248.6041666666667,5.87487292798372,254.47903959465043,0.32643949725496885,65.12673611111113,0.0,154.070960405337,0.0,311.78313021964664,635.3069077833561,198.7779164004962,48.38709677419355,28.993055555555557,1.0546875,97.96897600863082,4.95721405140079,13.4902240924377
downlink_starved,process_all,16,531.876982731893,2606.9633013761813,20.40216609306016,742.0,58.35579514824798,36.253369272237194,22.10242587601078,0.0,0.0,21.29380053908356,20.350404312668463,62.80323450134771,7.008086253369272,222.03472222222223,4.84055555555452,226.87527777777674,0.42655592391396896,73.0121527777779,0.0,183.11916666665513,0.0,393.076419975417,732.0756486420057,266.49068370087815,33.333333333333336,25.833333333333332,1.048900462962963,100.0,5.060935091716803,11.899189982950938
downlink_starved,process_all,17,818.4962211306761,3292.2341112093236,24.861422167514725,769.0,69.96098829648895,49.02470741222367,20.93628088426528,0.0,0.0,11.703511053315994,18.33550065019506,63.97919375812744,15.734720416124837,269.7222222222223,5.8308523600675,275.5530745822898,0.33665772360150786,77.4687499999997,0.0,142.61359208436278,0.0,309.97894472812635,555.6117235367857,216.22286326479434,59.45945945945946,31.52777777777778,1.0185185185185186,96.51065975286205,5.065366820976255,12.388645452901768
downlink_starved,process_all,18,624.6147332097999,3068.3884087204506,20.356442862143084,763.0,61.07470511140236,40.23591087811271,20.838794233289647,0.0,0.0,27.12975098296199,11.795543905635649,63.040629095674966,6.553079947575361,254.25000000000006,6.049444444443926,260.29944444444396,0.4167359983758385,66.26388888888867,0.0,153.0255555555444,0.0,468.56222449929805,766.0147899784462,321.9932050938807,32.25806451612903,29.6875,1.015625,100.0,6.8408775028098265,14.02815557671426
downlink_starved,process_all,19,490.9898638402504,2864.1710844587165,17.142476806096234,752.0,53.98936170212766,31.25,22.73936170212766,0.0,0.0,21.94148936170213,24.069148936170212,63.829787234042556,6.117021276595745,258.88194444444446,4.846111111112663,263.72805555555715,0.5371354379758934,68.26909722222243,0.0,138.55527777776342,0.0,422.0951637911503,691.0981276754313,253.80775841138217,18.51851851851852,30.243055555555557,1.0083912037037037,100.0,6.4185626591892175,14.0853822033279
downlink_starved,value_aware,0,943.5077936880532,2781.0729689275527,33.92603517526158,750.0,64.93333333333334,50.13333333333333,14.8,29.466666666666665,0.0,0.0,5.6,41.733333333333334,26.933333333333334,223.18055555555557,6.018333333333349,229.19888888888892,0.24292209393732647,79.78993055555512,0.0,189.4677777777634,0.0,244.81171625540588,597.8416706086748,192.17504050600058,55.55555555555556,26.319444444444443,0.4369212962962963,99.99999999999999,8.000373836870015,16.338587147006532
downlink_starved,value_aware,1,1105.5362608727755,3001.6817517051036,36.83056207556901,759.0,70.88274044795784,54.6772068511199,16.205533596837945,24.90118577075099,0.0,0.0,4.216073781291173,48.616600790513836,25.428194993412383,249.35416666666669,6.839444444444557,256.19361111111124,0.23173695895678437,79.86458333333294,0.0,162.7813888888742,0.0,233.96826558114574,608.0499332455538,144.91725239171825,57.142857142857146,29.375,0.5425347222222222,100.00000000000001,8.586538698370711,15.3182678714986
downlink_starved,value_aware,2,919.4852942533845,2830.6558953221897,32.483117985936865,756.0,61.904761904761905,44.576719576719576,17.32804232804233,31.084656084656086,0.0,0.0,7.01058201058201,54.76190476190476,12.566137566137566,253.95833333333337,5.622777777777809,259.58111111111117,0.2823113243174696,64.52083333333363,0.0,145.89388888887552,0.0,252.62175378850793,603.9959582256506,157.65014810814526,55.0,29.791666666666668,0.7725694444444444,100.0,8.456979864420843,17.47263739020523
downlink_starved,value_aware,3,909.7809802637796,2765.429239114129,32.89836410911808,743.0,62.31493943472409,47.24091520861373,15.074024226110364,31.35935397039031,0.0,0.0,6.325706594885599,40.915208613728126,25.57200538358008,221.34722222222223,5.696666666667118,227.04388888888934,0.249558843077881,78.39583333333336,0.0,190.61861111109698,0.0,238.45963133751343,578.1646027511657,124.56387327877016,50.0,26.11111111111111,0.4195601851851852,100.0,8.145384940928425,14.785083721683202
downlink_starved,value_aware,4,1055.841135234669,2872.986538398728,36.75064679638725,760.0,71.84210526315789,56.71052631578947,15.131578947368421,24.07894736842105,0.0,0.0,4.078947368421052,47.23684210526316,27.105263157894736,246.05555555555557,6.886111111111111,252.9416666666667,0.2395641334910184,75.02430555555527,0.0,165.72499999998618,0.0,225.4633582640045,585.6478233758223,155.83585945791307,76.0,28.958333333333332,0.5844907407407407,100.0,8.267938190174597,18.00896068381744
downlink_starved,value_aware,5,954.2212996918975,2823.63896570814,33.794026477198315,738.0,64.22764227642277,50.0,14.227642276422765,28.86178861788618,0.0,0.0,6.9105691056910565,50.67750677506775,18.834688346883468,249.84027777777777,5.998888888888825,255.83916666666659,0.26811303284602106,72.64583333333321,0.0,152.07749999998626,0.0,246.83159545623417,634.8421237492039,123.6108036586836,65.0,29.375,0.6438078703703703,100.0,8.858960161537729,16.639194564502947
downlink_starved,value_aware,6,842.5541042748068,3173.0538754351437,26.55341312662904,734.0,55.44959128065395,42.37057220708447,13.079019073569482,32.561307901907355,0.0,0.0,11.989100817438691,47.82016348773842,17.029972752043598,262.94444444444446,4.8394444444443145,267.7838888888888,0.3178239682534958,73.58333333333346,0.0,143.77444444443043,0.0,256.6851096152152,630.0770413652607,162.19133353951426,65.38461538461539,31.006944444444443,0.5179398148148148,100.0,9.206831499813134,20.568884277006685
downlink_starved,value_aware,7,939.5286270659193,2799.5507101330863,33.55997888037025,742.0,61.85983827493261,46.3611859838275,15.498652291105122,29.110512129380055,0.0,0.0,9.029649595687331,40.43126684636118,26.41509433962264,244.67361111111114,6.038888888888241,250.71249999999938,0.26684923990337217,80.39583333333333,0.0,168.28749999998615,0.0,220.41201297093477,562.0073112906817,173.46561260477685,56.52173913043478,28.92361111111111,0.35734953703703703,100.0,8.358929312769643,15.359763437145599
downlink_starved,value_aware,8,1034.845094559789,2669.009155986942,38.772631867466394,709.0,68.68829337094499,52.60930888575459,16.07898448519041,26.939351198871652,0.0,0.0,4.372355430183357,46.5444287729196,25.24682651622003,232.75694444444446,6.048333333333721,238.80527777777817,0.23076427480130554,75.64583333333152,0.0,175.98638888887447,0.0,251.52548901104262,617.6562962550778,112.19070462747872,76.0,27.430555555555557,0.48755787037037035,100.0,8.270034645528284,17.90426165246812
downlink_starved,value_aware,9,809.3249989245767,2619.62144577906,30.89473100125305,683.0,58.27232796486091,42.4597364568082,15.812591508052709,32.94289897510981,0.0,0.0,8.784773060029282,44.36310395314788,20.351390922401173,231.18055555555557,4.845000000000517,236.02555555555608,0.2916326023157379,68.77083333333354,0.0,167.12444444443037,0.0,272.81729813391576,652.0325436878154,136.6831625118977,59.09090909090909,27.291666666666668,0.40219907407407407,100.0,7.951635633934944,16.779091896482885
downlink_starved,value_aware,10,1017.1861533500612,3049.7191450513924,33.353436987815485,754.0,66.04774535809018,47.745358090185675,18.30238726790451,25.9946949602122,0.0,0.0,7.957559681697613,53.183023872679044,17.90450928381963,255.22222222222223,6.019999999999223,261.24222222222147,0.2568283311386326,78.32291666666632,0.0,157.42444444443072,0.0,240.6926263783081,574.2062672468297,151.67042005243115,60.714285714285715,30.0,0.6712962962962963,100.0,8.824835397676217,18.02799272933366
downlink_starved,value_aware,11,955.1665722085305,2695.5438346040655,35.435022793789216,749.0,67.95727636849132,52.069425901201605,15.88785046728972,28.83845126835781,0.0,0.0,3.2042723631508676,42.857142857142854,26.43524699599466,231.81944444444446,6.841111111109947,238.6605555555544,0.249862759543317,80.39583333333333,0.0,179.67277777776457,0.0,237.78908906842952,586.5040775828144,195.00359341465628,50.0,27.32638888888889,0.47453703703703703,100.0,8.240484674533413,15.592242012325556
downlink_starved,value_aware,12,889.7380643928647,2720.0840553711027,32.70994742371949,716.0,62.849162011173185,45.67039106145251,17.178770949720672,31.843575418994412,0.0,0.0,5.307262569832402,52.09497206703911,14.385474860335195,238.56944444444446,5.623333333333075,244.19277777777754,0.2744546822827106,65.2083333333336,0.0,158.87388888887654,0.0,256.88533411308697,608.8434510684048,163.86442020668105,61.53846153846154,28.020833333333332,0.6655092592592593,100.0,7.84879961524865,14.430083485790584
downlink_starved,value_aware,13,995.4557040997389,2948.046341488098,33.76662334274089,783.0,62.452107279693486,45.97701149425287,16.47509578544061,29.50191570881226,0.0,0.0,8.045977011494253,53.63984674329502,15.070242656449553,271.0763888888889,5.698333333331782,276.7747222222207,0.2780382101205876,72.13888888888869,0.0,139.25027777776575,0.0,206.0987621428859,519.1373340527948,167.81005861509865,52.38095238095238,31.84027777777778,0.7537615740740741,100.0,8.951454807779534,22.265204735559692
downlink_starved,value_aware,14,1092.8054450846316,2614.4977210630345,41.79791155604088,711.0,71.58931082981717,55.69620253164557,15.893108298171589,23.347398030942333,0.0,0.0,5.063291139240507,48.9451476793249,26.30098452883263,250.52083333333337,6.888333333335402,257.4091666666688,0.23554894224262757,78.99999999999963,0.0,161.25749999998334,0.0,241.36650925976105,570.2376840069937,132.11483732173977,87.5,29.51388888888889,0.5425347222222222,100.0,8.612906538963264,15.805581594585506
downlink_starved,value_aware,15,884.7857511721858,2871.5316123264615,30.812328423414037,773.0,64.68305304010349,49.28848641655886,15.394566623544632,29.107373868046572,0.0,0.0,6.2095730918499354,41.00905562742562,27.166882276843467,241.43750000000003,5.996666666666149,247.4341666666662,0.27965433025888964,72.21874999999986,0.0,161.3241666666534,0.0,255.9557799453117,642.653433980765,162.18424962631025,61.29032258064516,28.506944444444443,0.4123263888888889,100.0,8.279309618820324,14.803303831832034
downlink_starved,value_aware,16,786.4193716705387,2606.9633013761813,30.16610825535589,742.0,59.1644204851752,45.01347708894879,14.150943396226415,32.88409703504043,0.0,0.0,7.951482479784366,39.62264150943396,24.528301886792452,215.65972222222226,4.84055555555452,220.50027777777677,0.28038510459042054,73.12500000000013,0.0,188.38305555554342,0.0,277.8628118644365,648.026862633157,171.69464590363756,66.66666666666667,25.45138888888889,0.38917824074074076,100.0,7.946640050283757,16.129702204747
downlink_starved,value_aware,17,1127.9763054612235,3292.2341112093236,34.261728278092846,769.0,64.23927178153446,47.854356306892065,16.384915474642394,28.088426527958386,0.0,0.0,7.672301690507152,44.213263979193755,24.83745123537061,265.91666666666674,6.041666666665373,271.9583333333321,0.24110287779682552,77.41666666666633,0.0,146.2083333333198,0.0,254.3111465272144,582.964395486424,136.0210854129155,75.67567567567568,31.42361111111111,0.4079861111111111,100.0,8.271500401828444,17.333664420619357
downlink_starved,value_aware,18,898.791750246651,3068.3884087204506,29.291981018187208,763.0,63.30275229357798,48.099606815203146,15.203145478374836,31.061598951507207,0.0,0.0,5.6356487549148095,49.1480996068152,18.34862385321101,247.46527777777783,6.049444444443926,253.51472222222176,0.2820616924361522,73.36458333333293,0.0,159.76861111109852,0.0,283.0383104112338,648.1050833511962,203.12333324171541,64.51612903225806,29.09722222222222,0.6351273148148148,100.0,9.606997018308777,15.077780876730078
downlink_starved,value_aware,19,762.4310694818981,2864.1710844587165,26.61960640615802,752.0,58.776595744680854,40.82446808510638,17.95212765957447,31.78191489361702,0.0,0.0,9.441489361702128,46.67553191489362,19.54787234042553,256.45833333333337,4.846111111112663,261.30444444444606,0.3427253359730116,68.31250000000021,0.0,140.8122222222068,0.0,285.9652981810269,635.2674963021319,191.4648575002859,51.851851851851855,30.243055555555557,0.5034722222222222,100.0,8.775181118532672,17.890699774503677
energy_starved,bent_pipe,0,135.03870354479585,2781.0729689275527,4.855633241326636,750.0,12.666666666666666,12.666666666666666,0.0,0.0,15.2,36.93333333333333,35.2,0.0,12.666666666666666,0.0,12.05222222222219,12.05222222222219,0.08925013278303694,74.01944444444494,0.0,185.99222222223108,0.0,934.0582235537274,1194.195863893392,nan,0.0,0.0,0.0,100.00000000000001,80.28082988342759,99.99918145879307
energy_starved,bent_pipe,1,153.18002371122307,3001.6817517051036,5.103140052212705,759.0,12.38471673254282,12.38471673254282,0.0,0.0,16.73254281949934,34.78260869565217,36.100131752305664,0.0,12.38471673254282,0.0,12.155555555555555,12.155555555555555,0.07935470475230741,74.38518518518569,0.0,185.95277777778662,0.0,849.1498446877494,1156.6623551562757,nan,0.0,0.0,0.0,100.0,81.22676367387348,99.99903051025751
energy_starved,bent_pipe,2,178.6040606243848,2830.6558953221897,6.309635195134017,756.0,14.682539682539682,14.682539682539682,0.0,0.0,14.417989417989418,34.25925925925926,36.64021164021164,0.0,14.682539682539682,0.0,12.216111111110916,12.216111111110916,0.06839772325670769,59.32870370370408,0.0,174.0755555555644,0.0,831.2955885831999,1107.983150437014,nan,0.0,0.0,0.0,100.0,78.619330815683,99.99902310415068
energy_starved,bent_pipe,3,174.54601298903805,2765.429239114129,6.311715032164472,743.0,15.074024226110364,15.074024226110364,0.0,0.0,13.593539703903096,34.45491251682369,36.87752355316285,0.0,15.074024226110364,0.0,12.266666666666342,12.266666666666342,0.07027755293062307,73.83518518518575,0.0,186.370000000009,0.0,812.9046666338837,1074.239566499847,nan,0.0,0.0,0.0,100.0,75.75410228970101,99.99961138577126
energy_starved,bent_pipe,4,133.4153203743842,2872.986538398728,4.643785085353858,760.0,13.947368421052632,13.947368421052632,0.0,0.0,11.973684210526315,35.78947368421053,38.28947368421053,0.0,13.947368421052632,0.0,12.167222222222415,12.167222222222415,0.09119808870584946,74.11759259259316,0.0,185.87722222223084,0.0,871.5824451924068,1153.8771333826821,nan,0.0,0.0,0.0,100.0,81.38969040559452,99.99846072838744
energy_starved,bent_pipe,5,176.58061348515162,2823.63896570814,6.25365408360084,738.0,13.956639566395664,13.956639566395664,0.0,0.0,13.143631436314363,36.043360433604335,36.856368563685635,0.0,13.956639566395664,0.0,12.181666666666084,12.181666666666084,0.06898643303043242,66.20833333333381,0.0,177.99055555556487,0.0,850.7664738307901,1120.5200557320393,nan,0.0,0.0,0.0,100.0,80.13726271349992,99.99993115153599
energy_starved,bent_pipe,6,146.09903189597983,3173.0538754351437,4.604366570231784,734.0,12.942779291553133,12.942779291553133,0.0,0.0,15.53133514986376,35.42234332425068,36.10354223433242,0.0,12.942779291553133,0.0,11.210555555555684,11.210555555555684,0.07673257933384131,71.4444444444446,0.0,182.03944444445284,0.0,860.7509914231183,1133.644407281609,nan,0.0,0.0,0.0,100.0,80.13857938362304,99.99931892628656
energy_starved,bent_pipe,7,132.97854376906565,2799.5507101330863,4.74999589354622,742.0,9.973045822102426,9.973045822102426,0.0,0.0,13.342318059299192,36.52291105121294,40.16172506738545,0.0,9.973045822102426,0.0,11.981111111112275,11.981111111112275,0.090098077265149,73.92314814814817,0.0,186.31888888889654,0.0,924.7708121184767,1212.2224414249515,nan,0.0,0.0,0.0,100.0,82.59425706036292,99.99755787583693
energy_starved,bent_pipe,8,145.96750434669823,2669.009155986942,5.46897728017432,709.0,12.552891396332862,12.552891396332862,0.0,0.0,18.33568406205924,33.14527503526093,35.966149506346966,0.0,12.552891396332862,0.0,11.946666666667442,11.946666666667442,0.08184470043614658,72.99537037037094,0.0,182.1061111111191,0.0,873.4352391764063,1110.5550863656654,nan,0.0,0.0,0.0,100.0,78.02580528363166,99.99974591591257
energy_starved,bent_pipe,9,164.48770607989053,2619.62144577906,6.279063959600958,683.0,15.226939970717423,15.226939970717423,0.0,0.0,13.90922401171303,35.87115666178624,34.99267935578331,0.0,15.226939970717423,0.0,11.226111111112147,11.226111111112147,0.06824893713126319,65.02777777777804,0.0,178.3016666666742,0.0,802.5989021418869,1040.9539441411723,nan,0.0,0.0,0.0,100.0,74.0376964678892,99.99592997560755
energy_starved,bent_pipe,10,121.2911754821851,3049.7191450513924,3.9771260799210792,754.0,11.140583554376658,11.140583554376658,0.0,0.0,20.689655172413794,32.09549071618037,36.07427055702918,0.0,11.140583554376658,0.0,12.048888888889147,12.048888888889147,0.09933854496000703,73.6009259259266,0.0,186.1866666666749,0.0,963.5937581485739,1251.0770101333173,nan,0.0,0.0,0.0,100.0,85.80727389996538,99.99999241719595
energy_starved,bent_pipe,11,158.26032057050276,2695.5438346040655,5.871183341143802,749.0,15.88785046728972,15.88785046728972,0.0,0.0,11.748998664886516,36.71562082777036,35.647530040053404,0.0,15.88785046728972,0.0,12.157777777776612,12.157777777776612,0.07682138980857486,73.92129629629676,0.0,185.6311111111211,0.0,800.6276531723785,1040.722023603691,nan,0.0,0.0,0.0,100.0,73.65276468788778,99.99915752029544
energy_starved,bent_pipe,12,138.63149073114744,2720.0840553711027,5.096588484367034,716.0,12.70949720670391,12.70949720670391,0.0,0.0,15.782122905027933,34.21787709497207,37.29050279329609,0.0,12.70949720670391,0.0,12.22111111111137,12.22111111111137,0.08815537542485327,59.88888888888928,0.0,174.15944444445284,0.0,874.6702760798994,1165.0187888280416,nan,0.0,0.0,0.0,100.0,82.53229745225521,99.9993603356028
energy_starved,bent_pipe,13,132.46020663837177,2948.046341488098,4.493152118209555,783.0,11.11111111111111,11.11111111111111,0.0,0.0,18.51851851851852,34.35504469987229,36.015325670498086,0.0,11.11111111111111,0.0,12.267222222222738,12.267222222222738,0.09261062271866564,73.43240740740744,0.0,185.50000000000844,0.0,927.5107267462338,1165.2293463408434,nan,0.0,0.0,0.0,100.0,81.76461756270524,99.99971409581106
energy_starved,bent_pipe,14,158.19994055600336,2614.4977210630345,6.050873147890161,711.0,13.50210970464135,13.50210970464135,0.0,0.0,17.440225035161745,30.661040787623065,38.39662447257384,0.0,13.50210970464135,0.0,12.171111111112662,12.171111111112662,0.07693499168417224,73.83055555555556,0.0,185.8733333333406,0.0,862.6438661427945,1150.7848185376413,nan,0.0,0.0,0.0,100.0,81.08281850124797,99.99961361235432
energy_starved,bent_pipe,15,152.04241258836737,2871.5316123264615,5.294819389614361,773.0,13.454075032341526,13.454075032341526,0.0,0.0,16.429495472186286,34.02328589909444,36.09314359637775,0.0,13.454075032341526,0.0,12.191666666666666,12.191666666666666,0.08018595903022023,66.67592592592642,0.0,177.8777777777865,0.0,905.974544879807,1139.9816502895449,nan,0.0,0.0,0.0,100.0,80.74935577006183,99.9990191508167
energy_starved,bent_pipe,16,151.3380593056081,2606.9633013761813,5.805147284801392,742.0,12.668463611859838,12.668463611859838,0.0,0.0,9.568733153638814,35.309973045822105,42.45283018867924,0.0,12.668463611859838,0.0,11.212222222221964,11.212222222221964,0.07408726049261868,70.8333333333335,0.0,181.73500000000877,0.0,824.509602712252,1094.2990993276221,nan,0.0,0.0,0.0,100.0,77.30299238474956,99.97423972900165
energy_starved,bent_pipe,17,151.72993604679036,3292.2341112093236,4.6087225550025055,769.0,12.743823146944083,12.743823146944083,0.0,0.0,18.985695708712615,31.85955786736021,36.4109232769831,0.0,12.743823146944083,0.0,11.985555555555038,11.985555555555038,0.07899268837666248,73.684259259261,0.0,185.67555555556487,0.0,917.9449815237649,1261.2242697572542,nan,0.0,0.0,0.0,100.0,83.14356251150167,99.99961371248311
energy_starved,bent_pipe,18,146.0527337908856,3068.3884087204506,4.759916748994339,763.0,11.271297509829619,11.271297509829619,0.0,0.0,17.169069462647446,35.77981651376147,35.77981651376147,0.0,11.271297509829619,0.0,11.950555555556072,11.950555555556072,0.08182356636108268,73.8750000000006,0.0,182.69388888889713,0.0,966.4578572011364,1227.8053350023622,nan,0.0,0.0,0.0,100.0,84.49550537502482,99.99984132450706
energy_starved,bent_pipe,19,106.66616177594884,2864.1710844587165,3.7241546901555664,752.0,10.77127659574468,10.77127659574468,0.0,0.0,21.01063829787234,33.111702127659576,35.1063829787234,0.0,10.77127659574468,0.0,11.231666666668994,11.231666666668994,0.10529737340939475,64.41666666666694,0.0,177.4183333333396,0.0,904.6095765281327,1192.2151111102976,nan,0.0,0.0,0.0,100.0,83.31995949327955,99.99981145828646
energy_starved,priority_rules,0,1144.7117277475265,2781.0729689275527,41.16079443212001,750.0,87.46666666666667,68.13333333333334,19.333333333333332,0.0,0.0,10.266666666666667,2.2666666666666666,53.733333333333334,34.93333333333333,225.13194444444449,3.4237894424238826,228.55573388686838,0.19966226286211144,28.735813892270446,0.3125,0.0,0.0,215.20990294254815,512.3459541203256,154.76562724265324,70.37037037037037,26.354166666666668,0.7826967592592593,28.407951490564233,3.83980644299288,10.627596515240471
energy_starved,priority_rules,1,1202.0964395463502,3001.6817517051036,40.04743137287955,759.0,81.81818181818181,64.42687747035573,17.391304347826086,0.0,0.0,13.306982872200264,4.874835309617918,40.974967061923586,42.81949934123847,221.72916666666669,7.057668076529662,228.78683474319635,0.19032319472598758,24.09494446946701,3.4027777777777777,0.0,0.0,227.1006681652015,547.4489899064542,154.6406001374138,60.714285714285715,26.180555555555557,0.3776041666666667,58.06125474293142,7.1631037948466965,20.11095685223691
energy_starved,priority_rules,2,1228.4550193943687,2830.6558953221897,43.39824637196122,756.0,81.34920634920636,66.005291005291,15.343915343915343,0.0,0.0,11.507936507936508,7.142857142857143,36.904761904761905,46.164021164021165,205.81944444444446,10.607749969963994,216.42719441440846,0.17617836306379991,23.125541393036663,2.986111111111111,0.0,0.0,245.43212389095044,598.1036599396524,153.88007249432312,65.0,24.305555555555557,0.3443287037037037,86.83409862174493,9.063142549356614,30.922072168035204
energy_starved,priority_rules,3,1224.261289548511,2765.429239114129,44.270208480933256,743.0,85.46433378196501,64.60296096904442,20.861372812920592,0.0,0.0,12.24764468371467,2.288021534320323,51.41318977119785,35.1278600269179,218.08333333333337,4.080046289932671,222.16337962326605,0.1814672909450535,27.086496924195412,0.8333333333333334,6.529166666667095,0.0,193.36073419329963,481.829795997271,106.09243677723117,69.23076923076923,25.555555555555557,0.7118055555555556,33.26124692879983,4.182604629085115,13.259076248276177
energy_starved,priority_rules,4,1114.4790950369118,2872.986538398728,38.791657396977286,760.0,81.71052631578948,64.60526315789474,17.105263157894736,0.0,0.0,11.973684210526315,6.315789473684211,45.13157894736842,37.89473684210526,219.89583333333337,8.048425481784312,227.94425881511768,0.20452986496581,22.467901974811035,2.986111111111111,0.0,0.0,246.5231378322112,598.3701296688214,153.9055633306426,76.0,25.833333333333332,0.6032986111111112,66.14842184015129,6.899516502609603,27.754217512824006
energy_starved,priority_rules,5,1180.1211385356273,2823.63896570814,41.79433535475613,738.0,84.68834688346884,69.51219512195122,15.176151761517616,0.0,0.0,8.94308943089431,6.368563685636857,37.53387533875339,48.78048780487805,210.99305555555557,9.184741376851475,220.17779693240703,0.18657219987230994,21.788282178281065,4.131944444444445,0.0,0.0,286.6001794201293,841.6236142333986,109.29122724630864,70.0,24.930555555555557,0.32841435185185186,75.39806849242233,10.347104085435733,33.41067292241471
energy_starved,priority_rules,6,1159.418216068129,3173.0538754351437,36.53950615348848,734.0,70.70844686648502,55.99455040871935,14.713896457765667,0.0,0.0,10.762942779291553,18.52861035422343,39.782016348773844,32.69754768392371,213.80555555555557,10.048627654251995,223.85418320980756,0.19307457835961203,23.469879835510813,3.75,0.0,0.0,219.0800847428109,558.6797128556414,124.01194497052026,69.23076923076923,25.208333333333332,0.42824074074074076,89.63541195130276,8.912903094771501,31.354001702253512
energy_starved,priority_rules,7,1208.8614344295343,2799.5507101330863,43.18055143827228,742.0,85.3099730458221,67.11590296495957,18.194070080862534,0.0,0.0,12.264150943396226,2.4258760107816713,40.02695417789757,46.3611859838275,220.3263888888889,7.873731001506134,228.20011989039506,0.1887727686491078,24.463950746650745,2.256944444444444,0.0,0.0,220.5711122001166,536.5572876542138,148.80962630238568,69.56521739130434,26.006944444444443,0.38917824074074076,65.71786980761227,5.798657930804711,22.958218763149027
energy_starved,priority_rules,8,1243.9200646949769,2669.009155986942,46.606062100038095,709.0,86.88293370944993,66.43159379407616,20.451339915373765,0.0,0.0,9.732016925246826,3.385049365303244,45.41607898448519,43.30042313117066,217.18055555555557,6.732918965077738,223.91347452063332,0.18000632104566897,23.67479147453829,2.361111111111111,0.0,0.0,216.35066411105922,518.0988292338952,89.77272110087478,76.0,25.59027777777778,0.46296296296296297,56.358138658571164,5.546441154996564,20.712078288230053
energy_starved,priority_rules,9,1119.410020083575,2619.62144577906,42.731747439587366,683.0,81.99121522693997,62.957540263543194,19.03367496339678,0.0,0.0,12.298682284040996,5.710102489019033,49.194729136163986,34.55344070278184,213.40972222222223,6.337396132358888,219.74711835458112,0.19630619202262886,23.77009602459528,2.8125,0.0,0.0,224.254655771756,539.6458196766783,100.43489917710093,68.18181818181819,25.069444444444443,0.5888310185185185,56.452284051293866,6.840199723658067,26.738348918647798
energy_starved,priority_rules,10,1288.0341802821233,3049.7191450513924,42.23451796773299,754.0,87.6657824933687,67.77188328912467,19.893899204244033,0.0,0.0,10.212201591511937,2.1220159151193636,40.84880636604775,47.87798408488064,218.15972222222223,10.220095722227176,228.3798179444494,0.17730881791850156,23.336669687707225,4.409722222222222,0.0,0.0,336.83919169568696,1056.6656326658326,120.66867775143092,71.42857142857143,25.76388888888889,0.36313657407407407,84.82189367396037,10.872617206818761,24.61372851065558
energy_starved,priority_rules,11,1003.0186358969818,2695.5438346040655,37.210251342260584,749.0,83.44459279038718,64.61949265687583,18.82510013351135,0.0,0.0,11.615487316421897,4.939919893190921,48.46461949265687,37.38317757009346,222.2430555555556,5.661270345236296,227.9043259007919,0.2272184361729043,23.05602799686371,3.2638888888888893,0.0,0.0,228.9381316114937,540.42733784539,205.94275046881498,54.166666666666664,26.07638888888889,0.6669560185185185,46.56500923700562,5.503128947589931,25.84030843872401
energy_starved,priority_rules,12,1072.8457767349744,2720.0840553711027,39.4416405852063,716.0,85.75418994413408,68.01675977653632,17.737430167597765,0.0,0.0,8.659217877094973,5.58659217877095,36.59217877094972,51.39664804469274,209.17361111111114,9.186711946241992,218.36032305735313,0.20353374901833143,24.21805555555288,3.1597222222222223,0.0,0.0,341.6014130188241,1101.7274834255934,140.42870133628074,73.07692307692308,24.756944444444443,0.25318287037037035,75.17084054566429,12.577541621293378,35.27972374323249
energy_starved,priority_rules,13,1192.13299024684,2948.046341488098,40.43806820367288,783.0,76.11749680715198,60.28097062579821,15.836526181353767,0.0,0.0,10.600255427841635,13.282247765006385,38.95274584929757,37.93103448275862,216.4513888888889,11.449106703161146,227.90049559205005,0.19117036224696837,22.620470309549997,4.166666666666666,0.0,0.0,217.35743159371944,486.3808581800698,153.86708030305533,71.42857142857143,25.520833333333332,0.43258101851851855,93.33088205103572,12.622535279789647,41.27543458345835
energy_starved,priority_rules,14,1186.655554542306,2614.4977210630345,45.38751535265523,711.0,85.93530239099859,67.79184247538677,18.143459915611814,0.0,0.0,10.40787623066104,3.6568213783403656,41.49085794655415,45.0070323488045,219.81944444444446,8.455311341400456,228.27475578584492,0.19236816859959896,23.03437718618649,3.4027777777777777,0.0,0.0,258.16961913944624,599.1748995845052,145.40354452604112,93.75,25.9375,0.4050925925925926,69.47033236497572,8.59979054147495,31.64626475968674
energy_starved,priority_rules,15,1206.1610060644439,2871.5316123264615,42.00409986387838,773.0,84.34670116429496,67.01164294954722,17.335058214747736,0.0,0.0,8.796895213454075,6.85640362225097,36.09314359637775,49.935316946959894,212.66666666666669,8.683625019518844,221.35029168618553,0.18351637183863578,24.8729190564739,3.888888888888889,0.0,0.0,217.64397248848883,526.634117612127,129.13838973353927,87.09677419354838,25.13888888888889,0.3125,71.22590583337399,6.873080339071923,22.5274476987806
energy_starved,priority_rules,16,1062.6340552477989,2606.9633013761813,40.76137376720449,742.0,80.59299191374663,59.83827493261455,20.754716981132077,0.0,0.0,11.185983827493262,8.221024258760108,49.73045822102426,32.88409703504043,214.28472222222223,3.7024659745816377,217.98718819680386,0.20513853016499717,37.688019672006575,0.0,0.0,0.0,206.6262784052247,490.0395278147673,131.59255981107117,74.07407407407408,25.13888888888889,0.6495949074074074,33.02169633459074,3.5204191398989955,12.67156175346101
energy_starved,priority_rules,17,1278.8011236996322,3292.2341112093236,38.842958322605284,769.0,74.77243172951886,58.647594278283485,16.124837451235372,0.0,0.0,11.31339401820546,13.914174252275682,36.93107932379714,38.8816644993498,216.84722222222223,10.757163687874202,227.60438591009643,0.17798262895768044,22.397319779468276,4.652777777777778,0.0,0.0,259.6542435451116,583.0244216696578,132.13132615099937,78.37837837837837,25.625,0.33275462962962965,89.75106442094373,13.648656314950173,44.20677566284401
energy_starved,priority_rules,18,1118.0160371699058,3068.3884087204506,36.43658781894988,763.0,83.4862385321101,66.97247706422019,16.513761467889907,0.0,0.0,11.402359108781127,5.111402359108781,36.3040629095675,49.54128440366973,215.47916666666669,9.701508174096967,225.18067484076366,0.20141095239633203,22.95027737307951,6.875000000000001,0.0,0.0,277.9904401022328,639.7603159672927,188.78926310824627,70.96774193548387,25.48611111111111,0.2907986111111111,81.18039474396255,12.317969710293696,28.91199335451818
energy_starved,priority_rules,19,1091.8908459355555,2864.1710844587165,38.12240308759021,752.0,83.24468085106383,65.42553191489361,17.819148936170212,0.0,0.0,10.372340425531915,6.382978723404255,36.037234042553195,49.069148936170215,207.69444444444446,10.957704863050612,218.65214930749508,0.20025092262784677,23.8251215245445,5.381944444444445,0.0,0.0,355.0005778518603,1093.0331009519498,153.09819429265372,66.66666666666667,24.54861111111111,0.30960648148148145,97.5608089898947,15.702003552402417,37.40187179375299
energy_starved,process_all,0,1110.4687311264513,2781.0729689275527,39.929507191415915,750.0,87.33333333333333,67.06666666666666,20.266666666666666,0.0,0.0,10.533333333333333,2.1333333333333333,62.4,27.2,230.75694444444446,3.193419747541679,233.95036419198613,0.21067712906663172,27.175318939295913,0.6597222222222222,0.0,0.0,214.78834950159333,486.2078373388013,180.9497843558342,70.37037037037037,26.875,1.0431134259259258,26.496522289919046,3.60577943662835,9.913341480626029
energy_starved,process_all,1,633.2886422675738,3001.6817517051036,21.097794325059095,759.0,53.6231884057971,32.27931488801054,21.343873517786562,0.0,0.0,17.127799736495387,29.24901185770751,63.241106719367586,12.25296442687747,250.29166666666669,1.7719238930087355,252.06359055967542,0.3980232294347304,1.076886104246364,47.88194444444444,0.0,369.0,210.7715454857434,506.9866980007832,146.58031523741903,28.571428571428573,29.23611111111111,0.9809027777777778,14.577070417804954,5.418139137128938,20.40811343954941
energy_starved,process_all,2,719.3899584197928,2830.6558953221897,25.414249736558343,756.0,56.74603174603175,36.37566137566137,20.37037037037037,0.0,0.0,16.402116402116402,26.85185185185185,60.97883597883598,13.227513227513228,254.17361111111111,2.052214329735015,256.2258254408461,0.3561709785380797,0.0,48.229166666666664,0.0,1549.0,192.56734614506192,493.8291949869296,89.32830269520466,25.0,29.72222222222222,0.9389467592592593,16.799244138083072,5.044803712861952,16.182896055557723
energy_starved,process_all,3,1212.7520547262886,2765.429239114129,43.85402589851761,743.0,85.86810228802153,63.52624495289368,22.34185733512786,0.0,0.0,12.24764468371467,1.8842530282637955,63.52624495289368,24.226110363391655,229.10416666666669,3.263618639643824,232.3677853063105,0.19160370365957008,21.363876341343218,3.3333333333333335,6.529166666667095,0.0,184.0994195420177,478.9347618242755,107.77791961723352,69.23076923076923,26.666666666666668,1.0633680555555556,26.60558673622753,3.4369572278914298,11.848259776863785
energy_starved,process_all,4,568.197034473014,2872.986538398728,19.777225785043225,760.0,53.94736842105263,33.28947368421053,20.657894736842106,0.0,0.0,15.789473684210526,30.263157894736842,64.34210526315789,12.763157894736842,252.83333333333334,1.4911492846044585,254.3244826179378,0.4475991024025957,0.0,26.07638888888889,0.0,555.0,219.69012773167492,550.8142523687366,142.56087230259757,56.0,29.479166666666668,1.0850694444444444,12.255461907163976,4.964496844849047,14.940142905021492
energy_starved,process_all,5,658.6875274412798,2823.63896570814,23.32761147727283,738.0,57.046070460704605,37.80487804878049,19.241192411924118,0.0,0.0,15.311653116531165,27.642276422764226,60.29810298102981,14.769647696476964,251.0763888888889,2.177451506891518,253.25384039578043,0.3844825199280205,0.0,64.47916666666667,0.0,1028.0,204.18471088332797,496.89901364817945,160.7044624982684,30.0,29.375,0.9013310185185185,17.87482424592931,5.105208115889484,17.53713800166087
energy_starved,process_all,6,646.0540997269243,3173.0538754351437,20.36064072937703,734.0,52.58855585831063,33.65122615803815,18.93732970027248,0.0,0.0,16.348773841961854,31.06267029972752,63.21525885558583,11.989100817438691,262.4236111111111,1.91850627472111,264.3421173858322,0.40916405839319797,0.0,47.291666666666664,0.0,1417.0,237.10548370869205,569.3315001285556,139.9376471773544,46.15384615384615,30.694444444444443,0.9563078703703703,17.11339161751305,5.8357691216303005,17.114349220010894
energy_starved,process_all,7,605.1277886759821,2799.5507101330863,21.615175123840327,742.0,55.525606469002696,33.9622641509434,21.5633423180593,0.0,0.0,16.172506738544474,28.30188679245283,64.42048517520216,12.668463611859838,248.97222222222226,1.8708860004874217,250.84310822270967,0.4145291505643026,0.0,45.729166666666664,0.0,230.0,200.42312191276525,520.4364030690397,196.1554720247688,39.130434782608695,29.02777777777778,1.0706018518518519,15.61529630379779,4.931044468593588,13.75376924716758
energy_starved,process_all,8,827.5615498889899,2669.009155986942,31.00632112979678,709.0,75.31734837799718,53.03244005641749,22.28490832157969,0.0,0.0,10.01410437235543,14.668547249647391,65.58533145275035,19.181946403385048,237.84722222222226,2.6416666666696127,240.48888888889186,0.2905993988255633,0.0,24.166666666666668,0.0,265.0,233.8222522037274,507.8783565663844,132.3568428222194,40.0,27.743055555555557,1.0011574074074074,22.112165178594655,3.9890509835503076,14.323018685101049
energy_starved,process_all,9,652.0461568935783,2619.62144577906,24.89085428523294,683.0,57.24743777452416,36.16398243045388,21.083455344070277,0.0,0.0,17.86237188872621,24.890190336749633,63.6896046852123,11.420204978038067,235.97916666666669,1.8926899709339728,237.87185663760067,0.36480831015222775,0.0,29.6875,0.0,297.0,226.22636452664034,524.0805806417368,102.24494754946544,45.45454545454545,27.569444444444443,0.9157986111111112,16.85971172208065,4.335351024330328,13.331894879933365
energy_starved,process_all,10,620.7209685825966,3049.7191450513924,20.35338137906258,754.0,54.244031830238725,31.29973474801061,22.94429708222812,0.0,0.0,16.180371352785144,29.575596816976127,67.10875331564986,9.946949602122016,260.3263888888889,2.085412552298862,262.4118014411878,0.42275324134836245,0.0,70.03472222222223,0.0,1705.0,247.7763024064406,576.4343830267968,146.87884257595093,21.428571428571427,30.381944444444443,1.0662615740740742,17.307924170683652,5.8264124102615265,14.730355429055448
energy_starved,process_all,11,982.8131208555283,2695.5438346040655,36.460661787007766,749.0,83.04405874499332,62.483311081441926,20.560747663551403,0.0,0.0,11.882510013351135,5.073431241655541,61.01468624833111,25.901201602136183,241.01388888888889,3.058782103346613,244.0726709922355,0.24834087560794146,7.3048076055421705,19.930555555555557,0.0,25.0,221.08855144749447,535.291892528179,207.55964084609474,54.166666666666664,28.125,0.9924768518518519,25.159055867411947,3.5605932980721597,13.113906579467672
energy_starved,process_all,12,964.4752050163469,2720.0840553711027,35.45755150881773,716.0,82.68156424581005,61.1731843575419,21.508379888268156,0.0,0.0,11.59217877094972,5.726256983240224,62.70949720670391,23.463687150837988,245.39583333333334,3.0277200920570926,248.42355342539042,0.25757381022685794,0.0,68.81944444444444,0.0,1513.0,229.9972937283794,518.6892354532982,173.43632233221354,65.38461538461539,28.680555555555557,0.9331597222222222,24.77450752660538,4.3166099040675485,13.471426844750642
energy_starved,process_all,13,588.565518645023,2948.046341488098,19.964595208769012,783.0,52.745849297573436,32.43933588761175,20.306513409961685,0.0,0.0,17.11366538952746,30.140485312899106,62.83524904214559,11.877394636015326,274.05555555555554,2.063213054990769,276.11876861054634,0.4691385408479557,0.0,57.8125,0.0,2028.0,227.02564390942305,576.2941094889718,131.31080520543878,9.523809523809524,32.048611111111114,1.009837962962963,16.818909917953118,7.219632749716692,24.48381975614503
energy_starved,process_all,14,605.8758751893838,2614.4977210630345,23.17370064270086,711.0,54.28973277074543,32.06751054852321,22.22222222222222,0.0,0.0,14.627285513361462,31.08298171589311,68.21378340365682,9.423347398030943,254.88194444444446,1.7649340051321687,256.6468784495766,0.4235964641591882,0.0,41.5625,0.0,667.0,217.33666031831672,542.7114911506446,151.4921780859363,62.5,29.72222222222222,1.0865162037037037,14.501009718995336,5.415418017654669,16.97775680952517
energy_starved,process_all,15,647.9627099360699,2871.5316123264615,22.56505577562152,773.0,57.17981888745149,35.70504527813713,21.474773609314358,0.0,0.0,14.359637774902975,28.460543337645536,61.966364812419144,14.230271668822768,248.5416666666667,1.6726766973854907,250.2143433640522,0.3861554677872422,0.0,58.26388888888889,0.0,1237.0,183.68788110039478,489.00213108159454,122.51976482254253,48.38709677419355,28.993055555555557,1.0416666666666667,13.719836205485914,4.5363337615510835,15.796598019308941
energy_starved,process_all,16,1049.0218914559487,2606.9633013761813,40.23922741460088,742.0,80.45822102425876,58.35579514824798,22.10242587601078,0.0,0.0,11.455525606469003,8.086253369272237,62.80323450134771,22.237196765498652,222.03472222222223,2.8384246239689537,224.8731468461912,0.2143645892213816,31.02855155265484,0.0,0.0,0.0,198.2225232941374,489.88829494214076,133.57531677955336,74.07407407407408,25.833333333333332,1.048900462962963,25.315451011516377,3.2767602097362443,11.899189982950938
energy_starved,process_all,17,985.6718697426369,3292.2341112093236,29.93930068298132,769.0,72.43172951885566,51.495448634590375,20.93628088426528,0.0,0.0,14.564369310793237,13.003901170351105,63.97919375812744,16.25487646293888,269.7222222222223,3.175757117118541,272.89797933934085,0.2768649362090405,0.0,59.75694444444445,0.0,1882.0,297.23699987054556,585.2538915425621,144.56509385314385,51.351351351351354,31.52777777777778,1.0185185185185186,26.496536621922786,5.937241320402682,19.2482487494794
energy_starved,process_all,18,610.097156319105,3068.3884087204506,19.88330925071907,763.0,53.34207077326344,32.50327653997379,20.838794233289647,0.0,0.0,18.2175622542595,28.440366972477065,63.040629095674966,12.319790301441678,254.25000000000006,1.8114701099535395,256.0614701099536,0.4197060541223426,0.0,72.08333333333333,0.0,1382.0,221.5202285720816,509.81978312780495,158.3004233706594,32.25806451612903,29.6875,1.015625,15.158040992590907,5.62798333940833,14.278286616012107
energy_starved,process_all,19,696.909801292688,2864.1710844587165,24.331989282141404,752.0,61.83510638297872,39.09574468085106,22.73936170212766,0.0,0.0,15.558510638297872,22.606382978723403,62.898936170212764,11.96808510638298,258.73611111111114,2.641990716881452,261.3781018279926,0.3750529858285335,0.0,67.01388888888889,0.0,2011.0,284.0117963901148,573.6729755505119,230.775772897609,33.333333333333336,30.243055555555557,0.9780092592592593,23.52269520891145,5.956083650359412,19.217974705702243
energy_starved,value_aware,0,1224.8540362086069,2781.0729689275527,44.042499060387456,750.0,81.73333333333333,67.06666666666666,14.666666666666666,16.8,0.0,0.0,1.4666666666666666,33.333333333333336,48.4,169.23611111111114,11.91483844412747,181.1509495552386,0.14789594857846922,57.4009259259313,0.0,25.64460600032585,0.0,222.5862506975361,550.6008144801245,154.7937024741616,70.37037037037037,19.96527777777778,0.31828703703703703,98.86009587641516,21.116316485227323,37.469177286402775
energy_starved,value_aware,1,1253.0055331952449,3001.6817517051036,41.743450400212346,759.0,78.65612648221344,63.37285902503294,15.2832674571805,18.840579710144926,0.0,0.0,2.503293807641634,32.015810276679844,47.430830039525695,189.5763888888889,12.07939107141216,201.65577996030106,0.16093766118180325,43.20370370371011,0.0,12.287897839565659,0.0,238.06239309533404,566.3715616673705,143.07164702919235,57.142857142857146,22.46527777777778,0.1808449074074074,99.37341832057537,24.511758329304957,40.33428640104302
energy_starved,value_aware,2,1273.5193411111857,2830.6558953221897,44.9902562588319,756.0,76.71957671957672,62.83068783068783,13.88888888888889,19.312169312169313,0.0,0.0,3.9682539682539684,30.82010582010582,46.03174603174603,183.47916666666669,12.078438321257222,195.5576049879239,0.15355683944092574,41.88787412579927,0.0,0.0,0.0,212.08053524061884,547.3526619340637,153.88203476958947,65.0,21.73611111111111,0.18663194444444445,98.8730227762215,20.82718042240647,41.33215896275069
energy_starved,value_aware,3,1293.1412896241004,2765.429239114129,46.76096105927998,743.0,81.42664872139973,66.62180349932706,14.804845222072679,17.227456258411845,0.0,0.0,1.3458950201884252,30.013458950201883,51.41318977119785,167.87500000000003,12.266666666666342,180.14166666666637,0.13930547892336748,53.51388888890222,0.0,32.63888888889129,0.0,213.81596869052584,516.2933934693161,106.0931176325247,69.23076923076923,19.86111111111111,0.2170138888888889,100.0,23.49497657726069,38.32607537003765
energy_starved,value_aware,4,1166.4265793663158,2872.986538398728,40.599792716621245,760.0,80.26315789473684,67.36842105263158,12.894736842105264,16.710526315789473,0.0,0.0,3.026315789473684,28.94736842105263,51.44736842105263,185.15972222222226,12.167222222222415,197.32694444444468,0.1691721947485511,30.095833333337165,0.0,21.87388888889518,0.0,240.76283923386356,586.9130426744476,153.90674551843014,76.0,21.944444444444443,0.17216435185185186,100.0,26.29467254643824,40.04302977573729
energy_starved,value_aware,5,1292.7110643071828,2823.63896570814,45.78174051309651,738.0,80.21680216802169,67.20867208672087,13.008130081300813,15.718157181571815,0.0,0.0,4.065040650406504,30.08130081300813,50.5420054200542,182.54166666666669,12.151516652723206,194.6931833193899,0.1506084295980974,23.598611111114106,3.75,1.7777777777798889,0.0,203.1109602906901,509.88874937955813,109.29251000799518,70.0,21.631944444444443,0.1736111111111111,99.75249680714559,21.152626453217394,40.201986114071374
energy_starved,value_aware,6,1251.4943938580084,3173.0538754351437,39.44132192480917,734.0,74.79564032697547,62.12534059945504,12.670299727520437,19.482288828337875,0.0,0.0,5.722070844686648,30.381471389645778,45.50408719346049,191.49305555555557,11.210555555555684,202.70361111111126,0.1619692522043447,25.590277777783253,2.673611111111111,17.341666666668523,0.0,230.57182814662954,587.3954180141042,124.0116786375889,69.23076923076923,22.708333333333332,0.15480324074074073,100.0,25.142169881987588,38.35184129068326
energy_starved,value_aware,7,1237.7267982591584,2799.5507101330863,44.211622735718144,742.0,80.05390835579514,65.76819407008087,14.285714285714286,18.059299191374663,0.0,0.0,1.8867924528301887,29.919137466307276,50.13477088948787,191.58333333333334,11.69067686189982,203.27401019523316,0.16423172745482653,31.432205230177864,0.0,17.766666666668293,0.0,226.8451383153378,558.8886826185626,148.8416807926298,69.56521739130434,22.708333333333332,0.1736111111111111,97.57589887516292,26.83773342241044,40.41527274544285
energy_starved,value_aware,8,1286.042494169305,2669.009155986942,48.1842668574044,709.0,80.81805359661494,66.29055007052186,14.527503526093088,16.784203102961918,0.0,0.0,2.397743300423131,30.465444287729195,50.352609308885754,172.36111111111111,11.752541102766486,184.1136522138776,0.14316296160400388,38.5684381671952,0.0,20.261951552480753,0.0,226.93685379013522,551.7086089692543,89.7992495798297,76.0,20.416666666666668,0.17939814814814814,98.37506503431129,23.261787074472608,41.96275858987279
energy_starved,value_aware,9,1175.9125327382387,2619.62144577906,44.88864353408624,683.0,76.86676427525622,63.543191800878475,13.323572474377745,18.887262079062957,0.0,0.0,4.24597364568082,29.575402635431917,47.2913616398243,171.36111111111114,11.226111111112147,182.5872222222233,0.15527279209878758,31.350000000007128,0.0,21.586111111113702,0.0,231.4757284992126,537.3442630512175,100.43526171608383,68.18181818181819,20.3125,0.15335648148148148,100.0,21.576164051217347,41.22639985807804
energy_starved,value_aware,10,1347.4912625079344,3049.7191450513924,44.18411002516191,754.0,81.6976127320955,64.45623342175067,17.24137931034483,16.97612732095491,0.0,0.0,1.3262599469496021,39.6551724137931,42.04244031830239,201.11111111111114,12.048888888889147,213.16000000000028,0.15819026507323652,22.34537037037368,2.3958333333333335,8.70555555555665,0.0,230.90697683035285,589.6992708168953,120.66935141636773,71.42857142857143,23.71527777777778,0.39641203703703703,100.0,24.376255565124282,42.06795786431434
energy_starved,value_aware,11,1063.914265877102,2695.5438346040655,39.469373572007775,749.0,79.4392523364486,65.02002670226969,14.419225634178906,17.890520694259013,0.0,0.0,2.67022696929239,28.17089452603471,51.93591455273698,181.87500000000003,11.77767794481018,193.6526779448102,0.18201906314806382,31.000166388289436,0.0,27.786111111113975,0.0,244.1588635828904,577.2823902189004,205.98687682140823,54.166666666666664,21.5625,0.15625,96.87360766158085,23.601715848644016,39.71581556456686
energy_starved,value_aware,12,1202.6649610650466,2720.0840553711027,44.21425722820048,716.0,78.49162011173185,62.849162011173185,15.64245810055866,18.435754189944134,0.0,0.0,3.0726256983240225,30.726256983240223,47.76536312849162,175.86111111111111,11.950541592655643,187.81165270376675,0.15616290387095505,29.020833333338068,0.3472222222222222,0.0,0.0,211.7523827273024,528.2832623066369,140.42968201165743,73.07692307692308,20.833333333333332,0.17939814814814814,97.78604812610102,21.455228338106494,38.41255273460332
energy_starved,value_aware,13,1319.0253829015205,2948.046341488098,44.74235578792532,783.0,81.35376756066411,66.9220945083014,14.431673052362708,16.347381864623244,0.0,0.0,2.2988505747126435,31.800766283524904,49.55300127713921,198.5,12.267222222222738,210.76722222222273,0.15979011848777952,22.119444444449883,9.722222222222223,18.222222222223316,0.0,214.32080207450468,525.8143867594317,160.56004644128714,71.42857142857143,23.506944444444443,0.2170138888888889,100.0,29.00263264897675,57.47505549627616
energy_starved,value_aware,14,1240.2738502797783,2614.4977210630345,47.43832210247606,711.0,80.59071729957806,66.66666666666667,13.924050632911392,17.018284106891702,0.0,0.0,2.390998593530239,32.63009845288326,48.38255977496484,192.30555555555557,12.171111111112662,204.47666666666822,0.164864127886388,30.362962962971878,0.0,15.966666666668246,0.0,251.15170326092166,571.3954644610378,145.40599582193127,93.75,22.77777777777778,0.2025462962962963,100.0,26.688978190619096,39.48507153799654
energy_starved,value_aware,15,1238.1123485652993,2871.5316123264615,43.11679325592392,773.0,79.94825355756792,65.32988357050453,14.618369987063389,15.394566623544632,0.0,0.0,4.657179818887451,28.460543337645536,51.48771021992238,175.5763888888889,12.191666666666666,187.76805555555558,0.1516567182074693,40.650462962967715,0.0,4.869444444445854,0.0,203.6466949651919,503.7076618043205,130.2708403600365,87.09677419354838,20.79861111111111,0.1808449074074074,100.0,22.760533434487872,38.20847298652103
energy_starved,value_aware,16,1105.907777603197,2606.9633013761813,42.42130209579103,742.0,74.93261455525607,61.59029649595687,13.342318059299192,20.754716981132077,0.0,0.0,4.3126684636118595,27.088948787061994,48.113207547169814,154.52777777777777,11.212222222221964,165.73999999999972,0.14986783107647852,46.46851851852333,0.0,28.95722222223158,0.0,227.36512162014208,546.4392228898381,131.6686456882562,74.07407407407408,18.29861111111111,0.1707175925925926,100.0,23.62934979761017,37.6517438411175
energy_starved,value_aware,17,1383.8463009605439,3292.2341112093236,42.03365417571174,769.0,81.2743823146944,66.71001300390117,14.564369310793237,15.864759427828348,0.0,0.0,2.860858257477243,32.37971391417425,49.02470741222367,201.66666666666669,11.985555555555038,213.65222222222172,0.15439013861143627,26.146296296308027,2.638888888888889,8.608333333333633,0.0,255.61761468461444,575.7833098202046,132.16805449139545,78.37837837837837,23.88888888888889,0.20833333333333334,100.0,27.325041625404364,40.84520350029629
energy_starved,value_aware,18,1165.6182400743546,3068.3884087204506,37.987962565678885,763.0,76.53997378768021,63.564875491481,12.975098296199214,20.57667103538663,0.0,0.0,2.8833551769331587,30.275229357798164,46.26474442988204,189.0138888888889,11.950555555556072,200.96444444444498,0.17241017473407544,43.1555555555632,0.0,0.0,0.0,250.181138152143,555.3512629075863,188.81295170594615,70.96774193548387,22.395833333333332,0.18518518518518517,100.0,26.845080156981776,39.17239862390855
energy_starved,value_aware,19,1149.881990481728,2864.1710844587165,40.147112605147946,752.0,79.38829787234043,63.16489361702128,16.22340425531915,16.75531914893617,0.0,0.0,3.856382978723404,31.78191489361702,47.73936170212766,191.18055555555557,11.231666666668994,202.41222222222456,0.17602869155071,31.656018518523013,0.0,1.7000000000013031,0.0,238.66770061208334,575.6104707196517,158.15724903396747,66.66666666666667,22.63888888888889,0.21122685185185186,100.0,25.82864064558759,36.4955418317317
event_surge,bent_pipe,0,111.9051557702192,7459.000206780908,1.5002701792190225,1074.0,7.1694599627560525,7.1694599627560525,0.0,0.0,15.176908752327746,45.99627560521415,31.65735567970205,0.0,7.1694599627560525,0.0,12.05222222222219,12.05222222222219,0.1077003301525236,80.39583333333333,0.0,406.6144444444333,0.0,950.4641970819937,1261.3924796492402,nan,0.0,0.0,0.0,100.00000000000001,86.4248705235896,99.99791424442313
event_surge,bent_pipe,1,162.75266925058116,7296.554160868192,2.2305415085305933,1102.0,9.618874773139746,9.618874773139746,0.0,0.0,12.341197822141561,47.005444646098006,31.03448275862069,0.0,9.618874773139746,0.0,12.155555555555555,12.155555555555555,0.0746872884575572,80.39583333333333,0.0,406.5944444444332,0.0,850.5450547939378,1146.7766814810702,nan,0.0,0.0,0.0,100.0,81.50439147182689,99.99947902459631
event_surge,bent_pipe,2,144.64493497591428,7785.529039114887,1.8578690574424792,1091.0,9.25756186984418,9.25756186984418,0.0,0.0,12.098991750687443,45.554537121906506,33.08890925756187,0.0,9.25756186984418,0.0,12.216111111110916,12.216111111110916,0.08445585124114505,64.52083333333363,0.0,387.7172222222122,0.0,853.7384355234786,1121.7738577114121,nan,0.0,0.0,0.0,100.0,81.76374139673933,99.99448678086686
event_surge,bent_pipe,3,131.1820923776884,7583.942370429077,1.7297348261662293,1127.0,7.897071872227151,7.897071872227151,0.0,0.0,15.794143744454303,46.93877551020408,29.370008873114465,0.0,7.897071872227151,0.0,12.266666666666342,12.266666666666342,0.09350869805727136,78.39583333333336,0.0,402.9833333333225,0.0,873.9412105660602,1136.5068228429088,nan,0.0,0.0,0.0,100.0,83.14511601509697,99.99897232486497
event_surge,bent_pipe,4,137.45521911663474,7669.33349110833,1.792270726993389,1104.0,8.423913043478262,8.423913043478262,0.0,0.0,16.666666666666668,43.84057971014493,31.068840579710145,0.0,8.423913043478262,0.0,12.167222222222415,12.167222222222415,0.08851771726396343,80.39583333333333,0.0,406.49944444443304,0.0,839.0893084207172,1167.449043714407,nan,0.0,0.0,0.0,100.0,82.1895505146775,99.99843539345035
event_surge,bent_pipe,5,168.2357507868209,7434.441997224761,2.26292371168707,1113.0,9.344115004492362,9.344115004492362,0.0,0.0,16.9811320754717,44.65408805031446,29.02066486972147,0.0,9.344115004492362,0.0,12.181666666666084,12.181666666666084,0.07240831160852383,72.64583333333321,0.0,393.98499999998984,0.0,877.4653609792042,1147.3729456648116,nan,0.0,0.0,0.0,100.0,84.5518679888371,99.99869937603967
event_surge,bent_pipe,6,142.15593669956803,7865.816404731675,1.8072623283459075,1036.0,9.266409266409266,9.266409266409266,0.0,0.0,15.250965250965251,43.82239382239382,31.66023166023166,0.0,9.266409266409266,0.0,11.210555555555684,11.210555555555684,0.07886097349031608,73.58333333333346,0.0,395.62277777776717,0.0,883.1769199811993,1103.1285338333473,nan,0.0,0.0,0.0,100.0,80.96563871171027,99.99932538096047
event_surge,bent_pipe,7,155.3428607808418,8253.116970240242,1.8822326321193514,1131.0,8.576480990274094,8.576480990274094,0.0,0.0,14.588859416445624,45.09283819628647,31.74182139699381,0.0,8.576480990274094,0.0,11.981111111112275,11.981111111112275,0.07712688597910698,80.39583333333333,0.0,407.01888888887646,0.0,853.7902587829908,1164.1419125144098,nan,0.0,0.0,0.0,100.0,82.65754416789005,99.99837104352073
event_surge,bent_pipe,8,158.57769764296282,7378.7555988626555,2.1491116695531374,1049.0,7.912297426120114,7.912297426120114,0.0,0.0,11.630123927550049,46.80648236415634,33.6510962821735,0.0,7.912297426120114,0.0,11.946666666667442,11.946666666667442,0.07533636094001897,80.39583333333333,0.0,400.45333333332144,0.0,910.7321385105421,1145.0748438841235,nan,0.0,0.0,0.0,100.0,81.9927432494592,99.99689072551205
event_surge,bent_pipe,9,154.61200709542783,7012.7919715579565,2.2047140100903255,1039.0,10.105871029836381,10.105871029836381,0.0,0.0,11.260827718960538,48.21944177093359,30.41385948026949,0.0,10.105871029836381,0.0,11.226111111112147,11.226111111112147,0.07260827488115652,68.77083333333354,0.0,391.9238888888775,0.0,814.4967020705193,1018.838503569617,nan,0.0,0.0,0.0,100.0,76.48453560059922,99.99931784104517
event_surge,bent_pipe,10,143.9083023268379,6508.47213490406,2.211091932852828,1076.0,7.899628252788104,7.899628252788104,0.0,0.0,13.940520446096654,44.05204460966543,34.10780669144982,0.0,7.899628252788104,0.0,12.048888888889147,12.048888888889147,0.08372615543420327,80.23194444444417,0.0,406.61777777776626,0.0,941.6219131809972,1231.4526476112096,nan,0.0,0.0,0.0,100.0,85.28528248918721,99.9997727174998
event_surge,bent_pipe,11,155.21784964530832,6429.712302358273,2.414071459906191,1082.0,9.611829944547136,9.611829944547136,0.0,0.0,9.796672828096119,46.950092421441774,33.64140480591497,0.0,9.611829944547136,0.0,12.157777777776612,12.157777777776612,0.07832718856470834,80.39583333333333,0.0,406.1755555555455,0.0,854.0904064339891,1117.4156753566724,nan,0.0,0.0,0.0,100.0,79.36196773607954,99.99768538026221
event_surge,bent_pipe,12,174.6036797680457,7245.827574293549,2.409713424419558,1071.0,8.683473389355742,8.683473389355742,0.0,0.0,12.044817927170868,47.712418300653596,31.559290382819796,0.0,8.683473389355742,0.0,12.22111111111137,12.22111111111137,0.06999343385744589,65.2083333333336,0.0,387.995555555545,0.0,736.992979493257,1067.9826678503887,nan,0.0,0.0,0.0,100.0,78.80726150929137,99.99991010795735
event_surge,bent_pipe,13,143.6313041772232,7791.826652211822,1.843358567742923,1106.0,8.1374321880651,8.1374321880651,0.0,0.0,16.09403254972875,43.49005424954792,32.278481012658226,0.0,8.1374321880651,0.0,12.267222222222738,12.267222222222738,0.08540772008229146,77.81250000000004,0.0,401.3161111110995,0.0,858.2961647269684,1158.2543976158095,nan,0.0,0.0,0.0,100.0,82.33391057903638,99.99686678207428
event_surge,bent_pipe,14,145.79708593255373,7466.68175552301,1.952635597796966,1056.0,8.712121212121213,8.712121212121213,0.0,0.0,13.541666666666666,47.63257575757576,30.113636363636363,0.0,8.712121212121213,0.0,12.171111111112662,12.171111111112662,0.08347979682353228,80.39583333333333,0.0,406.49555555554275,0.0,897.974375094022,1154.5814566735967,nan,0.0,0.0,0.0,100.0,84.2517668905796,99.99981496347908
event_surge,bent_pipe,15,156.14373310055905,6474.358166668744,2.4117252873716093,1077.0,9.285051067780874,9.285051067780874,0.0,0.0,15.9702878365831,43.91829155060353,30.8263695450325,0.0,9.285051067780874,0.0,12.191666666666666,12.191666666666666,0.07807976935465633,73.31249999999984,0.0,394.0083333333226,0.0,926.0318692281858,1196.294588011268,nan,0.0,0.0,0.0,100.0,84.17935345031165,99.99920367326139
event_surge,bent_pipe,16,154.28469003218333,7285.979763139486,2.117555840776903,1101.0,9.809264305177111,9.809264305177111,0.0,0.0,11.444141689373296,44.323342415985465,34.42325158946412,0.0,9.809264305177111,0.0,11.212222222221964,11.212222222221964,0.07267229314770718,73.12500000000013,0.0,395.33777777776754,0.0,898.0078337143611,1152.0654695567584,nan,0.0,0.0,0.0,100.0,83.1220897730494,99.99735938344946
event_surge,bent_pipe,17,157.48124485912066,6970.739557720513,2.259175566022987,1065.0,9.107981220657276,9.107981220657276,0.0,0.0,13.80281690140845,44.60093896713615,32.48826291079812,0.0,9.107981220657276,0.0,11.985555555555038,11.985555555555038,0.07610782837205192,80.28750000000052,0.0,406.1811111111004,0.0,889.514229585227,1194.7760139067266,nan,0.0,0.0,0.0,100.0,82.93795730992628,99.99663289247523
event_surge,bent_pipe,18,149.81716331745977,7452.581984427675,2.0102719249584355,1079.0,8.341056533827619,8.341056533827619,0.0,0.0,15.477293790546803,46.98795180722892,29.193697868396665,0.0,8.341056533827619,0.0,11.950555555556072,11.950555555556072,0.07976759999275296,80.39583333333333,0.0,401.33277777776607,0.0,984.7083721901754,1212.7936629724625,nan,0.0,0.0,0.0,100.0,85.61014344028189,99.99957844773581
event_surge,bent_pipe,19,127.9781096955611,7554.829958816812,1.693990604596006,1134.0,7.319223985890653,7.319223985890653,0.0,0.0,13.139329805996473,46.4726631393298,33.06878306878307,0.0,7.319223985890653,0.0,11.231666666668994,11.231666666668994,0.08776240478459389,68.31250000000021,0.0,390.8849999999873,0.0,949.9297096939857,1168.973312958053,nan,0.0,0.0,0.0,100.0,84.10064837458427,99.99945840258404
event_surge,priority_rules,0,2383.194076607256,7459.000206780908,31.95058332939469,1074.0,88.26815642458101,55.40037243947859,32.86778398510242,0.0,0.0,10.335195530726256,1.3966480446927374,74.30167597765363,18.528864059590315,271.6666666666667,3.850674754910284,275.517341421577,0.11560843664642151,78.87847222222189,0.0,143.1493252450764,0.0,188.3804164606282,502.4075836873144,140.5542168466406,74.70588235294117,31.25,1.9097222222222223,31.949914994185168,4.503017353839472,13.901613357485592
event_surge,priority_rules,1,2007.7163277314728,7296.554160868192,27.515951824204393,1102.0,85.48094373865699,53.44827586206897,32.03266787658802,0.0,0.0,11.88747731397459,2.6315789473684212,74.13793103448276,18.058076225045372,244.45833333333337,4.242397029363673,248.70073036269704,0.12387244499012719,74.68576388888839,0.0,170.04926963729034,0.0,200.47691856887147,523.0748930739995,156.27087555198904,62.71186440677966,27.95138888888889,2.013888888888889,34.90088963827519,4.2584125277040235,12.73394470349114
event_surge,priority_rules,2,2746.96822359588,7785.529039114887,35.28300016344392,1091.0,87.71769019248396,54.62878093492209,33.08890925756187,0.0,0.0,7.057745187901008,5.224564619615032,75.71035747021081,18.056828597616864,250.44444444444446,3.909995809633606,254.35444025407807,0.09259460596203002,64.2170138888892,0.0,145.83583752368818,0.0,168.76056235814758,462.1504285231837,130.25493834259973,80.21390374331551,28.645833333333332,2.0457175925925926,32.00687824521626,3.4534924438388503,12.762825536857974
event_surge,priority_rules,3,2533.5870195852144,7583.942370429077,33.407255696773866,1127.0,87.93256433007986,54.56965394853594,33.36291038154392,0.0,0.0,11.357586512866016,0.709849157054126,75.86512866015971,17.48003549245785,267.36805555555554,4.611949600473442,271.980005156029,0.10734977841832966,78.37847222222226,0.0,145.2442602881817,0.0,179.5027831790859,483.6657457493594,125.4762762188614,67.22222222222223,30.65972222222222,2.0471643518518516,37.597415221251886,4.323930722036447,12.250392595983328
event_surge,priority_rules,4,2217.57792635355,7669.33349110833,28.91487153250755,1104.0,83.60507246376811,53.17028985507246,30.434782608695652,0.0,0.0,13.496376811594203,2.898550724637681,72.73550724637681,17.57246376811594,250.73611111111114,3.7449585880113783,254.48106969912251,0.11475631438917488,78.91840277777695,0.0,164.1855969675312,0.0,198.86011788568626,516.2391385294792,156.91544567879407,64.44444444444444,28.75,1.9241898148148149,30.779076108033305,3.864025618259706,12.458627195737574
event_surge,priority_rules,5,2260.2101951310074,7434.441997224761,30.40188081331097,1113.0,84.99550763701707,54.17789757412399,30.81761006289308,0.0,0.0,10.78167115902965,4.22282120395328,72.86612758310872,19.31716082659479,279.63194444444446,3.6907448403931618,283.3226892848376,0.1253523631984217,71.10937499999994,0.0,123.03842182626168,0.0,179.40446826329122,469.80898072685716,143.9888503298967,65.11627906976744,32.1875,1.9285300925925926,30.297535972581787,3.8979112221399306,14.315374703856756
event_surge,priority_rules,6,2248.911888268218,7865.816404731675,28.590953215172767,1036.0,82.14285714285714,52.41312741312741,29.72972972972973,0.0,0.0,10.81081081081081,7.046332046332046,75.2895752895753,15.250965250965251,248.25,3.419460058619811,251.66946005861982,0.11190721227073895,73.43576388888901,0.0,160.22915105247924,0.0,196.03928067518606,494.6651857710601,141.55362020375964,66.30434782608695,28.47222222222222,1.8923611111111112,30.502146318031567,4.14177442728605,13.997973425820772
event_surge,priority_rules,7,2812.058583476102,8253.116970240242,34.07268543043859,1131.0,85.05747126436782,52.343059239610966,32.714412024756854,0.0,0.0,12.024756852343058,2.9177718832891246,77.36516357206013,13.351016799292662,283.19444444444446,4.188454932785067,287.38289937722953,0.1021966260112489,77.41145833333304,0.0,136.39495527095698,0.0,200.03928463755938,528.503121369987,122.26674398035573,72.91666666666667,32.5,2.1238425925925926,34.95881887699337,4.597665463682576,15.098237723302105
event_surge,priority_rules,8,2028.1847142104104,7378.7555988626555,27.48681247178088,1049.0,84.27073403241182,54.2421353670162,30.028598665395617,0.0,0.0,9.818875119161106,5.910390848427073,74.45185891325072,18.398474737845568,272.72222222222223,3.5216913367856675,276.2439135590079,0.13620254192012882,69.15277777777753,0.0,140.79314987366865,0.0,208.44658192636288,522.1304250812109,145.72473223978557,65.47619047619048,31.38888888888889,1.8865740740740742,29.47844310925312,4.69747434814623,13.61334128554418
event_surge,priority_rules,9,2237.097359704817,7012.7919715579565,31.900238432537233,1039.0,82.3869104908566,51.299326275264676,31.087584215591914,0.0,0.0,11.838306063522618,5.774783445620789,74.1097208854668,15.495668912415784,244.14583333333337,3.5167331081336957,247.66256644146708,0.11070710238294947,68.61458333333356,0.0,158.31382244740982,0.0,192.64886817526124,467.8870801448993,132.89876365328374,66.875,27.98611111111111,1.8880208333333333,31.32637004325268,3.768883402494801,13.999324831492066
event_surge,priority_rules,10,2158.8288383757967,6508.47213490406,33.16951803170959,1076.0,86.33828996282529,55.111524163568774,31.226765799256505,0.0,0.0,11.895910780669144,1.7657992565055762,72.95539033457248,17.936802973977695,243.64583333333334,3.705795631753486,247.35162896508683,0.11457676707301297,80.03124999999999,0.0,171.31503770156695,0.0,196.5684858473841,514.8228113867956,146.90462757441705,72.72727272727273,27.881944444444443,1.9661458333333333,30.756326711343288,4.050112956819446,11.879159476557424
event_surge,priority_rules,11,1822.078303184436,6429.712302358273,28.338411075035797,1082.0,84.19593345656192,49.90757855822551,34.288354898336415,0.0,0.0,12.292051756007394,3.512014787430684,74.39926062846581,15.526802218114602,229.37500000000003,3.081370840051263,232.45637084005128,0.12757759665640525,79.90798611111079,0.0,185.87696249326947,0.0,206.5235460140801,498.1876746122146,164.28590391079507,66.88741721854305,26.145833333333332,2.03125,25.344852458841178,3.6657016849157484,11.629212906803994
event_surge,priority_rules,12,2274.9707228232664,7245.827574293549,31.396975700806276,1071.0,85.62091503267973,51.82072829131653,33.80018674136321,0.0,0.0,9.243697478991596,5.135387488328665,75.44351073762839,16.80672268907563,246.29861111111114,4.04611387552081,250.34472498663195,0.11004305351057489,64.98263888888918,0.0,150.10110834668984,0.0,167.20999562438362,438.64616882552593,138.43100894185997,70.6896551724138,28.15972222222222,2.032696759259259,33.10757785224704,3.0044900759923796,11.711011622182392
event_surge,priority_rules,13,2684.2619619236534,7791.826652211822,34.449713549026235,1106.0,87.1609403254973,54.249547920434,32.91139240506329,0.0,0.0,11.12115732368897,1.7179023508137432,76.94394213381555,16.184448462929474,261.9652777777778,3.840720353310153,265.80599813108796,0.09902386648604161,77.69965277777781,0.0,150.0952662416874,0.0,182.25598238703031,476.36144136784264,116.58349738208051,68.78306878306879,30.0,2.076099537037037,31.30880230043016,3.843228193959832,17.248829499412597
event_surge,priority_rules,14,1835.3061802886477,7466.68175552301,24.579943814146024,1056.0,82.48106060606061,51.609848484848484,30.87121212121212,0.0,0.0,14.299242424242424,3.2196969696969697,74.0530303030303,16.477272727272727,243.99305555555557,4.03043603677868,248.02349159233424,0.13514011681327545,78.33854166666585,0.0,170.6431750743197,0.0,217.70973062341693,544.818210451341,162.79424453686883,59.42857142857143,27.98611111111111,1.8561921296296295,33.11477481376985,4.5787330736326,13.168065653829004
event_surge,priority_rules,15,2020.3647731046663,6474.358166668744,31.20563801221096,1077.0,86.62952646239555,54.87465181058496,31.754874651810585,0.0,0.0,9.006499535747446,4.36397400185701,73.4447539461467,19.220055710306408,257.6041666666667,3.931717070847634,261.5358837375143,0.1294498336236658,61.07291666666674,0.0,146.20856070691886,0.0,179.9017468108348,467.4628718503398,135.61702756914002,67.6470588235294,29.54861111111111,1.9574652777777777,32.24921725917403,4.296230857216297,15.128707936663616
event_surge,priority_rules,16,1952.697152065314,7285.979763139486,26.800749048799283,1101.0,83.37874659400545,50.95367847411444,32.42506811989101,0.0,0.0,10.354223433242506,6.267029972752043,76.93006357856494,14.895549500454132,233.6388888888889,3.0665773589474634,236.70546624783637,0.12121975289280242,72.90798611111124,0.0,170.22647819659613,0.0,211.36440542512256,512.4392418601109,159.47472782365693,63.9344262295082,26.59722222222222,2.1296296296296298,27.350308423870587,3.7853819094829517,11.45251863374236
event_surge,priority_rules,17,1989.5761488450012,6970.739557720513,28.54182303571256,1065.0,85.63380281690141,51.36150234741784,34.27230046948357,0.0,0.0,12.67605633802817,1.6901408450704225,76.33802816901408,15.39906103286385,254.66666666666669,3.393802437799009,258.0604691044657,0.12970625389446705,79.55699220400939,0.0,160.10619756218802,0.0,213.99105553524907,529.8931100169273,155.79110812786274,66.04938271604938,29.166666666666668,2.013888888888889,28.31577077982053,4.39893714462716,13.572752615316242
event_surge,priority_rules,18,2015.6323131770741,7452.581984427675,27.046093788552476,1079.0,83.13253012048193,50.78776645041705,32.34476367006487,0.0,0.0,13.623725671918443,3.2437442075996294,74.14272474513439,16.496756255792402,268.1180555555556,3.7374578511647236,271.8555134067203,0.13487356380897517,67.04513888888872,0.0,141.55281992660187,0.0,205.78805886153486,506.0381772948539,146.7854333677235,58.959537572254334,30.833333333333332,1.8995949074074074,31.274343973298368,4.588504707366917,13.943943844853017
event_surge,priority_rules,19,2244.7039699104644,7554.829958816812,29.71217065303764,1134.0,82.98059964726632,51.23456790123457,31.746031746031747,0.0,0.0,10.582010582010582,6.4373897707231045,75.13227513227513,16.666666666666668,271.43055555555554,4.163037461504372,275.5935930170599,0.1227750281156462,68.06944444444471,0.0,128.90779587181714,0.0,192.6893779957683,477.7086093173612,143.92747073451133,61.79775280898876,31.11111111111111,2.103587962962963,37.065179951062554,4.060512810782043,13.62308120021668
event_surge,process_all,0,2159.1189325617033,7459.000206780908,28.946492461534834,1074.0,87.43016759776536,54.46927374301676,32.960893854748605,0.0,0.0,11.1731843575419,1.3966480446927374,74.487895716946,17.877094972067038,273.4166666666667,3.561938018423228,276.9786046850899,0.12828316240850451,78.87847222222189,0.0,141.68806198156346,0.0,197.48114052513296,483.3103627292077,161.14877170344914,72.3529411764706,31.458333333333332,1.9097222222222223,29.554201314473257,4.5061780677818355,14.604895434246576
event_surge,process_all,1,1969.1674031393193,7296.554160868192,26.987634981181507,1102.0,85.48094373865699,53.26678765880218,32.21415607985481,0.0,0.0,11.88747731397459,2.6315789473684212,74.50090744101634,17.695099818511796,247.95833333333337,3.5942489751730013,251.55258230850637,0.1277456563151878,74.68576388888839,0.0,167.1974176914809,0.0,202.09999460481146,519.9607390950667,159.08581141974327,62.71186440677966,28.368055555555557,2.013888888888889,29.568775846944256,4.275156332268152,12.73394470349114
event_surge,process_all,2,2708.3539410780895,7785.529039114887,34.787025100942834,1091.0,87.53437213565536,54.445462878093494,33.08890925756187,0.0,0.0,7.241063244729606,5.224564619615032,76.07699358386802,17.598533455545372,253.94444444444446,3.286094716513675,257.23053916095813,0.09497670716500398,64.2170138888892,0.0,142.95973861680807,0.0,168.60824129800767,459.6277616254174,130.49027138350155,79.67914438502673,29.0625,2.0457175925925926,26.89967933841789,3.458948116739494,12.76282553685798
event_surge,process_all,3,2270.8849828121433,7583.942370429077,29.943331210778485,1127.0,87.84383318544809,54.392191659272406,33.451641526175685,0.0,0.0,11.446317657497781,0.709849157054126,76.04259094942324,17.213842058562555,272.0347222222223,3.782564448821085,275.81728667104335,0.12145806095801728,78.37847222222226,0.0,141.03937054504408,0.0,178.04902826823533,472.6572769357757,138.3789959648609,67.22222222222223,31.21527777777778,2.0471643518518516,30.83612322408575,4.199910931448469,11.468004962505274
event_surge,process_all,4,2188.397872674809,7669.33349110833,28.534394484370686,1104.0,83.51449275362319,52.89855072463768,30.615942028985508,0.0,0.0,13.58695652173913,2.898550724637681,72.91666666666667,17.391304347826086,252.48611111111114,3.4003043598197173,255.88641547093087,0.11692865299588737,78.91840277777695,0.0,162.78025119572283,0.0,199.584390356298,515.9713572922703,157.25853396945476,63.888888888888886,28.958333333333332,1.9241898148148149,27.946430974272378,3.801022472978881,12.458627195737586
event_surge,process_all,5,2230.7854314885803,7434.441997224761,30.00609100617533,1113.0,84.90566037735849,54.088050314465406,30.81761006289308,0.0,0.0,10.87151841868823,4.22282120395328,72.86612758310872,19.227313566936207,279.63194444444446,3.6901817524624265,283.3221261969069,0.12700554800012698,71.10937499999994,0.0,123.03898491419243,0.0,179.7812407202434,468.4234838014442,146.07892234909102,65.11627906976744,32.1875,1.9285300925925926,30.292913551478478,3.9000338578876756,13.439315635738888
event_surge,process_all,6,2190.229558201681,7865.816404731675,27.844910756932364,1036.0,82.14285714285714,52.41312741312741,29.72972972972973,0.0,0.0,10.81081081081081,7.046332046332046,75.2895752895753,15.250965250965251,248.25,3.419460058619811,251.66946005861982,0.11490551714828312,73.43576388888901,0.0,160.22915105247924,0.0,197.05284531182613,493.5904853172313,144.89129745505892,66.30434782608695,28.47222222222222,1.8923611111111112,30.50214631803156,4.142334205399303,12.401371526713627
event_surge,process_all,7,2759.179084541067,8253.116970240242,33.43196388092328,1131.0,84.96905393457118,52.254641909814325,32.714412024756854,0.0,0.0,12.1131741821397,2.9177718832891246,77.54199823165341,13.174182139699381,284.94444444444446,3.8912264293746466,288.8356708738191,0.10468174120776977,77.41145833333304,0.0,134.94218377436744,0.0,200.34324917682443,524.7948303234577,123.3966681679853,72.39583333333333,32.708333333333336,2.1238425925925926,32.478009704505624,4.602467185476668,14.214224711182094
event_surge,process_all,8,1997.3684834699502,7378.7555988626555,27.069177948891816,1049.0,84.27073403241182,54.2421353670162,30.028598665395617,0.0,0.0,9.818875119161106,5.910390848427073,74.45185891325072,18.398474737845568,272.72222222222223,3.5216913367856666,276.2439135590079,0.13830393132022398,69.15277777777753,0.0,140.79314987366868,0.0,210.47783139776215,520.551690911116,148.52398583740973,65.47619047619048,31.38888888888889,1.8865740740740742,29.478443109253114,4.700787325315023,12.582726922263019
event_surge,process_all,9,2205.58154541741,7012.7919715579565,31.450833767245193,1039.0,82.29066410009625,51.203079884504334,31.087584215591914,0.0,0.0,11.934552454282965,5.774783445620789,74.1097208854668,15.399422521655438,244.14583333333337,3.5162397320542462,247.66207306538763,0.11228878550419553,68.58854166666688,0.0,158.31431582348927,0.0,192.88217100079567,466.671565578012,135.10525444712195,66.875,27.98611111111111,1.8880208333333333,31.32197514572702,3.7690477170468664,13.999324831492064
event_surge,process_all,10,1894.92851665398,6508.47213490406,29.114798025971925,1076.0,86.33828996282529,55.111524163568774,31.226765799256505,0.0,0.0,11.895910780669144,1.7657992565055762,73.04832713754647,17.843866171003718,244.52083333333334,3.562851121272961,248.0836844546063,0.13091981163103006,80.03124999999999,0.0,170.58298221204745,0.0,206.8708002433085,499.0073483995379,180.40659327581847,72.72727272727273,27.98611111111111,1.9661458333333333,29.569955820228667,4.05076613883322,11.879159476557424
event_surge,process_all,11,1794.939434881437,6429.712302358273,27.916325808591683,1082.0,84.01109057301294,49.72273567467653,34.288354898336415,0.0,0.0,12.384473197781885,3.6044362292051755,74.39926062846581,15.434380776340111,229.37500000000003,3.07923423675672,232.45423423675675,0.1295053357898459,79.90798611111079,0.0,185.87909909656406,0.0,207.2738173770689,495.3000630705644,166.72802749629625,66.88741721854305,26.145833333333332,2.03125,25.327278496447754,3.664634716508971,10.870710027299305
event_surge,process_all,12,2248.0199345124333,7245.827574293549,31.025026630330903,1071.0,85.52754435107376,51.447245564892626,34.08029878618114,0.0,0.0,9.337068160597573,5.135387488328665,75.91036414565826,16.33986928104575,250.67361111111114,3.296412544392042,253.97002365550318,0.11297498734618028,64.95659722222251,0.0,146.47580967781852,0.0,163.35658222725752,416.97384174484023,138.15778184556007,70.11494252873563,28.680555555555557,2.032696759259259,26.973100190497092,3.035793662585156,12.19446810929489
event_surge,process_all,13,2641.7829229595236,7791.826652211822,33.90453921622622,1106.0,86.98010849909583,53.97830018083182,33.00180831826401,0.0,0.0,11.301989150090415,1.7179023508137432,77.124773960217,15.913200723327305,263.7152777777778,3.5740966512446333,267.2893744290225,0.10117764487991499,77.69965277777781,0.0,148.61188994375289,0.0,183.26639943137866,476.5703717984944,116.85160957110602,68.25396825396825,30.208333333333332,2.076099537037037,29.135337947738186,3.930921231126483,17.248829499412597
event_surge,process_all,14,1806.6685780203745,7466.68175552301,24.196405273118874,1056.0,82.38636363636364,51.32575757575758,31.060606060606062,0.0,0.0,14.393939393939394,3.2196969696969697,74.24242424242425,16.193181818181817,245.74305555555557,3.652553622660518,249.3956091782161,0.13804170405813276,78.33854166666585,0.0,169.2710574884378,0.0,218.93799505254015,543.1161072576239,165.6210056839758,59.42857142857143,28.194444444444443,1.8561921296296295,30.010026112781148,4.580543733172731,13.689800776026448
event_surge,process_all,15,1992.4421161446112,6474.358166668744,30.77435731625246,1077.0,86.62952646239555,54.68895078922934,31.9405756731662,0.0,0.0,9.006499535747446,4.36397400185701,73.63045496750232,19.03435468895079,259.3541666666667,3.5780962169228685,262.93226288358954,0.13196481882864694,60.99479166666673,0.0,144.81218156084356,0.0,180.14311722774565,464.94578985486777,138.01353376792264,67.6470588235294,29.756944444444443,1.9574652777777777,29.34870444502695,3.9604290467458823,14.088972530758463
event_surge,process_all,16,1891.895990113802,7285.979763139486,25.966253703930068,1101.0,83.19709355131698,50.77202543142597,32.42506811989101,0.0,0.0,10.44504995458674,6.357856494096276,76.93006357856494,14.895549500454132,233.6388888888889,3.0654700876823737,236.70435897657129,0.12511489014907895,72.90798611111124,0.0,170.22758546786125,0.0,212.26585312293315,509.86666880389413,161.44231059174805,62.84153005464481,26.59722222222222,2.1296296296296298,27.34043285020514,3.78737331951089,11.444077312594537
event_surge,process_all,17,1956.931539396553,6970.739557720513,28.073513910430545,1065.0,85.44600938967136,51.17370892018779,34.27230046948357,0.0,0.0,12.863849765258216,1.6901408450704225,76.33802816901408,15.305164319248826,254.66666666666669,3.3926427418419642,258.0593094085086,0.13186935986942333,79.55844182395572,0.0,160.1073572581451,0.0,214.38139417860992,527.726931088708,156.67541877792257,65.4320987654321,29.166666666666668,2.013888888888889,28.306095000073242,4.398502032201815,13.572752615316242
event_surge,process_all,18,1981.7847938312686,7452.581984427675,26.59192207441997,1079.0,82.94717330861909,50.602409638554214,32.34476367006487,0.0,0.0,13.809082483781278,3.2437442075996294,74.14272474513439,16.404077849860982,268.1180555555556,3.736420346885361,271.854475902441,0.13717658786597137,67.04513888888872,0.0,141.55385743088124,0.0,206.0833247394708,504.31878880746643,147.35585017074087,58.38150289017341,30.833333333333332,1.8995949074074074,31.26566233272911,4.590897555003365,13.943943844853019
event_surge,process_all,19,2198.7163553213663,7554.829958816812,29.103452590026457,1134.0,82.89241622574956,51.05820105820106,31.8342151675485,0.0,0.0,10.670194003527337,6.4373897707231045,75.39682539682539,16.402116402116402,274.05555555555554,3.662512930278645,277.7180684858342,0.12630918390800921,68.01736111111136,0.0,126.78332040304275,0.0,194.02775024802312,475.4609379909659,144.40649654976298,61.235955056179776,31.42361111111111,2.103587962962963,32.608810775585866,4.119350345369071,13.623081200216681
event_surge,value_aware,0,2461.4165925066964,7459.000206780908,32.99928307106153,1074.0,80.63314711359403,56.70391061452514,23.929236499068903,18.528864059590315,0.0,0.0,0.8379888268156425,47.95158286778398,32.68156424581006,215.40972222222223,11.970608314773031,227.38033053699525,0.09237783284195386,77.97007293986665,0.0,191.28633612965854,0.0,200.26532788726837,541.5683878525302,140.56987686623918,74.70588235294117,25.069444444444443,1.0054976851851851,99.32283104356743,24.049241226438024,38.72135142785012
event_surge,value_aware,1,2070.9787340241196,7296.554160868192,28.38296939027587,1102.0,75.95281306715063,54.26497277676951,21.687840290381125,23.049001814882033,0.0,0.0,0.9981851179673321,41.37931034482759,34.57350272232305,185.8402777777778,11.986855159142895,197.8271329369207,0.09552349799001687,78.70486111111079,0.0,220.92286706306635,0.0,219.70682130384503,553.8856913279276,156.28228067818117,62.71186440677966,21.631944444444443,0.8608217592592593,98.61215396004211,25.31359940545402,39.821185389680316
event_surge,value_aware,2,2810.3672988133403,7785.529039114887,36.09731958732559,1091.0,79.74335472043997,55.36205316223648,24.381301558203482,16.773602199816683,0.0,0.0,3.483043079743355,46.654445462878094,33.547204399633365,182.43750000000003,12.216111111110916,194.65361111111093,0.06926269430807218,64.52083333333363,0.0,205.27972222221072,0.0,187.56963201193372,497.6031301992958,128.72111342410722,79.67914438502673,21.145833333333332,1.0026041666666667,100.0,22.438052719003174,40.438343522785196
event_surge,value_aware,3,2563.4924317312366,7583.942370429077,33.80158111072516,1127.0,79.23691215616681,53.59361135758651,25.643300798580302,20.141969831410826,0.0,0.0,0.6211180124223602,46.76131322094055,32.475598935226266,213.79166666666669,12.266666666666342,226.05833333333302,0.08818373346265981,78.39583333333336,0.0,189.19166666665362,0.0,190.69836738853238,508.9079900218738,126.22551163170408,67.22222222222223,24.895833333333332,0.9722222222222222,100.0,24.230221087996476,39.25667445668799
event_surge,value_aware,4,2276.669509574534,7669.33349110833,29.685363300657855,1104.0,72.73550724637681,53.44202898550725,19.293478260869566,25.72463768115942,0.0,0.0,1.539855072463768,38.768115942028984,34.05797101449275,184.49305555555557,12.167222222222415,196.660277777778,0.08638068764514267,80.049305555555,0.0,222.00638888887545,0.0,216.6206364929647,551.5299021798719,155.15587948062122,63.888888888888886,21.52777777777778,0.7624421296296297,100.0,26.019341648984142,39.7027727734067
event_surge,value_aware,5,2327.5488726005306,7434.441997224761,31.307647211040084,1113.0,77.35849056603773,55.25606469002695,22.10242587601078,20.12578616352201,0.0,0.0,2.5157232704402515,42.318059299191376,35.04043126684636,210.29861111111111,11.734221864694105,222.0328329758052,0.09539341389971834,65.56830478639418,0.0,184.13383369084954,0.0,199.63538515893023,506.71069081393733,143.99918307066827,65.11627906976744,24.54861111111111,0.8521412037037037,96.32689997012996,22.780254550908577,40.11404361910184
event_surge,value_aware,6,2282.72484297503,7865.816404731675,29.02082537296267,1036.0,73.16602316602317,53.57142857142857,19.594594594594593,23.93822393822394,0.0,0.0,2.8957528957528957,42.76061776061776,30.79150579150579,186.45833333333334,10.903081631264714,197.36141496459805,0.08645869675093247,73.58333333333346,0.0,212.09691836872292,0.0,214.3278535263057,555.3702892019168,142.31721473114865,66.30434782608695,21.73611111111111,0.8072916666666666,97.25728200741493,23.8268659321391,37.50810634611407
event_surge,value_aware,7,2867.4549656369313,8253.116970240242,34.7439031335268,1131.0,74.53580901856763,54.37665782493369,20.159151193633953,24.049513704686117,0.0,0.0,1.4146772767462423,44.20866489832007,30.41556145004421,221.67361111111111,11.698508314494815,233.37211942560592,0.08138649855788348,76.34978127354935,0.0,185.62788057438078,0.0,222.10636515988767,569.3715727063998,122.29392857172981,72.91666666666667,25.868055555555557,0.9129050925925926,97.64126386946407,26.701810878925368,41.60207936401232
event_surge,value_aware,8,2087.668477302775,7378.7555988626555,28.29296145307433,1049.0,75.5958055290753,55.86272640610105,19.73307912297426,20.972354623450904,0.0,0.0,3.4318398474737846,41.75405147759771,34.795042897998094,202.18055555555557,11.417190898938625,213.5977464544942,0.10231401622275685,77.38055555555472,0.0,198.80225354549282,0.0,225.86537541600873,550.7637635887783,145.73004277684907,65.47619047619048,23.61111111111111,0.8015046296296297,95.56800417637739,25.845774987814192,38.8841406073787
event_surge,value_aware,9,2284.1140783516203,7012.7919715579565,32.570680659220855,1039.0,72.76227141482194,52.26179018286814,20.500481231953803,24.446583253128008,0.0,0.0,2.791145332050048,41.77093358999038,31.087584215591914,179.0,11.226111111112147,190.22611111111215,0.08328222872668115,68.77083333333354,0.0,213.79888888887598,0.0,211.71094922156723,499.7718791232397,132.9089988339531,66.875,20.833333333333332,0.8333333333333334,100.0,23.027704375919612,37.64679271794042
event_surge,value_aware,10,2240.812407604762,6508.47213490406,34.42916188559196,1076.0,77.32342007434944,54.92565055762082,22.397769516728623,21.654275092936803,0.0,0.0,1.0223048327137547,44.51672862453532,32.806691449814124,187.4930555555556,11.969442959451403,199.462498515007,0.08901347468359276,75.31874999999995,0.0,219.20416815164702,0.0,209.9625334628477,562.435903931182,146.91750673412278,72.72727272727273,21.770833333333332,0.9620949074074074,99.34063688220243,22.750709709181343,39.636644440000985
event_surge,value_aware,11,1900.0999770206017,6429.712302358273,29.551866205952763,1082.0,75.13863216266174,51.386321626617374,23.752310536044362,23.290203327171906,0.0,0.0,1.5711645101663585,41.40480591497227,34.011090573012936,166.28472222222223,11.667246206760804,177.95196842898304,0.09365400272674894,76.39236111111083,0.0,240.3813649043379,0.0,230.89719446377833,553.1481042149712,164.2977846602317,66.88741721854305,19.305555555555557,0.8579282407407407,95.96528592657404,23.91863995817473,38.605359184110156
event_surge,value_aware,12,2360.0073493429463,7245.827574293549,32.57057009906893,1071.0,77.59103641456582,52.661064425770306,24.92997198879552,19.981325863678805,0.0,0.0,2.4276377217553686,46.965452847805786,30.62558356676004,176.34722222222223,12.095606424043236,188.44282864626547,0.07984840754785368,65.2083333333336,0.0,211.77383802038986,0.0,184.424527329485,487.97349630169487,136.61747997093065,70.11494252873563,20.381944444444443,1.0706018518518519,98.9730501103617,21.07396261571232,39.45225495276452
event_surge,value_aware,13,2744.0263417440747,7791.826652211822,35.21672727363799,1106.0,79.4755877034358,55.51537070524412,23.960216998191683,19.620253164556964,0.0,0.0,0.9041591320072333,45.56962025316456,33.99638336347197,205.4513888888889,12.267222222222738,217.71861111111164,0.07934275549728577,77.81250000000004,0.0,195.8647222222085,0.0,205.0104041274235,531.1695441981934,114.70596035659254,68.25396825396825,23.92361111111111,0.9360532407407407,100.0,24.53231999289287,41.31097154805086
event_surge,value_aware,14,1896.8235869077632,7466.68175552301,25.403835987849714,1056.0,72.34848484848484,52.746212121212125,19.602272727272727,26.136363636363637,0.0,0.0,1.5151515151515151,40.90909090909091,31.439393939393938,185.10416666666669,12.053489477738221,197.1576561444049,0.10394095555602773,77.5482638888882,0.0,221.50901052224873,0.0,234.84336500424106,568.6626496932464,162.79540657199854,59.42857142857143,21.59722222222222,0.7682291666666666,99.03359987185517,26.671120107841627,39.80945407081528
event_surge,value_aware,15,2078.622313380571,6474.358166668744,32.10545755842986,1077.0,78.36583101207057,56.26740947075209,22.098421541318476,19.127205199628598,0.0,0.0,2.5069637883008355,41.132776230269265,37.2330547818013,191.70833333333334,12.1112025355541,203.81953586888744,0.09805510821126767,73.31249999999984,0.0,202.38046413110015,0.0,202.11716350210298,498.6861432207711,135.62723299818646,67.6470588235294,22.36111111111111,0.8072916666666666,99.34000712689624,23.58629835649988,39.03484162315673
event_surge,value_aware,16,1971.4760136009736,7285.979763139486,27.058488737161632,1101.0,73.2061762034514,52.86103542234333,20.345140781108082,23.43324250681199,0.0,0.0,3.360581289736603,39.963669391462304,33.333333333333336,170.7013888888889,11.122068276457457,181.82345716534638,0.09222707043401412,73.12500000000013,0.0,224.7265428346414,0.0,234.0053066193585,566.7780748460751,160.86056768637926,63.387978142076506,19.86111111111111,0.8058449074074074,99.19593151136597,23.476829869256875,37.09954872125702
event_surge,value_aware,17,2065.656174952392,6970.739557720513,29.633242754917642,1065.0,75.30516431924883,53.14553990610329,22.15962441314554,23.1924882629108,0.0,0.0,1.5023474178403755,41.690140845070424,33.6150234741784,198.05555555555554,11.626460679440864,209.6820162349964,0.10150867253589722,75.04097222222293,0.0,208.48465043165714,0.0,236.5985988177878,577.9859075427805,153.87149261298612,65.4320987654321,23.125,0.7928240740740741,97.00393632610763,25.754394692673518,41.19835473347039
event_surge,value_aware,18,2072.614097306011,7452.581984427675,27.810684963101128,1079.0,71.17701575532901,51.251158480074146,19.925857275254867,27.618164967562556,0.0,0.0,1.2048192771084338,40.12974976830399,31.047265987025025,209.8125,11.711699445792682,221.52419944579268,0.10688154622403195,80.05356537399298,0.0,191.75913388752713,0.0,226.13994071208924,559.1877268234833,146.79076860181868,58.959537572254334,24.54861111111111,0.7508680555555556,98.00129702210921,26.629045765833062,39.615892269511626
event_surge,value_aware,19,2295.4638737369332,7554.829958816812,30.384057434119057,1134.0,72.48677248677248,52.55731922398589,19.929453262786595,24.16225749559083,0.0,0.0,3.3509700176366843,39.94708994708995,32.71604938271605,210.13194444444446,11.079611326232957,221.21155577067742,0.09636899900783578,68.31250000000021,0.0,180.90511089597663,0.0,215.21713563928202,529.1633022933286,143.93293052945998,61.79775280898876,24.54861111111111,0.8174189814814815,98.646190766262,24.64969883022793,37.6673276390761
nominal,bent_pipe,0,135.03870354479585,2781.0729689275527,4.855633241326636,750.0,12.666666666666666,12.666666666666666,0.0,0.0,15.2,36.93333333333333,35.2,0.0,12.666666666666666,0.0,12.05222222222219,12.05222222222219,0.08925013278303694,80.39583333333333,0.0,406.6144444444333,0.0,934.0582235537274,1194.195863893392,nan,0.0,0.0,0.0,100.00000000000001,80.28082988342759,99.99918145879307
nominal,bent_pipe,1,153.18002371122307,3001.6817517051036,5.103140052212705,759.0,12.38471673254282,12.38471673254282,0.0,0.0,16.73254281949934,34.78260869565217,36.100131752305664,0.0,12.38471673254282,0.0,12.155555555555555,12.155555555555555,0.07935470475230741,80.39583333333333,0.0,406.5944444444332,0.0,849.1498446877494,1156.6623551562757,nan,0.0,0.0,0.0,100.0,81.22676367387348,99.99903051025751
nominal,bent_pipe,2,178.6040606243848,2830.6558953221897,6.309635195134017,756.0,14.682539682539682,14.682539682539682,0.0,0.0,14.417989417989418,34.25925925925926,36.64021164021164,0.0,14.682539682539682,0.0,12.216111111110916,12.216111111110916,0.06839772325670769,64.52083333333363,0.0,387.7172222222122,0.0,831.2955885831999,1107.983150437014,nan,0.0,0.0,0.0,100.0,78.619330815683,99.99902310415068
nominal,bent_pipe,3,174.54601298903805,2765.429239114129,6.311715032164472,743.0,15.074024226110364,15.074024226110364,0.0,0.0,13.593539703903096,34.45491251682369,36.87752355316285,0.0,15.074024226110364,0.0,12.266666666666342,12.266666666666342,0.07027755293062307,78.39583333333336,0.0,402.9833333333225,0.0,812.9046666338837,1074.239566499847,nan,0.0,0.0,0.0,100.0,75.75410228970101,99.99961138577126
nominal,bent_pipe,4,133.4153203743842,2872.986538398728,4.643785085353858,760.0,13.947368421052632,13.947368421052632,0.0,0.0,11.973684210526315,35.78947368421053,38.28947368421053,0.0,13.947368421052632,0.0,12.167222222222415,12.167222222222415,0.09119808870584946,80.39583333333333,0.0,406.49944444443304,0.0,871.5824451924068,1153.8771333826821,nan,0.0,0.0,0.0,100.0,81.38969040559452,99.99846072838744
nominal,bent_pipe,5,176.58061348515162,2823.63896570814,6.25365408360084,738.0,13.956639566395664,13.956639566395664,0.0,0.0,13.143631436314363,36.043360433604335,36.856368563685635,0.0,13.956639566395664,0.0,12.181666666666084,12.181666666666084,0.06898643303043242,72.64583333333321,0.0,393.98499999998984,0.0,850.7664738307901,1120.5200557320393,nan,0.0,0.0,0.0,100.0,80.13726271349992,99.99993115153599
nominal,bent_pipe,6,146.09903189597983,3173.0538754351437,4.604366570231784,734.0,12.942779291553133,12.942779291553133,0.0,0.0,15.53133514986376,35.42234332425068,36.10354223433242,0.0,12.942779291553133,0.0,11.210555555555684,11.210555555555684,0.07673257933384131,73.58333333333346,0.0,395.62277777776717,0.0,860.7509914231183,1133.644407281609,nan,0.0,0.0,0.0,100.0,80.13857938362304,99.99931892628656
nominal,bent_pipe,7,132.97854376906565,2799.5507101330863,4.74999589354622,742.0,9.973045822102426,9.973045822102426,0.0,0.0,13.342318059299192,36.52291105121294,40.16172506738545,0.0,9.973045822102426,0.0,11.981111111112275,11.981111111112275,0.090098077265149,80.39583333333333,0.0,407.01888888887646,0.0,924.7708121184767,1212.2224414249515,nan,0.0,0.0,0.0,100.0,82.59425706036292,99.99755787583693
nominal,bent_pipe,8,145.96750434669823,2669.009155986942,5.46897728017432,709.0,12.552891396332862,12.552891396332862,0.0,0.0,18.33568406205924,33.14527503526093,35.966149506346966,0.0,12.552891396332862,0.0,11.946666666667442,11.946666666667442,0.08184470043614658,80.39583333333333,0.0,400.45333333332144,0.0,873.4352391764063,1110.5550863656654,nan,0.0,0.0,0.0,100.0,78.02580528363166,99.99974591591257
nominal,bent_pipe,9,164.48770607989053,2619.62144577906,6.279063959600958,683.0,15.226939970717423,15.226939970717423,0.0,0.0,13.90922401171303,35.87115666178624,34.99267935578331,0.0,15.226939970717423,0.0,11.226111111112147,11.226111111112147,0.06824893713126319,68.77083333333354,0.0,391.9238888888775,0.0,802.5989021418869,1040.9539441411723,nan,0.0,0.0,0.0,100.0,74.0376964678892,99.99592997560755
nominal,bent_pipe,10,121.2911754821851,3049.7191450513924,3.9771260799210792,754.0,11.140583554376658,11.140583554376658,0.0,0.0,20.689655172413794,32.09549071618037,36.07427055702918,0.0,11.140583554376658,0.0,12.048888888889147,12.048888888889147,0.09933854496000703,80.23194444444417,0.0,406.61777777776626,0.0,963.5937581485739,1251.0770101333173,nan,0.0,0.0,0.0,100.0,85.80727389996538,99.99999241719595
nominal,bent_pipe,11,158.26032057050276,2695.5438346040655,5.871183341143802,749.0,15.88785046728972,15.88785046728972,0.0,0.0,11.748998664886516,36.71562082777036,35.647530040053404,0.0,15.88785046728972,0.0,12.157777777776612,12.157777777776612,0.07682138980857486,80.39583333333333,0.0,406.1755555555455,0.0,800.6276531723785,1040.722023603691,nan,0.0,0.0,0.0,100.0,73.65276468788778,99.99915752029544
nominal,bent_pipe,12,138.63149073114744,2720.0840553711027,5.096588484367034,716.0,12.70949720670391,12.70949720670391,0.0,0.0,15.782122905027933,34.21787709497207,37.29050279329609,0.0,12.70949720670391,0.0,12.22111111111137,12.22111111111137,0.08815537542485327,65.2083333333336,0.0,387.995555555545,0.0,874.6702760798994,1165.0187888280416,nan,0.0,0.0,0.0,100.0,82.53229745225521,99.9993603356028
nominal,bent_pipe,13,132.46020663837177,2948.046341488098,4.493152118209555,783.0,11.11111111111111,11.11111111111111,0.0,0.0,18.51851851851852,34.35504469987229,36.015325670498086,0.0,11.11111111111111,0.0,12.267222222222738,12.267222222222738,0.09261062271866564,77.81250000000004,0.0,401.3161111110995,0.0,927.5107267462338,1165.2293463408434,nan,0.0,0.0,0.0,100.0,81.76461756270524,99.99971409581106
nominal,bent_pipe,14,158.19994055600336,2614.4977210630345,6.050873147890161,711.0,13.50210970464135,13.50210970464135,0.0,0.0,17.440225035161745,30.661040787623065,38.39662447257384,0.0,13.50210970464135,0.0,12.171111111112662,12.171111111112662,0.07693499168417224,80.39583333333333,0.0,406.49555555554275,0.0,862.6438661427945,1150.7848185376413,nan,0.0,0.0,0.0,100.0,81.08281850124797,99.99961361235432
nominal,bent_pipe,15,152.04241258836737,2871.5316123264615,5.294819389614361,773.0,13.454075032341526,13.454075032341526,0.0,0.0,16.429495472186286,34.02328589909444,36.09314359637775,0.0,13.454075032341526,0.0,12.191666666666666,12.191666666666666,0.08018595903022023,73.31249999999984,0.0,394.0083333333226,0.0,905.974544879807,1139.9816502895449,nan,0.0,0.0,0.0,100.0,80.74935577006183,99.9990191508167
nominal,bent_pipe,16,151.3380593056081,2606.9633013761813,5.805147284801392,742.0,12.668463611859838,12.668463611859838,0.0,0.0,9.568733153638814,35.309973045822105,42.45283018867924,0.0,12.668463611859838,0.0,11.212222222221964,11.212222222221964,0.07408726049261868,73.12500000000013,0.0,395.33777777776754,0.0,824.509602712252,1094.2990993276221,nan,0.0,0.0,0.0,100.0,77.30299238474956,99.97423972900165
nominal,bent_pipe,17,151.72993604679036,3292.2341112093236,4.6087225550025055,769.0,12.743823146944083,12.743823146944083,0.0,0.0,18.985695708712615,31.85955786736021,36.4109232769831,0.0,12.743823146944083,0.0,11.985555555555038,11.985555555555038,0.07899268837666248,80.28750000000052,0.0,406.1811111111004,0.0,917.9449815237649,1261.2242697572542,nan,0.0,0.0,0.0,100.0,83.14356251150167,99.99961371248311
nominal,bent_pipe,18,146.0527337908856,3068.3884087204506,4.759916748994339,763.0,11.271297509829619,11.271297509829619,0.0,0.0,17.169069462647446,35.77981651376147,35.77981651376147,0.0,11.271297509829619,0.0,11.950555555556072,11.950555555556072,0.08182356636108268,80.39583333333333,0.0,401.33277777776607,0.0,966.4578572011364,1227.8053350023622,nan,0.0,0.0,0.0,100.0,84.49550537502482,99.99984132450706
nominal,bent_pipe,19,106.66616177594884,2864.1710844587165,3.7241546901555664,752.0,10.77127659574468,10.77127659574468,0.0,0.0,21.01063829787234,33.111702127659576,35.1063829787234,0.0,10.77127659574468,0.0,11.231666666668994,11.231666666668994,0.10529737340939475,68.31250000000021,0.0,390.8849999999873,0.0,904.6095765281327,1192.2151111102976,nan,0.0,0.0,0.0,100.0,83.31995949327955,99.99981145828646
nominal,priority_rules,0,1138.8203850133482,2781.0729689275527,40.94895738936703,750.0,87.6,67.33333333333333,20.266666666666666,0.0,0.0,10.266666666666667,2.1333333333333333,62.4,27.466666666666665,230.75694444444446,3.194647375078896,233.95159181952334,0.20543326664878866,80.39583333333333,0.0,184.7150748471297,0.0,209.64877949259312,512.4946631425269,154.76562724265324,70.37037037037037,26.875,1.0431134259259258,26.506708191859634,3.6123459912561064,9.913341480626029
nominal,priority_rules,1,1172.9420044308422,3001.6817517051036,39.07616134736979,759.0,82.6086956521739,61.133069828722,21.47562582345191,0.0,0.0,13.306982872200264,4.084321475625823,63.63636363636363,22.397891963109355,254.66666666666669,3.4995479567584957,258.16621462342516,0.22010143182543593,76.61284722222163,0.0,160.80878537656093,0.0,209.63940145439858,529.7123097263913,154.6406001374138,60.714285714285715,29.756944444444443,0.9809027777777778,28.789699827080867,4.103924808535301,12.908609599219417
nominal,priority_rules,2,1191.8999656100425,2830.6558953221897,42.10684765957321,756.0,82.27513227513228,61.77248677248677,20.502645502645503,0.0,0.0,11.507936507936508,6.216931216931217,61.904761904761905,24.33862433862434,257.19444444444446,3.492346619926413,260.6867910643709,0.2187153272807968,64.29513888888917,0.0,143.72570893561652,0.0,199.59808463124372,497.85550817788436,153.88007249432312,65.0,30.069444444444443,0.9606481481481481,28.588039091671487,3.558765529572632,13.242110811672653
nominal,priority_rules,3,1217.8055354243315,2765.429239114129,44.03676355915151,743.0,85.86810228802153,63.52624495289368,22.34185733512786,0.0,0.0,12.24764468371467,1.8842530282637955,63.52624495289368,24.226110363391655,229.10416666666669,3.263618639643824,232.3677853063105,0.19080861315459893,78.39583333333336,0.0,185.74724640316714,0.0,183.81903366214755,481.8752619617641,106.09243677723117,69.23076923076923,26.666666666666668,1.0633680555555556,26.60558673622753,3.4342987103060785,11.848259776863783
nominal,priority_rules,4,1117.545483140222,2872.986538398728,38.89838912239007,760.0,85.13157894736842,64.47368421052632,20.657894736842106,0.0,0.0,11.973684210526315,2.8947368421052633,64.34210526315789,23.289473684210527,252.83333333333334,3.3110665410409297,256.14439987437424,0.22920266220809826,79.99826388888853,0.0,162.52226679227857,0.0,213.7048652898032,545.5601245628845,153.9055633306426,76.0,29.479166666666668,1.0850694444444444,27.21300293992776,3.778430127702034,13.898996570346577
nominal,priority_rules,5,1219.68355543608,2823.63896570814,43.195449922904565,738.0,85.36585365853658,65.98915989159892,19.37669376693767,0.0,0.0,8.94308943089431,5.691056910569106,60.97560975609756,28.319783197831978,253.74305555555554,3.4784565349946224,257.22151209055016,0.21089200632748087,71.39583333333324,0.0,149.27848790943668,0.0,181.58661153558876,472.5830526140015,109.29122724630864,70.0,29.6875,0.9100115740740741,28.554849103801796,3.4849079801657887,15.771384644136958
nominal,priority_rules,6,1229.7222830757762,3173.0538754351437,38.75516557080631,734.0,81.06267029972751,61.716621253406,19.346049046321525,0.0,0.0,10.762942779291553,8.174386920980927,64.30517711171662,22.3433242506812,265.1388888888889,3.4773686409786286,268.61625752986754,0.2184365211777782,73.47048611111123,0.0,141.1129091367857,0.0,206.838135833148,540.6904150959768,124.01194497052026,69.23076923076923,31.006944444444443,0.9751157407407407,31.018700400225285,3.9032795515580334,15.23788492283569
nominal,priority_rules,7,1165.4485632803787,2799.5507101330863,41.62984292665215,742.0,85.57951482479784,64.01617250673854,21.5633423180593,0.0,0.0,12.264150943396226,2.1563342318059298,64.28571428571429,23.71967654986523,248.09722222222226,3.6236809910527974,251.72090321327505,0.21598628300227876,80.39583333333333,0.0,167.27909678671114,0.0,202.74094561957546,525.0215412455484,148.80962630238568,69.56521739130434,28.92361111111111,1.0706018518518519,30.244949382798858,4.003254468203572,13.753769247167577
nominal,priority_rules,8,1217.8938872336012,2669.009155986942,45.63093702776191,709.0,86.88293370944993,64.59802538787024,22.28490832157969,0.0,0.0,9.732016925246826,3.385049365303244,65.58533145275035,23.83638928067701,237.84722222222226,3.1387574857603893,240.98597970798264,0.19787108075184856,76.57465277777735,0.0,171.47235362533738,0.0,199.74218061228643,497.43560972275003,89.77272110087478,76.0,27.743055555555557,1.0011574074074074,26.27308163303727,3.72871091044921,15.359190790333868
nominal,priority_rules,9,1108.0177665564527,2619.62144577906,42.29686576821158,683.0,82.72327964860908,61.34699853587116,21.37628111273792,0.0,0.0,12.298682284040996,4.978038067349927,64.27525622254758,21.961932650073205,236.90972222222223,3.1156297351600983,240.02535195738233,0.21662590547021993,68.74479166666687,0.0,164.1732591537159,0.0,202.04457088722074,501.449267669804,100.43489917710093,68.18181818181819,27.67361111111111,0.9273726851851852,27.75341972231237,3.3111087566236144,12.042133861030214
nominal,priority_rules,10,1270.1389860729853,3049.7191450513924,41.64773625577845,754.0,87.79840848806366,64.9867374005305,22.811671087533156,0.0,0.0,10.212201591511937,1.9893899204244032,66.9761273209549,22.94429708222812,259.4513888888889,3.8146308060424077,263.26601969493134,0.20727339494467217,79.6336805555552,0.0,155.40064697172147,0.0,217.4255951800881,555.2771825787014,120.66867775143092,71.42857142857143,30.27777777777778,1.0662615740740742,31.659606468444245,4.271582571564438,13.405022588332866
nominal,priority_rules,11,987.3580677052352,2695.5438346040655,36.62927143050015,749.0,83.5781041388518,63.15086782376502,20.427236315086784,0.0,0.0,11.615487316421897,4.806408544726302,60.88117489986649,26.56875834445928,240.13888888888889,3.2151465738360376,243.35403546272494,0.24646989113920484,80.39583333333333,0.0,174.97929787059468,0.0,220.0008873224919,537.2333970433209,205.94275046881498,54.166666666666664,28.020833333333332,0.9924768518518519,26.44518293230407,3.5581786657160643,13.113906579467672
nominal,priority_rules,12,1127.822999114619,2720.0840553711027,41.46279953693377,716.0,85.89385474860335,64.24581005586592,21.64804469273743,0.0,0.0,8.659217877094973,5.446927374301676,62.98882681564246,26.536312849162012,242.86111111111114,3.5132678966810884,246.37437900779224,0.21845128109748146,65.0520833333336,0.0,155.98395432552977,0.0,198.10688520523487,507.8660946229829,140.42870133628074,73.07692307692308,28.368055555555557,0.9519675925925926,28.747532566714355,3.149946413297363,12.883897770801381
nominal,priority_rules,13,1345.8930189784576,2948.046341488098,45.65372667442824,783.0,88.12260536398468,67.94380587484035,20.178799489144318,0.0,0.0,10.600255427841635,1.277139208173691,62.57982120051086,26.81992337164751,272.0138888888889,4.428502254556026,276.4423911434449,0.20539700202417774,73.20763888888798,0.0,139.0996627072189,0.0,196.39387616228896,471.59820283775474,153.86708030305533,71.42857142857143,31.805555555555557,1.009837962962963,36.10028557674251,4.19139187000393,16.29845362815575
nominal,priority_rules,14,1161.7336110665772,2614.4977210630345,44.43429427026715,711.0,85.93530239099859,63.85372714486638,22.081575246132207,0.0,0.0,10.40787623066104,3.6568213783403656,68.07313642756681,20.253164556962027,254.00694444444446,3.6408593582386617,257.64780380268314,0.22177872908931248,80.3854166666663,0.0,161.01886286396964,0.0,221.98146424794905,540.6693796526984,145.40354452604112,93.75,29.618055555555557,1.0865162037037037,29.913943969457534,4.180647797468689,13.425949186031964
nominal,priority_rules,15,1171.1691381135308,2871.5316123264615,40.785521325487736,773.0,84.86416558861578,63.26002587322122,21.604139715394567,0.0,0.0,8.796895213454075,6.338939197930142,62.22509702457956,26.778783958602848,247.7291666666667,3.0999228637660803,250.82908953043278,0.21416982514964283,65.1527777777778,0.0,157.72091046955472,0.0,179.3520071317882,461.02057307916886,129.13838973353927,87.09677419354838,28.88888888888889,1.0546875,25.42657167819068,3.1754613677118924,11.301158118873268
nominal,priority_rules,16,1057.0260816912473,2606.9633013761813,40.546258596477266,742.0,80.86253369272237,59.02964959568733,21.83288409703504,0.0,0.0,11.185983827493262,7.951482479784366,62.53369272237197,22.776280323450134,220.28472222222223,3.2134638499053216,223.49818607212754,0.21144055945576032,73.0121527777779,0.0,186.49625837230434,0.0,197.59901468608308,490.9265664803226,131.59255981107117,74.07407407407408,25.625,1.048900462962963,28.660365324693853,3.2741535836551114,12.671561753461015
nominal,priority_rules,17,1330.2763709039225,3292.2341112093236,40.40649376587855,769.0,85.30559167750324,64.36931079323797,20.93628088426528,0.0,0.0,11.31339401820546,3.3810143042912872,63.97919375812744,23.797139141742523,269.7222222222223,3.515983111813797,273.2382053340361,0.20539957809546808,77.4687499999997,0.0,144.92846133261648,0.0,228.9828899142182,537.5682793447919,132.13132615099937,78.37837837837837,31.52777777777778,1.0185185185185186,29.3351701180361,4.434032389133329,12.322827651523307
nominal,priority_rules,18,1090.8804458004693,3068.3884087204506,35.5522280914683,763.0,83.7483617300131,63.040629095674966,20.70773263433814,0.0,0.0,11.402359108781127,4.849279161205767,62.90956749672346,24.246395806028833,253.37500000000006,3.5237515467630294,256.8987515467631,0.2354967059275274,66.26388888888867,0.0,156.4262484532253,0.0,226.7571819386151,518.0411834976677,188.78926310824627,70.96774193548387,29.583333333333332,1.015625,29.486089833913713,4.254348052179177,12.864754555136368
nominal,priority_rules,19,1113.2374590982006,2864.1710844587165,38.86770120467804,752.0,83.6436170212766,61.037234042553195,22.606382978723403,0.0,0.0,10.372340425531915,5.98404255319149,63.56382978723404,24.20212765957447,255.67361111111114,3.831001224999165,259.5046123361103,0.23310804915451463,68.26909722222243,0.0,142.77872099721026,0.0,209.98548991354295,541.5061876809093,153.09819429265372,66.66666666666667,29.86111111111111,1.0083912037037037,34.108929143775384,3.8599284662583853,11.347603121058258
nominal,process_all,0,1110.4687311264513,2781.0729689275527,39.929507191415915,750.0,87.33333333333333,67.06666666666666,20.266666666666666,0.0,0.0,10.533333333333333,2.1333333333333333,62.4,27.2,230.75694444444446,3.193419747541679,233.95036419198613,0.21067712906663172,80.39583333333333,0.0,184.71630247466692,0.0,214.78834950159333,486.2078373388013,180.9497843558342,70.37037037037037,26.875,1.0431134259259258,26.496522289919046,3.60577943662835,9.913341480626029
nominal,process_all,1,1167.2019317332647,3001.6817517051036,38.88493279043444,759.0,82.74044795783927,61.133069828722,21.607378129117258,0.0,0.0,13.306982872200264,3.952569169960474,63.768115942028984,22.266139657444004,255.54166666666669,3.3739011601988844,258.9155678268656,0.2218258561673066,76.61284722222163,0.0,160.0594321731205,0.0,209.95091218580023,526.4216848970755,156.93175811351696,60.714285714285715,29.86111111111111,0.9809027777777778,27.756042451361946,4.104340959874497,12.908609599219416
nominal,process_all,2,1185.4945625514642,2830.6558953221897,41.880560774291126,756.0,82.27513227513228,61.77248677248677,20.502645502645503,0.0,0.0,11.507936507936508,6.216931216931217,61.904761904761905,24.33862433862434,257.19444444444446,3.492346619926413,260.6867910643709,0.2198970786532427,64.2690972222225,0.0,143.7257089356165,0.0,188.259080333292,464.1770319878214,155.45051659592397,65.0,30.069444444444443,0.9606481481481481,28.588039091671487,3.5579493024989484,12.87536899957854
nominal,process_all,3,1212.7520547262886,2765.429239114129,43.85402589851761,743.0,85.86810228802153,63.52624495289368,22.34185733512786,0.0,0.0,12.24764468371467,1.8842530282637955,63.52624495289368,24.226110363391655,229.10416666666669,3.263618639643824,232.3677853063105,0.19160370365957008,78.39583333333336,0.0,185.74724640316714,0.0,184.0994195420177,478.9347618242755,107.77791961723352,69.23076923076923,26.666666666666668,1.0633680555555556,26.60558673622753,3.4369572278914298,11.848259776863785
nominal,process_all,4,1112.8584367714318,2872.986538398728,38.73524716867237,760.0,85.0,64.34210526315789,20.657894736842106,0.0,0.0,12.105263157894736,2.8947368421052633,64.34210526315789,23.157894736842106,252.83333333333334,3.310608404988228,256.1439417383216,0.23016758760569164,79.99826388888853,0.0,162.5227249283313,0.0,213.69035147829285,541.3972567986075,155.80913551578658,76.0,29.479166666666668,1.0850694444444444,27.2092376100576,3.775802746734417,13.898996570346583
nominal,process_all,5,1212.239964612354,2823.63896570814,42.9318329763287,738.0,85.23035230352303,65.85365853658537,19.37669376693767,0.0,0.0,9.07859078590786,5.691056910569106,60.97560975609756,28.18428184281843,253.74305555555554,3.4778739841162336,257.2209295396718,0.21218647879005129,71.39583333333324,0.0,149.27907046031507,0.0,181.59179086704944,470.06703232624324,111.60962903999253,70.0,29.6875,0.9100115740740741,28.550066910245455,3.4860173838340796,15.771384644136958
nominal,process_all,6,1221.7998307134978,3173.0538754351437,38.50548647069359,734.0,80.79019073569482,61.444141689373296,19.346049046321525,0.0,0.0,11.035422343324251,8.174386920980927,64.30517711171662,22.070844686648503,265.1388888888889,3.4763217056534934,268.6152105945424,0.21985206074032473,73.47048611111123,0.0,141.11395607211085,0.0,206.51998705350005,537.0484360700408,127.37026865827566,69.23076923076923,31.006944444444443,0.9751157407407407,31.009361564875444,3.9043560560313018,14.180437046916369
nominal,process_all,7,1160.4004609652873,2799.5507101330863,41.449524624260995,742.0,85.3099730458221,63.746630727762806,21.5633423180593,0.0,0.0,12.533692722371967,2.1563342318059298,64.42048517520216,23.315363881401616,248.97222222222226,3.4587317454720425,252.4309539676943,0.21753779187377076,80.39583333333333,0.0,166.5690460322919,0.0,202.2991610251139,522.1529883996759,150.89128441761585,69.56521739130434,29.02777777777778,1.0706018518518519,28.86820523902936,4.002335899873623,13.75376924716758
nominal,process_all,8,1208.0327134622335,2669.009155986942,45.26146756568653,709.0,86.60084626234132,64.31593794076164,22.28490832157969,0.0,0.0,10.01410437235543,3.385049365303244,65.58533145275035,23.554301833568406,237.84722222222226,3.1376369849263406,240.9848592071486,0.1994853752896175,76.57465277777735,0.0,171.47347412617148,0.0,200.67034949321405,499.5808145585228,92.43694279313651,76.0,27.743055555555557,1.0011574074074074,26.263702440787974,3.7273819725397135,14.323018685101049
nominal,process_all,9,1101.1016616501556,2619.62144577906,42.032854152432485,683.0,82.57686676427525,61.20058565153734,21.37628111273792,0.0,0.0,12.298682284040996,5.124450951683748,64.27525622254758,21.961932650073205,236.90972222222223,3.1140340558154156,240.02375627803764,0.21798510041146274,68.74479166666687,0.0,164.17485483306058,0.0,202.73405246958356,500.186074090625,102.5214750691534,68.18181818181819,27.67361111111111,0.9273726851851852,27.73920572310206,3.310473957824109,12.220221814551495
nominal,process_all,10,1226.574586930765,3049.7191450513924,40.21926376142074,754.0,87.79840848806366,64.85411140583554,22.94429708222812,0.0,0.0,10.212201591511937,1.9893899204244032,67.10875331564986,22.811671087533156,260.3263888888889,3.622640294480691,263.9490291833696,0.21519199239554146,79.6336805555552,0.0,154.71763748328317,0.0,221.24963096173698,541.6048458788966,151.02130602611876,71.42857142857143,30.381944444444443,1.0662615740740742,30.066177287279153,4.2698592006126574,13.405022588332871
nominal,process_all,11,984.6922521153866,2695.5438346040655,36.53037429680764,749.0,83.31108144192257,62.750333778371164,20.560747663551403,0.0,0.0,11.882510013351135,4.806408544726302,61.01468624833111,26.16822429906542,241.01388888888889,3.0599989349227688,244.07388782381165,0.24786819160958623,80.39583333333333,0.0,174.25944550950788,0.0,220.14775686791944,535.2460527977827,207.55964084609474,54.166666666666664,28.125,0.9924768518518519,25.16906453510104,3.559579880057091,13.113906579467672
nominal,process_all,12,1108.0054931244442,2720.0840553711027,40.73423727243158,716.0,85.89385474860335,64.10614525139665,21.787709497206706,0.0,0.0,8.659217877094973,5.446927374301676,63.40782122905028,26.11731843575419,245.48611111111114,3.0393278048679613,248.5254389159791,0.22429982564000364,65.02604166666693,0.0,153.83289441734286,0.0,193.14386966468953,468.6350917092422,142.03048406171058,73.07692307692308,28.680555555555557,0.9519675925925926,24.869488356951607,3.2532312951320543,12.880824262230636
nominal,process_all,13,1331.958097171561,2948.046341488098,45.181043405824575,783.0,88.12260536398468,67.816091954023,20.306513409961685,0.0,0.0,10.600255427841635,1.277139208173691,62.96296296296296,26.436781609195403,274.6388888888889,3.9824618522193416,278.62135074110824,0.20918176880546477,73.20763888888798,0.0,136.92070310955552,0.0,193.64281895508066,468.6916409332151,155.69626747020848,71.42857142857143,32.11805555555556,1.009837962962963,32.464251320114634,4.216516119991121,17.204780092545224
nominal,process_all,14,1157.472635241136,2614.4977210630345,44.27131934047036,711.0,85.93530239099859,63.71308016877637,22.22222222222222,0.0,0.0,10.40787623066104,3.6568213783403656,68.21378340365682,20.112517580872012,254.88194444444446,3.4671818398131347,258.3491262842576,0.223201066200961,80.3854166666663,0.0,160.31754038239515,0.0,222.49656962205535,536.8655044098584,147.0374808296163,93.75,29.72222222222222,1.0865162037037037,28.48697878246689,4.17888686548475,12.377338511327112
nominal,process_all,15,1148.3646244264621,2871.5316123264615,39.99136277995137,773.0,84.73479948253558,63.13065976714101,21.604139715394567,0.0,0.0,8.926261319534282,6.338939197930142,62.35446313065977,26.64941785252264,248.6041666666667,2.980843864957326,251.58501053162405,0.21908112212815278,65.12673611111113,0.0,156.96498946836348,0.0,180.06046585924037,459.04932188559286,135.79857841812245,83.87096774193549,28.993055555555557,1.0546875,24.449847149342393,3.1760028655607395,11.301158118873268
nominal,process_all,16,1049.0218914559487,2606.9633013761813,40.23922741460088,742.0,80.45822102425876,58.35579514824798,22.10242587601078,0.0,0.0,11.455525606469003,8.086253369272237,62.80323450134771,22.237196765498652,222.03472222222223,2.8384246239689537,224.8731468461912,0.2143645892213816,73.0121527777779,0.0,185.1212975982407,0.0,198.2225232941374,489.88829494214076,133.57531677955336,74.07407407407408,25.833333333333332,1.048900462962963,25.315451011516377,3.2767602097362443,11.899189982950938
nominal,process_all,17,1316.6487436001453,3292.2341112093236,39.992561255508825,769.0,85.17555266579974,64.23927178153446,20.93628088426528,0.0,0.0,11.443433029908972,3.3810143042912872,63.97919375812744,23.66710013003901,269.7222222222223,3.515319828827079,273.2375420510494,0.20752500876120475,77.4687499999997,0.0,144.92912461560323,0.0,229.16235637794614,534.8294671278877,135.08407074117434,78.37837837837837,31.52777777777778,1.0185185185185186,29.329636098493634,4.434580675082795,12.322827651523301
nominal,process_all,18,1086.5756891864964,3068.3884087204506,35.411934359366505,763.0,83.35517693315859,62.51638269986894,20.838794233289647,0.0,0.0,11.795543905635649,4.849279161205767,63.040629095674966,23.722149410222805,254.25000000000006,3.382977134754485,257.6329771347545,0.23710541262674542,66.26388888888867,0.0,155.69202286523387,0.0,226.77039056582103,515.1922407518045,191.2752025208607,70.96774193548387,29.6875,1.015625,28.3081160455479,4.253181794094063,12.864754555136368
nominal,process_all,19,1095.1537930028271,2864.1710844587165,38.23632599830516,752.0,83.6436170212766,60.90425531914894,22.73936170212766,0.0,0.0,10.372340425531915,5.98404255319149,63.829787234042556,23.93617021276596,258.88194444444446,3.299914324297558,262.181858768742,0.23940186341304595,68.26909722222243,0.0,140.1014745645785,0.0,210.9288115803991,539.1508413308883,160.13763934256193,66.66666666666667,30.243055555555557,1.0083912037037037,29.38045102505007,3.8814441646912243,11.347603121058256
nominal,value_aware,0,1224.8540362086069,2781.0729689275527,44.042499060387456,750.0,81.73333333333333,67.06666666666666,14.666666666666666,16.8,0.0,0.0,1.4666666666666666,33.333333333333336,48.4,169.23611111111114,11.91483844412747,181.1509495552386,0.14789594857846922,80.11527777777738,0.0,237.51571711141446,0.0,222.5862506975361,550.6008144801245,154.7937024741616,70.37037037037037,19.96527777777778,0.31828703703703703,98.86009587641516,21.116316485227323,37.469177286402775
nominal,value_aware,1,1253.0055331952449,3001.6817517051036,41.743450400212346,759.0,78.65612648221344,63.37285902503294,15.2832674571805,18.840579710144926,0.0,0.0,2.503293807641634,32.015810276679844,47.430830039525695,189.5763888888889,12.07939107141216,201.65577996030106,0.16093766118180325,80.39583333333333,0.0,217.31922003968498,0.0,238.06239309533404,566.3715616673705,143.07164702919235,57.142857142857146,22.46527777777778,0.1808449074074074,99.37341832057537,24.511758329304957,40.33428640104302
nominal,value_aware,2,1273.5193411111857,2830.6558953221897,44.9902562588319,756.0,76.71957671957672,62.83068783068783,13.88888888888889,19.312169312169313,0.0,0.0,3.9682539682539684,30.82010582010582,46.03174603174603,183.47916666666669,12.078438321257222,195.5576049879239,0.15355683944092574,64.52083333333363,0.0,204.37572834539685,0.0,212.08053524061884,547.3526619340637,153.88203476958947,65.0,21.73611111111111,0.18663194444444445,98.8730227762215,20.82718042240647,41.33215896275069
nominal,value_aware,3,1293.1412896241004,2765.429239114129,46.76096105927998,743.0,81.42664872139973,66.62180349932706,14.804845222072679,17.227456258411845,0.0,0.0,1.3458950201884252,30.013458950201883,51.41318977119785,167.87500000000003,12.266666666666342,180.14166666666637,0.13930547892336748,78.39583333333336,0.0,235.1083333333202,0.0,213.81596869052584,516.2933934693161,106.0931176325247,69.23076923076923,19.86111111111111,0.2170138888888889,100.0,23.49497657726069,38.32607537003765
nominal,value_aware,4,1190.5932363966565,2872.986538398728,41.44096119086722,760.0,80.92105263157895,67.89473684210526,13.026315789473685,16.710526315789473,0.0,0.0,2.3684210526315788,29.473684210526315,51.578947368421055,191.5763888888889,12.068014736804791,203.6444036256937,0.17104448219614093,75.57262046788267,0.0,215.0222630409594,0.0,241.79232174620572,589.4374464788287,153.90674551843014,76.0,22.708333333333332,0.17216435185185186,99.18463324162494,25.82282784291111,40.04302977573729
nominal,value_aware,5,1292.7323083658318,2823.63896570814,45.782492877648316,738.0,80.21680216802169,67.20867208672087,13.008130081300813,15.718157181571815,0.0,0.0,4.065040650406504,30.08130081300813,50.5420054200542,182.54166666666669,12.151516652723206,194.6931833193899,0.1506059545811966,72.64583333333321,0.0,211.47348334726402,0.0,203.10987503112756,509.88874937955813,109.29251000799518,70.0,21.631944444444443,0.1736111111111111,99.75249680714559,20.720218891851783,40.201986114071374
nominal,value_aware,6,1301.050501618992,3173.0538754351437,41.00310151338258,734.0,75.34059945504087,62.67029972752044,12.670299727520437,19.482288828337875,0.0,0.0,5.177111716621253,30.381471389645778,45.23160762942779,196.72222222222223,11.210555555555684,207.93277777777791,0.1598191442369316,73.58333333333346,0.0,199.77555555554198,0.0,229.48298934012513,586.9204157512629,124.0116786375889,69.23076923076923,23.333333333333332,0.15046296296296297,100.0,23.45099026916609,38.35184129068326
nominal,value_aware,7,1237.7267982591584,2799.5507101330863,44.211622735718144,742.0,80.05390835579514,65.76819407008087,14.285714285714286,18.059299191374663,0.0,0.0,1.8867924528301887,29.919137466307276,50.13477088948787,191.58333333333334,11.69067686189982,203.27401019523316,0.16423172745482653,80.2166666666659,0.0,215.72598980475303,0.0,226.8451383153378,558.8886826185626,148.8416807926298,69.56521739130434,22.708333333333332,0.1736111111111111,97.57589887516292,26.83773342241044,40.41527274544285
nominal,value_aware,8,1286.042494169305,2669.009155986942,48.1842668574044,709.0,80.81805359661494,66.29055007052186,14.527503526093088,16.784203102961918,0.0,0.0,2.397743300423131,30.465444287729195,50.352609308885754,172.36111111111111,11.752541102766486,184.1136522138776,0.14316296160400388,77.10416666666481,0.0,228.28634778610916,0.0,226.93685379013522,551.7086089692543,89.7992495798297,76.0,20.416666666666668,0.17939814814814814,98.37506503431129,23.261787074472608,41.96275858987279
nominal,value_aware,9,1175.9125327382387,2619.62144577906,44.88864353408624,683.0,77.15959004392387,63.543191800878475,13.616398243045388,18.887262079062957,0.0,0.0,3.953147877013177,29.86822840409956,47.2913616398243,173.11111111111114,11.094272475397089,184.20538358650822,0.15664888200278484,68.77083333333354,0.0,218.9446164134789,0.0,231.4757284992126,537.3442630512175,100.43526171608383,68.18181818181819,20.520833333333332,0.15335648148148148,98.8256072435934,21.3713908697064,41.22639985807804
nominal,value_aware,10,1351.006488968829,3049.7191450513924,44.29937396566602,754.0,81.6976127320955,64.72148541114058,16.97612732095491,16.97612732095491,0.0,0.0,1.3262599469496021,39.389920424403186,42.30769230769231,202.5277777777778,12.048888888889147,214.57666666666694,0.15882726575980033,77.78472222222187,0.0,204.08999999998616,0.0,229.44978234718644,583.9425386047299,120.66935141636773,71.42857142857143,23.88888888888889,0.38773148148148145,100.0,22.88496204393971,42.06795786431434
nominal,value_aware,11,1063.914265877102,2695.5438346040655,39.469373572007775,749.0,79.4392523364486,65.02002670226969,14.419225634178906,17.890520694259013,0.0,0.0,2.67022696929239,28.17089452603471,51.93591455273698,181.87500000000003,11.77767794481018,193.6526779448102,0.18201906314806382,80.11111111111072,0.0,224.68065538850942,0.0,244.1588635828904,577.2823902189004,205.98687682140823,54.166666666666664,21.5625,0.15625,96.87360766158085,23.601715848644016,39.71581556456686
nominal,value_aware,12,1202.695086929771,2720.0840553711027,44.21536476253071,716.0,78.49162011173185,62.849162011173185,15.64245810055866,18.435754189944134,0.0,0.0,3.0726256983240225,30.726256983240223,47.76536312849162,175.86111111111111,11.950541592655643,187.81165270376675,0.15615899220409277,65.2083333333336,0.0,212.40501396288755,0.0,211.5447686535843,528.2796063110477,140.42968201165743,73.07692307692308,20.833333333333332,0.17939814814814814,97.78604812610102,21.353683009183303,38.41255273460331
nominal,value_aware,13,1402.9753881331294,2948.046341488098,47.59000455280983,783.0,81.99233716475096,67.17752234993614,14.814814814814815,16.85823754789272,0.0,0.0,1.1494252873563218,33.205619412515965,48.78671775223499,215.41666666666669,12.267222222222738,227.6838888888894,0.16228644551766314,73.31180555555466,0.0,185.89944444443023,0.0,210.22787812483168,524.3309132628681,153.90169347787273,71.42857142857143,25.520833333333332,0.2170138888888889,100.0,23.737222975313784,37.52293017526277
nominal,value_aware,14,1240.2738502797783,2614.4977210630345,47.43832210247606,711.0,80.59071729957806,66.66666666666667,13.924050632911392,17.018284106891702,0.0,0.0,2.390998593530239,32.63009845288326,48.38255977496484,192.30555555555557,12.171111111112662,204.47666666666822,0.164864127886388,76.89583333333302,0.0,214.1899999999847,0.0,251.15170326092166,571.3954644610378,145.40599582193127,93.75,22.77777777777778,0.2025462962962963,100.0,26.688978190619096,39.48507153799654
nominal,value_aware,15,1238.1123485652993,2871.5316123264615,43.11679325592392,773.0,79.94825355756792,65.32988357050453,14.618369987063389,15.394566623544632,0.0,0.0,4.657179818887451,28.460543337645536,51.48771021992238,175.5763888888889,12.191666666666666,187.76805555555558,0.1516567182074693,73.31249999999984,0.0,218.4319444444316,0.0,203.6466949651919,503.7076618043205,130.2708403600365,87.09677419354838,20.79861111111111,0.1808449074074074,100.0,22.760533434487872,38.20847298652103
nominal,value_aware,16,1105.907777603197,2606.9633013761813,42.42130209579103,742.0,74.93261455525607,61.59029649595687,13.342318059299192,20.754716981132077,0.0,0.0,4.3126684636118595,27.088948787061994,48.113207547169814,154.52777777777777,11.212222222221964,165.73999999999972,0.14986783107647852,73.12500000000013,0.0,242.55999999998784,0.0,227.36512162014208,546.4392228898381,131.6686456882562,74.07407407407408,18.29861111111111,0.1707175925925926,100.0,23.62934979761017,37.6517438411175
nominal,value_aware,17,1392.0491624182043,3292.2341112093236,42.28281207823548,769.0,81.66449934980494,66.84005201560468,14.82444733420026,15.864759427828348,0.0,0.0,2.4707412223667102,33.02990897269181,48.634590377113135,205.79166666666669,11.985555555555038,217.77722222222172,0.156443628645923,78.13125000000059,0.0,200.3894444444309,0.0,254.72145983261623,575.7356523641951,132.16805449139545,78.37837837837837,24.375,0.2170138888888889,100.0,26.704254043767502,39.58824663571338
nominal,value_aware,18,1165.6182400743546,3068.3884087204506,37.987962565678885,763.0,76.53997378768021,63.564875491481,12.975098296199214,20.57667103538663,0.0,0.0,2.8833551769331587,30.275229357798164,46.26474442988204,189.0138888888889,11.950555555556072,200.96444444444498,0.17241017473407544,80.0763888888885,0.0,212.31888888887457,0.0,250.181138152143,555.3512629075863,188.81295170594615,70.96774193548387,22.395833333333332,0.18518518518518517,100.0,26.845080156981776,39.17239862390855
nominal,value_aware,19,1149.881990481728,2864.1710844587165,40.147112605147946,752.0,79.38829787234043,63.16489361702128,16.22340425531915,16.75531914893617,0.0,0.0,3.856382978723404,31.78191489361702,47.73936170212766,191.18055555555557,11.231666666668994,202.41222222222456,0.17602869155071,68.31250000000021,0.0,199.7044444444291,0.0,238.66770061208334,575.6104707196517,158.15724903396747,66.66666666666667,22.63888888888889,0.21122685185185186,100.0,25.764174560547236,36.4955418317317
storage_tight,bent_pipe,0,324.9697149249973,2781.0729689275527,11.68504812911519,750.0,38.266666666666666,38.266666666666666,0.0,0.0,40.93333333333333,14.133333333333333,6.666666666666667,0.0,38.266666666666666,0.0,12.05222222222219,12.05222222222219,0.037087216650338733,80.39583333333333,0.0,406.6144444444333,0.0,360.54197149082285,673.431772136123,162.7065433160809,11.11111111111111,0.0,0.0,100.00000000000001,89.12493501694745,99.9986554072212
storage_tight,bent_pipe,1,339.9449637487461,3001.6817517051036,11.325150094797376,759.0,33.06982872200263,33.06982872200263,0.0,0.0,44.79578392621871,13.70223978919631,8.432147562582346,0.0,33.06982872200263,0.0,12.155555555555555,12.155555555555555,0.035757422088299406,80.39583333333333,0.0,406.5944444444332,0.0,369.7969402034769,689.9305241419145,244.9193343548203,14.285714285714286,0.0,0.0,100.0,89.46419187796263,99.9990386169644
storage_tight,bent_pipe,2,314.2688809449839,2830.6558953221897,11.10233431991257,756.0,30.423280423280424,30.423280423280424,0.0,0.0,47.75132275132275,12.433862433862434,9.39153439153439,0.0,30.423280423280424,0.0,12.216111111110916,12.216111111110916,0.038871526427872685,64.52083333333363,0.0,387.7172222222122,0.0,358.9349625309135,642.2489533738523,214.61456934320654,25.0,0.0,0.0,100.0,87.59861188650098,99.9993506339768
storage_tight,bent_pipe,3,299.1615590512028,2765.429239114129,10.817906848595971,743.0,29.609690444145357,29.609690444145357,0.0,0.0,51.68236877523553,11.17092866756393,7.537012113055182,0.0,29.609690444145357,0.0,12.266666666666342,12.266666666666342,0.0410034855600109,78.39583333333336,0.0,402.9833333333225,0.0,338.40807438145475,660.5844399178333,185.02354801856083,26.923076923076923,0.0,0.0,100.0,89.0504656556888,99.99883502752628
storage_tight,bent_pipe,4,305.12653080985814,2872.986538398728,10.620534650326686,760.0,34.078947368421055,34.078947368421055,0.0,0.0,44.73684210526316,12.105263157894736,9.078947368421053,0.0,34.078947368421055,0.0,12.167222222222415,12.167222222222415,0.03987598911811609,80.39583333333333,0.0,406.49944444443304,0.0,358.15917580452816,656.6073683887357,229.8720816366948,24.0,0.0,0.0,100.0,88.76670645974652,99.99920118614267
storage_tight,bent_pipe,5,350.1345677864131,2823.63896570814,12.400118146783079,738.0,35.230352303523034,35.230352303523034,0.0,0.0,41.46341463414634,15.311653116531165,7.994579945799458,0.0,35.230352303523034,0.0,12.181666666666084,12.181666666666084,0.03479138533415835,72.64583333333321,0.0,393.98499999998984,0.0,322.7832467700641,645.4362130581715,179.6143415871873,40.0,0.0,0.0,100.0,87.88473854861984,99.99988345691108
storage_tight,bent_pipe,6,325.33159424475025,3173.0538754351437,10.25294895757593,734.0,28.337874659400544,28.337874659400544,0.0,0.0,51.08991825613079,11.852861035422343,8.719346049046322,0.0,28.337874659400544,0.0,11.210555555555684,11.210555555555684,0.03445885906525841,73.58333333333346,0.0,395.62277777776717,0.0,382.05498239026235,674.93776558139,267.124685256242,26.923076923076923,0.0,0.0,100.0,89.51292693496131,99.99872624075218
storage_tight,bent_pipe,7,327.22048441245295,2799.5507101330863,11.688321387716437,742.0,30.45822102425876,30.45822102425876,0.0,0.0,50.539083557951486,11.994609164420485,7.008086253369272,0.0,30.45822102425876,0.0,11.981111111112275,11.981111111112275,0.03661479547231033,80.39583333333333,0.0,407.01888888887646,0.0,353.2142659590692,702.5909135550132,174.65479178958165,13.043478260869565,0.0,0.0,100.0,89.98350238178222,99.99921124817078
storage_tight,bent_pipe,8,342.6221847254698,2669.009155986942,12.837055427738896,709.0,36.81241184767278,36.81241184767278,0.0,0.0,41.18476727785614,12.693935119887165,9.30888575458392,0.0,36.81241184767278,0.0,11.946666666667442,11.946666666667442,0.03486833952751733,80.39583333333333,0.0,400.45333333332144,0.0,317.9399941054338,631.1715900118119,183.0143009171026,28.0,0.0,0.0,100.0,83.43113128469223,99.99680146295034
storage_tight,bent_pipe,9,303.1059853684187,2619.62144577906,11.570602533309035,683.0,36.603221083455345,36.603221083455345,0.0,0.0,35.87115666178624,17.27672035139092,10.248901903367496,0.0,36.603221083455345,0.0,11.226111111112147,11.226111111112147,0.037036916633193674,68.77083333333354,0.0,391.9238888888775,0.0,365.1396728076918,634.2708749007878,184.31154137059033,27.272727272727273,0.0,0.0,100.0,84.83358291073806,99.99995574987892
storage_tight,bent_pipe,10,306.3678384059527,3049.7191450513924,10.045772211617535,754.0,28.647214854111407,28.647214854111407,0.0,0.0,55.172413793103445,9.814323607427056,6.36604774535809,0.0,28.647214854111407,0.0,12.048888888889147,12.048888888889147,0.03932817802149248,80.23194444444417,0.0,406.61777777776626,0.0,350.1471743637199,699.0625958161397,188.1328933634978,32.142857142857146,0.0,0.0,100.0,89.8889129780545,99.99997046835149
storage_tight,bent_pipe,11,293.9714235578432,2695.5438346040655,10.905829828622435,749.0,31.108144192256344,31.108144192256344,0.0,0.0,45.66088117489986,14.152202937249665,9.078771695594126,0.0,31.108144192256344,0.0,12.157777777776612,12.157777777776612,0.041357005489291686,80.39583333333333,0.0,406.1755555555455,0.0,371.3146194076399,698.8221995914967,177.522838347406,12.5,0.0,0.0,100.0,88.30521544229909,99.99881577092982
storage_tight,bent_pipe,12,298.20126308254106,2720.0840553711027,10.962942946329548,716.0,32.82122905027933,32.82122905027933,0.0,0.0,47.3463687150838,10.614525139664805,9.217877094972067,0.0,32.82122905027933,0.0,12.22111111111137,12.22111111111137,0.040982761054665987,65.2083333333336,0.0,387.995555555545,0.0,331.03371317939525,648.3514779884496,211.47642680115516,26.923076923076923,0.0,0.0,100.0,88.19438863429286,99.99862290127781
storage_tight,bent_pipe,13,349.0407298117904,2948.046341488098,11.83973009174624,783.0,34.993614303959134,34.993614303959134,0.0,0.0,45.08301404853129,13.026819923371647,6.896551724137931,0.0,34.993614303959134,0.0,12.267222222222738,12.267222222222738,0.03514553223870883,77.81250000000004,0.0,401.3161111110995,0.0,327.39430067463434,671.8931615398891,163.35646691681572,19.047619047619047,0.0,0.0,100.0,88.29876621413561,99.99912627552227
storage_tight,bent_pipe,14,320.47437593371114,2614.4977210630345,12.257588650848344,711.0,32.77074542897328,32.77074542897328,0.0,0.0,46.835443037974684,12.939521800281295,7.454289732770746,0.0,32.77074542897328,0.0,12.171111111112662,12.171111111112662,0.0379784220677606,80.39583333333333,0.0,406.49555555554275,0.0,372.77251211754634,684.2855238924519,nan,0.0,0.0,0.0,100.0,88.99870580251986,99.9987684305849
storage_tight,bent_pipe,15,333.1430080219354,2871.5316123264615,11.601578982863055,773.0,33.247089262613194,33.247089262613194,0.0,0.0,41.26778783958603,14.489003880983182,10.996119016817595,0.0,33.247089262613194,0.0,12.191666666666666,12.191666666666666,0.03659589537554971,73.31249999999984,0.0,394.0083333333226,0.0,331.0327027152296,639.8958002112892,210.26017895258377,25.806451612903224,0.0,0.0,100.0,86.51770993548006,99.99800798310281
storage_tight,bent_pipe,16,299.5333890291135,2606.9633013761813,11.489743214681765,742.0,36.92722371967655,36.92722371967655,0.0,0.0,32.74932614555256,18.059299191374663,12.264150943396226,0.0,36.92722371967655,0.0,11.212222222221964,11.212222222221964,0.03743229513933146,73.12500000000013,0.0,395.33777777776754,0.0,343.4981852035326,667.8713759885841,209.15098485817984,18.51851851851852,0.0,0.0,100.0,86.01241355548262,99.9997111820496
storage_tight,bent_pipe,17,289.7091863138346,3292.2341112093236,8.79977475864913,769.0,28.088426527958386,28.088426527958386,0.0,0.0,55.2665799739922,9.622886866059819,7.022106631989597,0.0,28.088426527958386,0.0,11.985555555555038,11.985555555555038,0.04137098898400615,80.28750000000052,0.0,406.1811111111004,0.0,388.4505476078297,696.6148142899265,228.96347282856937,18.91891891891892,0.0,0.0,100.0,87.99275631364351,99.99823361735099
storage_tight,bent_pipe,18,277.8375993048739,3068.3884087204506,9.0548379897164,763.0,24.90170380078637,24.90170380078637,0.0,0.0,58.58453473132372,9.043250327653997,7.470511140235911,0.0,24.90170380078637,0.0,11.950555555556072,11.950555555556072,0.04301273688462378,80.39583333333333,0.0,401.33277777776607,0.0,388.1387192163227,695.7014288560315,204.83693330871188,6.451612903225806,0.0,0.0,100.0,88.89517109559989,99.99948042202784
storage_tight,bent_pipe,19,284.3568140905496,2864.1710844587165,9.92806664495353,752.0,30.98404255319149,30.98404255319149,0.0,0.0,47.87234042553192,12.5,8.643617021276595,0.0,30.98404255319149,0.0,11.231666666668994,11.231666666668994,0.039498496642645674,68.31250000000021,0.0,390.8849999999873,0.0,371.4950160707764,689.8284260671104,182.0651717408802,18.51851851851852,0.0,0.0,100.0,91.56125358962267,99.99929687064142
storage_tight,priority_rules,0,1138.8203850133482,2781.0729689275527,40.94895738936703,750.0,87.6,67.33333333333333,20.266666666666666,0.0,0.0,10.266666666666667,2.1333333333333333,62.4,27.466666666666665,230.75694444444446,3.194647375078896,233.95159181952334,0.20543326664878866,80.39583333333333,0.0,184.7150748471297,0.0,209.64877949259312,512.4946631425269,154.76562724265324,70.37037037037037,26.875,1.0431134259259258,26.506708191859634,14.449383965024426,39.653365922504115
storage_tight,priority_rules,1,1172.9420044308422,3001.6817517051036,39.07616134736979,759.0,82.6086956521739,61.133069828722,21.47562582345191,0.0,0.0,13.306982872200264,4.084321475625823,63.63636363636363,22.397891963109355,254.66666666666669,3.4995479567584957,258.16621462342516,0.22010143182543593,76.61284722222163,0.0,160.80878537656093,0.0,209.63940145439858,529.7123097263913,154.6406001374138,60.714285714285715,29.756944444444443,0.9809027777777778,28.789699827080867,16.415699234141204,51.63443839687767
storage_tight,priority_rules,2,1191.8999656100425,2830.6558953221897,42.10684765957321,756.0,82.27513227513228,61.77248677248677,20.502645502645503,0.0,0.0,11.507936507936508,6.216931216931217,61.904761904761905,24.33862433862434,257.19444444444446,3.492346619926413,260.6867910643709,0.2187153272807968,64.29513888888917,0.0,143.72570893561652,0.0,199.59808463124372,497.85550817788436,153.88007249432312,65.0,30.069444444444443,0.9606481481481481,28.588039091671487,14.235062118290529,52.96844324669061
storage_tight,priority_rules,3,1217.8055354243315,2765.429239114129,44.03676355915151,743.0,85.86810228802153,63.52624495289368,22.34185733512786,0.0,0.0,12.24764468371467,1.8842530282637955,63.52624495289368,24.226110363391655,229.10416666666669,3.263618639643824,232.3677853063105,0.19080861315459893,78.39583333333336,0.0,185.74724640316714,0.0,183.81903366214755,481.8752619617641,106.09243677723117,69.23076923076923,26.666666666666668,1.0633680555555556,26.60558673622753,13.737194841224314,47.39303910745513
storage_tight,priority_rules,4,1117.545483140222,2872.986538398728,38.89838912239007,760.0,85.13157894736842,64.47368421052632,20.657894736842106,0.0,0.0,11.973684210526315,2.8947368421052633,64.34210526315789,23.289473684210527,252.83333333333334,3.3110665410409297,256.14439987437424,0.22920266220809826,79.99826388888853,0.0,162.52226679227857,0.0,213.7048652898032,545.5601245628845,153.9055633306426,76.0,29.479166666666668,1.0850694444444444,27.21300293992776,15.113720510808136,55.59598628138631
storage_tight,priority_rules,5,1219.68355543608,2823.63896570814,43.195449922904565,738.0,85.36585365853658,65.98915989159892,19.37669376693767,0.0,0.0,8.94308943089431,5.691056910569106,60.97560975609756,28.319783197831978,253.74305555555554,3.4784565349946224,257.22151209055016,0.21089200632748087,71.39583333333324,0.0,149.27848790943668,0.0,181.58661153558876,472.5830526140015,109.29122724630864,70.0,29.6875,0.9100115740740741,28.554849103801796,13.939631920663155,63.08553857654783
storage_tight,priority_rules,6,1229.7222830757762,3173.0538754351437,38.75516557080631,734.0,81.06267029972751,61.716621253406,19.346049046321525,0.0,0.0,10.762942779291553,8.174386920980927,64.30517711171662,22.3433242506812,265.1388888888889,3.4773686409786286,268.61625752986754,0.2184365211777782,73.47048611111123,0.0,141.1129091367857,0.0,206.838135833148,540.6904150959768,124.01194497052026,69.23076923076923,31.006944444444443,0.9751157407407407,31.018700400225285,15.613118206232134,60.95153969134276
storage_tight,priority_rules,7,1165.4485632803787,2799.5507101330863,41.62984292665215,742.0,85.57951482479784,64.01617250673854,21.5633423180593,0.0,0.0,12.264150943396226,2.1563342318059298,64.28571428571429,23.71967654986523,248.09722222222226,3.6236809910527974,251.72090321327505,0.21598628300227876,80.39583333333333,0.0,167.27909678671114,0.0,202.74094561957546,525.0215412455484,148.80962630238568,69.56521739130434,28.92361111111111,1.0706018518518519,30.244949382798858,16.013017872814288,55.01507698867031
storage_tight,priority_rules,8,1217.8938872336012,2669.009155986942,45.63093702776191,709.0,86.88293370944993,64.59802538787024,22.28490832157969,0.0,0.0,9.732016925246826,3.385049365303244,65.58533145275035,23.83638928067701,237.84722222222226,3.1387574857603893,240.98597970798264,0.19787108075184856,76.57465277777735,0.0,171.47235362533738,0.0,199.74218061228643,497.43560972275003,89.77272110087478,76.0,27.743055555555557,1.0011574074074074,26.27308163303727,14.91484364179684,61.43676316133547
storage_tight,priority_rules,9,1108.0177665564527,2619.62144577906,42.29686576821158,683.0,82.72327964860908,61.34699853587116,21.37628111273792,0.0,0.0,12.298682284040996,4.978038067349927,64.27525622254758,21.961932650073205,236.90972222222223,3.1156297351600983,240.02535195738233,0.21662590547021993,68.74479166666687,0.0,164.1732591537159,0.0,202.04457088722074,501.449267669804,100.43489917710093,68.18181818181819,27.67361111111111,0.9273726851851852,27.75341972231237,13.244435026494457,48.168535444120856
storage_tight,priority_rules,10,1270.1389860729853,3049.7191450513924,41.64773625577845,754.0,87.79840848806366,64.9867374005305,22.811671087533156,0.0,0.0,10.212201591511937,1.9893899204244032,66.9761273209549,22.94429708222812,259.4513888888889,3.8146308060424077,263.26601969493134,0.20727339494467217,79.6336805555552,0.0,155.40064697172147,0.0,217.4255951800881,555.2771825787014,120.66867775143092,71.42857142857143,30.27777777777778,1.0662615740740742,31.659606468444245,17.086330286257752,53.62009035333146
storage_tight,priority_rules,11,987.3580677052352,2695.5438346040655,36.62927143050015,749.0,83.5781041388518,63.15086782376502,20.427236315086784,0.0,0.0,11.615487316421897,4.806408544726302,60.88117489986649,26.56875834445928,240.13888888888889,3.2151465738360376,243.35403546272494,0.24646989113920484,80.39583333333333,0.0,174.97929787059468,0.0,220.0008873224919,537.2333970433209,205.94275046881498,54.166666666666664,28.020833333333332,0.9924768518518519,26.44518293230407,14.232714662864257,52.45562631787069
storage_tight,priority_rules,12,1127.822999114619,2720.0840553711027,41.46279953693377,716.0,85.89385474860335,64.24581005586592,21.64804469273743,0.0,0.0,8.659217877094973,5.446927374301676,62.98882681564246,26.536312849162012,242.86111111111114,3.5132678966810884,246.37437900779224,0.21845128109748146,65.0520833333336,0.0,155.98395432552977,0.0,198.10688520523487,507.8660946229829,140.42870133628074,73.07692307692308,28.368055555555557,0.9519675925925926,28.747532566714355,12.599785653189452,51.535591083205524
storage_tight,priority_rules,13,1345.8930189784576,2948.046341488098,45.65372667442824,783.0,88.12260536398468,67.94380587484035,20.178799489144318,0.0,0.0,10.600255427841635,1.277139208173691,62.57982120051086,26.81992337164751,272.0138888888889,4.428502254556026,276.4423911434449,0.20539700202417774,73.20763888888798,0.0,139.0996627072189,0.0,196.39387616228896,471.59820283775474,153.86708030305533,71.42857142857143,31.805555555555557,1.009837962962963,36.10028557674251,16.76556748001572,65.193814512623
storage_tight,priority_rules,14,1161.7336110665772,2614.4977210630345,44.43429427026715,711.0,85.93530239099859,63.85372714486638,22.081575246132207,0.0,0.0,10.40787623066104,3.6568213783403656,68.07313642756681,20.253164556962027,254.00694444444446,3.6408593582386617,257.64780380268314,0.22177872908931248,80.3854166666663,0.0,161.01886286396964,0.0,221.98146424794905,540.6693796526984,145.40354452604112,93.75,29.618055555555557,1.0865162037037037,29.913943969457534,16.722591189874755,53.70379674412786
storage_tight,priority_rules,15,1171.1691381135308,2871.5316123264615,40.785521325487736,773.0,84.86416558861578,63.26002587322122,21.604139715394567,0.0,0.0,8.796895213454075,6.338939197930142,62.22509702457956,26.778783958602848,247.7291666666667,3.0999228637660803,250.82908953043278,0.21416982514964283,65.1527777777778,0.0,157.72091046955472,0.0,179.3520071317882,461.02057307916886,129.13838973353927,87.09677419354838,28.88888888888889,1.0546875,25.42657167819068,12.70184547084757,45.20463247549307
storage_tight,priority_rules,16,1057.0260816912473,2606.9633013761813,40.546258596477266,742.0,80.86253369272237,59.02964959568733,21.83288409703504,0.0,0.0,11.185983827493262,7.951482479784366,62.53369272237197,22.776280323450134,220.28472222222223,3.2134638499053216,223.49818607212754,0.21144055945576032,73.0121527777779,0.0,186.49625837230434,0.0,197.59901468608308,490.9265664803226,131.59255981107117,74.07407407407408,25.625,1.048900462962963,28.660365324693853,13.096614334620446,50.68624701384406
storage_tight,priority_rules,17,1330.2763709039225,3292.2341112093236,40.40649376587855,769.0,85.30559167750324,64.36931079323797,20.93628088426528,0.0,0.0,11.31339401820546,3.3810143042912872,63.97919375812744,23.797139141742523,269.7222222222223,3.515983111813797,273.2382053340361,0.20539957809546808,77.4687499999997,0.0,144.92846133261648,0.0,228.9828899142182,537.5682793447919,132.13132615099937,78.37837837837837,31.52777777777778,1.0185185185185186,29.3351701180361,17.736129556533317,49.29131060609323
storage_tight,priority_rules,18,1090.8804458004693,3068.3884087204506,35.5522280914683,763.0,83.7483617300131,63.040629095674966,20.70773263433814,0.0,0.0,11.402359108781127,4.849279161205767,62.90956749672346,24.246395806028833,253.37500000000006,3.5237515467630294,256.8987515467631,0.2354967059275274,66.26388888888867,0.0,156.4262484532253,0.0,226.7571819386151,518.0411834976677,188.78926310824627,70.96774193548387,29.583333333333332,1.015625,29.486089833913713,17.017392208716707,51.459018220545474
storage_tight,priority_rules,19,1113.2374590982006,2864.1710844587165,38.86770120467804,752.0,83.6436170212766,61.037234042553195,22.606382978723403,0.0,0.0,10.372340425531915,5.98404255319149,63.56382978723404,24.20212765957447,255.67361111111114,3.831001224999165,259.5046123361103,0.23310804915451463,68.26909722222243,0.0,142.77872099721026,0.0,209.98548991354295,541.5061876809093,153.09819429265372,66.66666666666667,29.86111111111111,1.0083912037037037,34.108929143775384,15.439713865033541,45.39041248423303
storage_tight,process_all,0,1110.4687311264513,2781.0729689275527,39.929507191415915,750.0,87.33333333333333,67.06666666666666,20.266666666666666,0.0,0.0,10.533333333333333,2.1333333333333333,62.4,27.2,230.75694444444446,3.193419747541679,233.95036419198613,0.21067712906663172,80.39583333333333,0.0,184.71630247466692,0.0,214.78834950159333,486.2078373388013,180.9497843558342,70.37037037037037,26.875,1.0431134259259258,26.496522289919046,14.4231177465134,39.653365922504115
storage_tight,process_all,1,1167.2019317332647,3001.6817517051036,38.88493279043444,759.0,82.74044795783927,61.133069828722,21.607378129117258,0.0,0.0,13.306982872200264,3.952569169960474,63.768115942028984,22.266139657444004,255.54166666666669,3.3739011601988844,258.9155678268656,0.2218258561673066,76.61284722222163,0.0,160.0594321731205,0.0,209.95091218580023,526.4216848970755,156.93175811351696,60.714285714285715,29.86111111111111,0.9809027777777778,27.756042451361946,16.417363839497987,51.63443839687766
storage_tight,process_all,2,1185.4945625514642,2830.6558953221897,41.880560774291126,756.0,82.27513227513228,61.77248677248677,20.502645502645503,0.0,0.0,11.507936507936508,6.216931216931217,61.904761904761905,24.33862433862434,257.19444444444446,3.492346619926413,260.6867910643709,0.2198970786532427,64.2690972222225,0.0,143.7257089356165,0.0,188.259080333292,464.1770319878214,155.45051659592397,65.0,30.069444444444443,0.9606481481481481,28.588039091671487,14.231797209995793,51.50147599831416
storage_tight,process_all,3,1212.7520547262886,2765.429239114129,43.85402589851761,743.0,85.86810228802153,63.52624495289368,22.34185733512786,0.0,0.0,12.24764468371467,1.8842530282637955,63.52624495289368,24.226110363391655,229.10416666666669,3.263618639643824,232.3677853063105,0.19160370365957008,78.39583333333336,0.0,185.74724640316714,0.0,184.0994195420177,478.9347618242755,107.77791961723352,69.23076923076923,26.666666666666668,1.0633680555555556,26.60558673622753,13.747828911565719,47.39303910745514
storage_tight,process_all,4,1112.8584367714318,2872.986538398728,38.73524716867237,760.0,85.0,64.34210526315789,20.657894736842106,0.0,0.0,12.105263157894736,2.8947368421052633,64.34210526315789,23.157894736842106,252.83333333333334,3.310608404988228,256.1439417383216,0.23016758760569164,79.99826388888853,0.0,162.5227249283313,0.0,213.69035147829285,541.3972567986075,155.80913551578658,76.0,29.479166666666668,1.0850694444444444,27.2092376100576,15.103210986937668,55.59598628138633
storage_tight,process_all,5,1212.239964612354,2823.63896570814,42.9318329763287,738.0,85.23035230352303,65.85365853658537,19.37669376693767,0.0,0.0,9.07859078590786,5.691056910569106,60.97560975609756,28.18428184281843,253.74305555555554,3.4778739841162336,257.2209295396718,0.21218647879005129,71.39583333333324,0.0,149.27907046031507,0.0,181.59179086704944,470.06703232624324,111.60962903999253,70.0,29.6875,0.9100115740740741,28.550066910245455,13.944069535336318,63.08553857654783
storage_tight,process_all,6,1221.7998307134978,3173.0538754351437,38.50548647069359,734.0,80.79019073569482,61.444141689373296,19.346049046321525,0.0,0.0,11.035422343324251,8.174386920980927,64.30517711171662,22.070844686648503,265.1388888888889,3.4763217056534934,268.6152105945424,0.21985206074032473,73.47048611111123,0.0,141.11395607211085,0.0,206.51998705350005,537.0484360700408,127.37026865827566,69.23076923076923,31.006944444444443,0.9751157407407407,31.009361564875444,15.617424224125207,56.721748187665476
storage_tight,process_all,7,1160.4004609652873,2799.5507101330863,41.449524624260995,742.0,85.3099730458221,63.746630727762806,21.5633423180593,0.0,0.0,12.533692722371967,2.1563342318059298,64.42048517520216,23.315363881401616,248.97222222222226,3.4587317454720425,252.4309539676943,0.21753779187377076,80.39583333333333,0.0,166.5690460322919,0.0,202.2991610251139,522.1529883996759,150.89128441761585,69.56521739130434,29.02777777777778,1.0706018518518519,28.86820523902936,16.009343599494493,55.01507698867032
storage_tight,process_all,8,1208.0327134622335,2669.009155986942,45.26146756568653,709.0,86.60084626234132,64.31593794076164,22.28490832157969,0.0,0.0,10.01410437235543,3.385049365303244,65.58533145275035,23.554301833568406,237.84722222222226,3.1376369849263406,240.9848592071486,0.1994853752896175,76.57465277777735,0.0,171.47347412617148,0.0,200.67034949321405,499.5808145585228,92.43694279313651,76.0,27.743055555555557,1.0011574074074074,26.263702440787974,14.909527890158854,57.292074740404196
storage_tight,process_all,9,1101.1016616501556,2619.62144577906,42.032854152432485,683.0,82.57686676427525,61.20058565153734,21.37628111273792,0.0,0.0,12.298682284040996,5.124450951683748,64.27525622254758,21.961932650073205,236.90972222222223,3.1140340558154156,240.02375627803764,0.21798510041146274,68.74479166666687,0.0,164.17485483306058,0.0,202.73405246958356,500.186074090625,102.5214750691534,68.18181818181819,27.67361111111111,0.9273726851851852,27.73920572310206,13.241895831296436,48.88088725820598
storage_tight,process_all,10,1226.574586930765,3049.7191450513924,40.21926376142074,754.0,87.79840848806366,64.85411140583554,22.94429708222812,0.0,0.0,10.212201591511937,1.9893899204244032,67.10875331564986,22.811671087533156,260.3263888888889,3.622640294480691,263.9490291833696,0.21519199239554146,79.6336805555552,0.0,154.71763748328317,0.0,221.24963096173698,541.6048458788966,151.02130602611876,71.42857142857143,30.381944444444443,1.0662615740740742,30.066177287279153,17.07943680245063,53.620090353331484
storage_tight,process_all,11,984.6922521153866,2695.5438346040655,36.53037429680764,749.0,83.31108144192257,62.750333778371164,20.560747663551403,0.0,0.0,11.882510013351135,4.806408544726302,61.01468624833111,26.16822429906542,241.01388888888889,3.0599989349227688,244.07388782381165,0.24786819160958623,80.39583333333333,0.0,174.25944550950788,0.0,220.14775686791944,535.2460527977827,207.55964084609474,54.166666666666664,28.125,0.9924768518518519,25.16906453510104,14.238319520228364,52.45562631787069
storage_tight,process_all,12,1108.0054931244442,2720.0840553711027,40.73423727243158,716.0,85.89385474860335,64.10614525139665,21.787709497206706,0.0,0.0,8.659217877094973,5.446927374301676,63.40782122905028,26.11731843575419,245.48611111111114,3.0393278048679613,248.5254389159791,0.22429982564000364,65.02604166666693,0.0,153.83289441734286,0.0,193.14386966468953,468.6350917092422,142.03048406171058,73.07692307692308,28.680555555555557,0.9519675925925926,24.869488356951607,13.012925180528217,51.523297048922544
storage_tight,process_all,13,1331.958097171561,2948.046341488098,45.181043405824575,783.0,88.12260536398468,67.816091954023,20.306513409961685,0.0,0.0,10.600255427841635,1.277139208173691,62.96296296296296,26.436781609195403,274.6388888888889,3.9824618522193416,278.62135074110824,0.20918176880546477,73.20763888888798,0.0,136.92070310955552,0.0,193.64281895508066,468.6916409332151,155.69626747020848,71.42857142857143,32.11805555555556,1.009837962962963,32.464251320114634,16.866064479964486,68.8191203701809
storage_tight,process_all,14,1157.472635241136,2614.4977210630345,44.27131934047036,711.0,85.93530239099859,63.71308016877637,22.22222222222222,0.0,0.0,10.40787623066104,3.6568213783403656,68.21378340365682,20.112517580872012,254.88194444444446,3.4671818398131347,258.3491262842576,0.223201066200961,80.3854166666663,0.0,160.31754038239515,0.0,222.49656962205535,536.8655044098584,147.0374808296163,93.75,29.72222222222222,1.0865162037037037,28.48697878246689,16.715547461939,49.50935404530845
storage_tight,process_all,15,1148.3646244264621,2871.5316123264615,39.99136277995137,773.0,84.73479948253558,63.13065976714101,21.604139715394567,0.0,0.0,8.926261319534282,6.338939197930142,62.35446313065977,26.64941785252264,248.6041666666667,2.980843864957326,251.58501053162405,0.21908112212815278,65.12673611111113,0.0,156.96498946836348,0.0,180.06046585924037,459.04932188559286,135.79857841812245,83.87096774193549,28.993055555555557,1.0546875,24.449847149342393,12.704011462242958,45.20463247549307
storage_tight,process_all,16,1049.0218914559487,2606.9633013761813,40.23922741460088,742.0,80.45822102425876,58.35579514824798,22.10242587601078,0.0,0.0,11.455525606469003,8.086253369272237,62.80323450134771,22.237196765498652,222.03472222222223,2.8384246239689537,224.8731468461912,0.2143645892213816,73.0121527777779,0.0,185.1212975982407,0.0,198.2225232941374,489.88829494214076,133.57531677955336,74.07407407407408,25.833333333333332,1.048900462962963,25.315451011516377,13.107040838944977,47.59675993180375
storage_tight,process_all,17,1316.6487436001453,3292.2341112093236,39.992561255508825,769.0,85.17555266579974,64.23927178153446,20.93628088426528,0.0,0.0,11.443433029908972,3.3810143042912872,63.97919375812744,23.66710013003901,269.7222222222223,3.515319828827079,273.2375420510494,0.20752500876120475,77.4687499999997,0.0,144.92912461560323,0.0,229.16235637794614,534.8294671278877,135.08407074117434,78.37837837837837,31.52777777777778,1.0185185185185186,29.329636098493634,17.73832270033118,49.291310606093205
storage_tight,process_all,18,1086.5756891864964,3068.3884087204506,35.411934359366505,763.0,83.35517693315859,62.51638269986894,20.838794233289647,0.0,0.0,11.795543905635649,4.849279161205767,63.040629095674966,23.722149410222805,254.25000000000006,3.382977134754485,257.6329771347545,0.23710541262674542,66.26388888888867,0.0,155.69202286523387,0.0,226.77039056582103,515.1922407518045,191.2752025208607,70.96774193548387,29.6875,1.015625,28.3081160455479,17.012727176376252,51.459018220545474
storage_tight,process_all,19,1095.1537930028271,2864.1710844587165,38.23632599830516,752.0,83.6436170212766,60.90425531914894,22.73936170212766,0.0,0.0,10.372340425531915,5.98404255319149,63.829787234042556,23.93617021276596,258.88194444444446,3.299914324297558,262.181858768742,0.23940186341304595,68.26909722222243,0.0,140.1014745645785,0.0,210.9288115803991,539.1508413308883,160.13763934256193,66.66666666666667,30.243055555555557,1.0083912037037037,29.38045102505007,15.525776658764897,45.390412484233025
storage_tight,value_aware,0,1179.0627077145207,2781.0729689275527,42.39596446723924,750.0,80.26666666666667,66.0,14.266666666666667,18.266666666666666,0.0,0.0,1.4666666666666666,32.53333333333333,47.733333333333334,150.36111111111114,11.717366778001455,162.0784778891126,0.13746383193077436,80.39583333333333,0.0,256.58818877754084,0.0,220.26247455379996,550.5655588182959,154.7937024741616,70.37037037037037,17.708333333333332,0.33564814814814814,97.22162902370553,62.887984999611966,94.07363621512346
storage_tight,value_aware,1,1177.8543633815723,3001.6817517051036,39.23981490417806,759.0,76.15283267457181,62.714097496706195,13.438735177865613,21.080368906455863,0.2635046113306983,0.0,2.503293807641634,29.512516469038207,47.56258234519104,154.03472222222223,12.006493357956264,166.0412155801785,0.14096922399088532,80.39583333333333,0.0,252.933784419808,0.0,233.133663908718,560.4198385023849,143.07164702919235,57.142857142857146,18.229166666666668,0.18952546296296297,98.77371135430201,69.75873225256736,93.84225118917475
storage_tight,value_aware,2,1186.6885669646952,2830.6558953221897,41.9227419668269,756.0,75.13227513227513,61.904761904761905,13.227513227513228,21.296296296296298,0.26455026455026454,0.0,3.306878306878307,29.232804232804234,46.6931216931217,155.47916666666669,12.042237907171359,167.52140457383805,0.14116711767294032,64.52083333333363,0.0,235.62026209281626,0.0,212.3064131323685,547.4544225165454,153.88203476958947,65.0,18.40277777777778,0.18663194444444445,98.57668940337803,65.95726039464031,94.09672025774809
storage_tight,value_aware,3,1225.7275226114698,2765.429239114129,44.32322857062567,743.0,79.54239569313593,65.41049798115748,14.131897711978466,18.842530282637956,0.2691790040376851,0.0,1.3458950201884252,28.532974427994617,51.00942126514132,133.5625,12.266666666666342,145.82916666666634,0.11897355976471058,78.39583333333336,0.0,269.42083333332073,0.0,211.37223084508787,515.72924532727,106.0931176325247,69.23076923076923,15.76388888888889,0.2387152777777778,100.0,68.06882015347185,93.73243604933458
storage_tight,value_aware,4,1144.199758696271,2872.986538398728,39.82614409791129,760.0,79.07894736842105,66.84210526315789,12.236842105263158,18.157894736842106,0.39473684210526316,0.0,2.3684210526315788,28.55263157894737,50.6578947368421,161.1180555555556,11.968928220446735,173.08698377600234,0.15127339650309127,78.20816450140673,0.0,245.57968289065093,0.0,237.91419907932902,582.9324248244183,153.90674551843014,76.0,19.0625,0.20688657407407407,98.3702607040947,66.44701421243742,93.91429066985178
storage_tight,value_aware,5,1183.2373415713466,2823.63896570814,41.90469659688248,738.0,77.50677506775068,65.31165311653116,12.195121951219512,18.29268292682927,0.6775067750677507,0.0,3.5230352303523036,27.642276422764226,51.0840108401084,144.3125,12.052450319463926,156.36495031946393,0.13215011462688483,72.64583333333321,0.0,250.38504968052334,0.0,203.11543877645556,508.11861537471526,109.29251000799518,70.0,17.083333333333332,0.16927083333333334,98.93925559828571,63.12351439982829,93.03933278187091
storage_tight,value_aware,6,1164.5102003896457,3173.0538754351437,36.69998197650987,734.0,72.0708446866485,60.35422343324251,11.716621253405995,22.47956403269755,0.8174386920980926,0.0,4.632152588555858,27.6566757493188,45.095367847411445,148.09722222222223,10.97432144476495,159.07154366698717,0.13659952795068842,73.58333333333346,0.0,249.51178966633358,0.0,229.37592108484213,571.8388396152991,124.0116786375889,69.23076923076923,17.53472222222222,0.16782407407407407,97.89275286474394,69.18595051947959,94.11593372967856
storage_tight,value_aware,7,1140.083781899404,2799.5507101330863,40.72381249508447,742.0,78.4366576819407,64.6900269541779,13.746630727762803,19.137466307277627,0.5390835579514824,0.0,1.8867924528301887,28.30188679245283,50.13477088948787,155.89583333333334,11.47175094797033,167.36758428130366,0.14680288145355921,80.39583333333333,0.0,251.63241571868292,0.0,223.13890323362412,553.8707382623222,148.8416807926298,69.56521739130434,18.4375,0.2126736111111111,95.74864001829077,67.85088681088041,93.9029085533598
storage_tight,value_aware,8,1217.6528665578694,2669.009155986942,45.621906684977546,709.0,78.98448519040903,65.16220028208745,13.82228490832158,18.194640338504936,0.4231311706629055,0.0,2.397743300423131,28.913963328631876,50.07052186177715,138.65277777777777,11.820561011785003,150.47333878956277,0.12357654872108945,78.48928222623879,0.0,261.92666121042413,0.0,224.83445810252118,551.5140388550917,89.7992495798297,76.0,16.38888888888889,0.20543981481481483,98.94442811203324,64.78686092227106,93.71203939421353
storage_tight,value_aware,9,1132.0967232758856,2619.62144577906,43.21604272632631,683.0,75.84187408491947,62.51830161054173,13.323572474377745,20.497803806734993,0.29282576866764276,0.0,3.3674963396778916,29.428989751098097,46.559297218155194,145.79861111111114,11.176872437776415,156.97548354888755,0.1386590741952298,68.77083333333354,0.0,247.0495164511001,0.0,227.32355560136753,526.0610029792699,100.43526171608383,68.18181818181819,17.256944444444443,0.17505787037037038,99.56139153756467,62.98738886890252,94.11231036388543
storage_tight,value_aware,10,1292.7090429849272,3049.7191450513924,42.38780627004731,754.0,79.973474801061,63.39522546419098,16.578249336870027,18.70026525198939,0.13262599469496023,0.0,1.193633952254642,37.79840848806366,42.175066312997345,168.19444444444446,11.942232681735454,180.1366771261799,0.13934819912007088,78.68749999999963,0.0,238.52998954047342,0.0,230.7828459214006,585.7164015158407,120.66935141636773,71.42857142857143,19.791666666666668,0.4050925925925926,99.11480462524602,66.05953586502014,93.76631979513083
storage_tight,value_aware,11,982.2576745567408,2695.5438346040655,36.44005569291807,749.0,77.30307076101468,63.951935914552735,13.35113484646195,19.759679572763684,0.26702269692923897,0.0,2.67022696929239,26.83578104138852,51.134846461949266,138.08333333333334,11.819210710171642,149.90254404350497,0.15261020394791097,80.39583333333333,0.0,268.43078928981527,0.0,242.15677162506523,573.0990481418587,205.98687682140823,54.166666666666664,16.319444444444443,0.20833333333333334,97.21522243790436,67.73023762407672,93.91830978574022
storage_tight,value_aware,12,1142.054122332611,2720.0840553711027,41.98598642852601,716.0,77.09497206703911,62.29050279329609,14.804469273743017,19.83240223463687,0.13966480446927373,0.0,2.9329608938547485,29.189944134078214,48.46368715083799,154.31944444444446,11.727571629393225,166.04701607383768,0.14539329864217965,65.2083333333336,0.0,235.8529839261501,0.0,208.92367904477533,508.18422670930266,140.42968201165743,73.07692307692308,18.26388888888889,0.1880787037037037,95.96158256617582,65.41929420595035,94.12095098611645
storage_tight,value_aware,13,1288.0445306065335,2948.046341488098,43.69146144277914,783.0,80.33205619412516,66.41123882503193,13.920817369093232,17.879948914431672,0.7662835249042146,0.0,1.0217113665389528,30.65134099616858,49.68071519795658,180.52083333333334,12.267222222222738,192.78805555555607,0.14967499257558523,77.81250000000004,0.0,220.79527777776354,0.0,211.4923011391866,513.4060614569254,153.90169347787273,71.42857142857143,21.354166666666668,0.2387152777777778,100.0,66.67802142203665,94.12762315537462
storage_tight,value_aware,14,1167.1046828046588,2614.4977210630345,44.63972844199394,711.0,78.76230661040788,65.40084388185655,13.361462728551336,18.846694796061886,0.14064697609001406,0.0,2.250351617440225,32.48945147679325,46.69479606188467,162.22222222222223,11.751540904143633,173.97376312636587,0.14906440329610457,79.72916666666629,0.0,244.69290354028735,0.0,247.20730846923738,562.7601513423277,145.40599582193127,93.75,19.166666666666668,0.25462962962962965,96.552737025086,68.74933664525088,93.851465812945
storage_tight,value_aware,15,1162.4750427166612,2871.5316123264615,40.48275274862273,773.0,78.26649417852522,64.8124191461837,13.454075032341526,17.076326002587322,0.258732212160414,0.0,4.3984476067270375,26.520051746442434,52.39327296248383,147.86805555555557,12.128161517836936,159.9962170733925,0.13763410928761727,73.31249999999984,0.0,247.30378292659464,0.0,202.0831792665452,504.39011372357686,130.2708403600365,87.09677419354838,17.5,0.1808449074074074,99.47911019415123,65.2177248297197,93.67623056985977
storage_tight,value_aware,16,1041.8618986422941,2606.9633013761813,39.964578638000354,742.0,73.58490566037736,60.64690026954178,12.93800539083558,22.237196765498652,0.2695417789757412,0.0,3.908355795148248,26.684636118598384,47.7088948787062,135.11111111111111,10.877744934719788,145.98885604583091,0.1401230395660661,73.12500000000013,0.0,264.06114395415676,0.0,225.6496500596789,547.6254772780208,131.6686456882562,74.07407407407408,15.972222222222221,0.19675925925925927,97.0168510677637,64.10982508738974,92.54624866966326
storage_tight,value_aware,17,1332.5802523994053,3292.2341112093236,40.47647303884819,769.0,79.9739921976593,66.05981794538361,13.914174252275682,17.685305591677505,0.0,0.0,2.340702210663199,31.98959687906372,47.98439531859558,175.66666666666669,11.79161234238282,187.4582790090495,0.14067316296449506,78.51041666666632,0.0,230.70838765760362,0.0,253.39359549816365,571.6017132644183,132.16806398152016,78.37837837837837,20.76388888888889,0.2604166666666667,98.38185879433574,69.74559384539494,93.98110026440094
storage_tight,value_aware,18,1121.9348016155743,3068.3884087204506,36.56430191259367,763.0,75.49148099606815,63.040629095674966,12.450851900393184,21.887287024901703,0.0,0.0,2.6212319790301444,29.61992136304063,46.26474442988204,165.78472222222223,11.870205223403037,177.65492744562528,0.15834692638984374,79.6409722222205,0.0,235.6284058876946,0.0,248.37993759987486,553.7395150503527,188.81295170594615,70.96774193548387,19.618055555555557,0.20688657407407407,99.32764354109312,68.5812089903045,93.9422320073373
storage_tight,value_aware,19,1082.7408239463018,2864.1710844587165,37.80293816320413,752.0,76.99468085106383,61.702127659574465,15.292553191489361,19.414893617021278,0.26595744680851063,0.0,3.324468085106383,30.18617021276596,47.340425531914896,160.36805555555557,10.898774644547716,171.2668302001033,0.1581789717467947,68.31250000000021,0.0,230.84983646655076,0.0,238.56449125963317,572.129222052394,158.15724903396747,66.66666666666667,18.958333333333332,0.23292824074074073,97.03612979265877,70.90201471107089,94.06883965763735
